VendorID,tpep_pickup_datetime,tpep_dropoff_datetime,passenger_count,trip_distance,RatecodeID,store_and_fwd_flag,PULocationID,DOLocationID,payment_type,fare_amount,extra,mta_tax,tip_amount,tolls_amount,improvement_surcharge,total_amount,congestion_surcharge,Airport_fee,cbd_congestion_fee
2,2025-01-13 16:43:22,2025-01-13 16:50:43,1.0,1.64,1.0,N,249,107,1,10.0,2.5,0.5,1.72,0.0,1.0,18.97,2.5,0.0,0.75
2,2025-01-19 18:58:37,2025-01-19 19:05:49,1.0,1.35,1.0,N,229,137,1,9.3,0.0,0.5,2.81,0.0,1.0,16.86,2.5,0.0,0.75
2,2025-01-01 02:32:20,2025-01-01 02:46:23,1.0,3.36,1.0,N,234,236,1,16.3,1.0,0.5,2.0,0.0,1.0,23.3,2.5,0.0,0.0
2,2025-01-13 23:05:59,2025-01-13 23:13:16,1.0,1.37,1.0,N,162,164,1,9.3,1.0,0.5,3.01,0.0,1.0,18.06,2.5,0.0,0.75
2,2025-01-03 19:32:46,2025-01-03 19:34:30,2.0,0.37,1.0,N,141,229,4,4.4,2.5,0.5,0.0,0.0,1.0,10.9,2.5,0.0,0.0
2,2025-01-23 16:13:16,2025-01-23 16:55:44,1.0,15.83,2.0,N,132,233,2,70.0,5.0,0.5,0.0,6.94,1.0,88.44,2.5,1.75,0.75
2,2025-01-23 20:26:53,2025-01-23 20:58:33,2.0,7.25,1.0,N,68,152,1,38.0,1.0,0.5,8.75,0.0,1.0,52.5,2.5,0.0,0.75
1,2025-01-22 20:14:42,2025-01-22 20:30:43,1.0,2.9,1.0,N,166,263,1,15.6,3.5,0.5,2.0,0.0,1.0,22.6,2.5,0.0,0.0
2,2025-01-25 23:50:48,2025-01-26 00:00:59,1.0,1.21,1.0,N,48,68,1,10.7,1.0,0.5,0.0,0.0,1.0,16.45,2.5,0.0,0.75
2,2025-01-04 23:08:08,2025-01-04 23:20:56,1.0,2.7,1.0,N,186,143,1,14.9,1.0,0.5,3.98,0.0,1.0,23.88,2.5,0.0,0.0
2,2025-01-19 13:04:54,2025-01-19 13:12:01,1.0,1.56,1.0,N,249,246,1,9.3,0.0,0.5,2.81,0.0,1.0,16.86,2.5,0.0,0.75
2,2025-01-15 01:05:12,2025-01-15 01:15:45,1.0,2.47,1.0,N,107,50,1,13.5,1.0,0.5,3.85,0.0,1.0,23.1,2.5,0.0,0.75
1,2025-01-22 19:08:16,2025-01-22 19:13:35,1.0,0.5,1.0,N,140,140,1,5.8,5.0,0.5,3.7,0.0,1.0,16.0,2.5,0.0,0.0
2,2025-01-22 15:35:21,2025-01-22 15:52:22,1.0,2.39,1.0,N,161,262,1,16.3,0.0,0.5,4.21,0.0,1.0,25.26,2.5,0.0,0.75
2,2025-01-02 12:16:14,2025-01-02 12:36:08,1.0,1.43,1.0,N,261,144,1,17.7,0.0,0.5,4.34,0.0,1.0,26.04,2.5,0.0,0.0
1,2025-01-31 09:52:26,2025-01-31 10:07:01,1.0,2.7,1.0,N,13,90,1,14.9,3.25,0.5,3.95,0.0,1.0,23.6,2.5,0.0,0.75
2,2025-01-30 13:28:22,2025-01-30 13:35:29,1.0,0.86,1.0,N,170,162,1,7.9,0.0,0.5,2.53,0.0,1.0,15.18,2.5,0.0,0.75
2,2025-01-17 14:57:30,2025-01-17 15:05:13,1.0,0.7,1.0,N,211,144,1,7.9,0.0,0.5,2.53,0.0,1.0,15.18,2.5,0.0,0.75
2,2025-01-27 22:28:57,2025-01-27 22:39:09,1.0,1.53,1.0,N,142,141,1,11.4,1.0,0.5,3.43,0.0,1.0,20.58,2.5,0.0,0.75
1,2025-01-07 14:22:31,2025-01-07 14:32:39,1.0,4.8,1.0,N,87,162,1,21.2,3.25,0.5,5.15,0.0,1.0,31.1,2.5,0.0,0.75
2,2025-01-17 15:33:47,2025-01-17 15:40:31,,1.13,,,81,254,0,7.21,0.0,0.5,0.0,0.0,1.0,8.71,,,0.0
2,2025-01-09 06:53:27,2025-01-09 07:09:08,,2.53,,,226,129,0,15.11,0.0,0.5,0.0,0.0,1.0,16.61,,,0.0
1,2025-01-30 17:10:46,2025-01-30 17:47:11,1.0,4.6,1.0,N,90,236,1,32.4,5.75,0.5,7.9,0.0,1.0,47.55,2.5,0.0,0.75
2,2025-01-28 16:04:39,2025-01-28 16:46:37,1.0,12.94,1.0,N,70,113,1,56.2,7.5,0.5,16.0,6.94,1.0,93.14,2.5,1.75,0.75
2,2025-01-16 21:38:11,2025-01-16 21:47:53,,1.44,,,230,229,0,12.83,0.0,0.5,0.0,0.0,1.0,17.58,,,0.75
1,2025-01-30 21:55:39,2025-01-30 22:15:03,1.0,3.2,1.0,N,48,148,1,17.7,4.25,0.5,2.0,0.0,1.0,25.45,2.5,0.0,0.75
2,2025-01-25 22:40:32,2025-01-25 22:46:46,2.0,0.85,1.0,N,249,90,1,7.9,1.0,0.5,2.73,0.0,1.0,16.38,2.5,0.0,0.75
2,2025-01-07 06:25:01,2025-01-07 07:30:06,1.0,18.39,1.0,N,132,61,1,76.5,0.0,0.5,11.96,0.0,1.0,91.71,0.0,1.75,0.0
2,2025-01-31 13:58:15,2025-01-31 14:08:23,1.0,1.09,1.0,N,90,48,1,10.7,0.0,0.5,3.09,0.0,1.0,18.54,2.5,0.0,0.75
2,2025-01-01 13:30:00,2025-01-01 13:48:10,1.0,5.74,1.0,N,230,12,1,27.5,0.0,0.5,0.0,0.0,1.0,31.5,2.5,0.0,0.0
2,2025-01-15 14:59:40,2025-01-15 15:45:40,1.0,11.54,1.0,N,132,188,1,56.2,0.0,0.5,12.0,0.0,1.0,74.7,2.5,1.75,0.75
2,2025-01-22 20:25:23,2025-01-22 20:28:48,1.0,0.56,1.0,N,234,113,1,5.8,1.0,0.5,2.31,0.0,1.0,13.86,2.5,0.0,0.75
1,2025-01-21 07:18:48,2025-01-21 07:30:31,0.0,2.8,1.0,N,107,140,1,14.2,3.25,0.5,3.75,0.0,1.0,22.7,2.5,0.0,0.75
2,2025-01-21 08:16:37,2025-01-21 08:37:04,1.0,2.73,1.0,N,236,233,1,19.8,0.0,0.5,6.14,0.0,1.0,30.69,2.5,0.0,0.75
2,2025-01-21 19:26:46,2025-01-21 19:31:16,1.0,0.86,1.0,N,163,229,1,6.5,2.5,0.5,2.75,0.0,1.0,16.5,2.5,0.0,0.75
2,2025-01-18 16:34:49,2025-01-18 17:28:28,1.0,10.57,1.0,N,132,36,1,52.7,0.0,0.5,8.0,0.0,1.0,63.95,0.0,1.75,0.0
2,2025-01-21 17:51:31,2025-01-21 18:00:52,1.0,2.21,1.0,N,68,143,1,12.1,2.5,0.5,3.87,0.0,1.0,23.22,2.5,0.0,0.75
2,2025-01-21 11:58:17,2025-01-21 12:03:57,1.0,0.7,1.0,N,143,142,1,7.2,0.0,0.5,1.0,0.0,1.0,12.2,2.5,0.0,0.0
2,2025-01-25 20:59:36,2025-01-25 21:44:24,1.0,19.11,1.0,N,132,133,1,75.1,1.0,0.5,15.52,0.0,1.0,94.87,0.0,1.75,0.0
1,2025-01-15 15:54:59,2025-01-15 16:06:57,1.0,1.4,1.0,N,79,231,1,10.7,3.25,0.5,4.65,0.0,1.0,20.1,2.5,0.0,0.75
2,2025-01-09 19:37:14,2025-01-09 19:39:47,2.0,0.73,1.0,N,237,236,1,5.1,2.5,0.5,2.32,0.0,1.0,13.92,2.5,0.0,0.0
1,2025-01-20 02:41:44,2025-01-20 02:51:07,1.0,1.6,1.0,N,125,87,1,10.0,4.25,0.5,1.0,0.0,1.0,16.75,2.5,0.0,0.75
1,2025-01-11 13:50:00,2025-01-11 14:02:45,1.0,1.0,1.0,N,158,114,2,10.7,3.25,0.5,0.0,0.0,1.0,15.45,2.5,0.0,0.75
2,2025-01-24 22:34:10,2025-01-24 22:41:58,2.0,0.85,1.0,N,186,137,1,8.6,1.0,0.5,4.3,0.0,1.0,18.65,2.5,0.0,0.75
1,2025-01-30 12:54:00,2025-01-30 13:07:26,1.0,3.1,1.0,N,231,68,1,15.6,3.25,0.5,4.05,0.0,1.0,24.4,2.5,0.0,0.75
2,2025-01-15 11:26:40,2025-01-15 11:33:42,1.0,1.29,1.0,N,236,239,1,9.3,0.0,0.5,1.33,0.0,1.0,14.63,2.5,0.0,0.0
1,2025-01-24 16:16:46,2025-01-24 16:24:40,1.0,0.4,1.0,N,237,163,2,6.5,5.75,0.5,0.0,0.0,1.0,13.75,2.5,0.0,0.75
2,2025-01-01 00:22:54,2025-01-01 00:30:28,1.0,1.03,1.0,N,79,114,1,9.3,1.0,0.5,2.86,0.0,1.0,17.16,2.5,0.0,0.0
2,2025-01-06 13:58:52,2025-01-06 14:02:51,1.0,0.54,1.0,N,262,141,2,5.8,0.0,0.5,0.0,0.0,1.0,9.8,2.5,0.0,0.0
2,2025-01-08 15:24:00,2025-01-08 15:36:36,1.0,1.28,1.0,N,140,262,2,12.1,0.0,0.5,0.0,0.0,1.0,16.85,2.5,0.0,0.75
2,2025-01-01 01:07:48,2025-01-01 01:27:56,2.0,1.33,1.0,N,161,141,1,17.0,1.0,0.5,0.0,0.0,1.0,22.0,2.5,0.0,0.0
2,2025-01-16 17:47:34,2025-01-16 17:59:45,,1.81,,,239,143,0,13.69,0.0,0.5,0.0,0.0,1.0,17.69,,,0.0
2,2025-01-25 18:48:19,2025-01-25 19:04:53,1.0,0.95,1.0,N,162,164,1,14.9,0.0,0.5,3.93,0.0,1.0,23.58,2.5,0.0,0.75
1,2025-01-30 16:33:44,2025-01-30 16:40:26,1.0,0.8,1.0,N,237,142,2,7.9,5.75,0.5,0.0,0.0,1.0,15.15,2.5,0.0,0.75
1,2025-01-10 15:14:08,2025-01-10 15:20:14,1.0,0.0,1.0,N,237,43,1,7.2,2.5,0.5,2.75,0.0,1.0,13.95,2.5,0.0,0.0
1,2025-01-05 06:20:41,2025-01-05 06:43:20,1.0,8.2,1.0,N,262,244,1,33.8,2.5,0.5,7.55,0.0,1.0,45.35,2.5,0.0,0.0
2,2025-01-12 21:45:16,2025-01-12 22:11:26,1.0,9.79,1.0,N,132,61,1,41.5,1.0,0.5,0.0,0.0,1.0,45.75,0.0,1.75,0.0
1,2025-01-12 15:06:09,2025-01-12 15:23:18,1.0,2.1,1.0,N,186,107,2,16.3,3.25,0.5,0.0,0.0,1.0,21.05,2.5,0.0,0.75
2,2025-01-13 13:53:55,2025-01-13 14:06:27,1.0,1.36,1.0,N,237,230,1,12.1,0.0,0.5,4.21,0.0,1.0,21.06,2.5,0.0,0.75
2,2025-01-21 17:35:33,2025-01-21 17:46:38,1.0,1.67,1.0,N,246,163,1,11.4,2.5,0.5,2.0,0.0,1.0,20.65,2.5,0.0,0.75
2,2025-01-28 15:02:49,2025-01-28 15:11:19,1.0,1.47,1.0,N,90,125,1,10.0,0.0,0.5,2.21,0.0,1.0,16.96,2.5,0.0,0.75
2,2025-01-23 07:55:20,2025-01-23 08:54:34,2.0,18.81,2.0,N,132,262,1,70.0,0.0,0.5,16.19,6.94,1.0,98.88,2.5,1.75,0.0
2,2025-01-08 13:10:20,2025-01-08 13:27:15,1.0,2.5,1.0,N,142,233,1,17.0,0.0,0.5,3.0,0.0,1.0,24.75,2.5,0.0,0.75
2,2025-01-22 07:40:54,2025-01-22 07:51:07,1.0,1.54,1.0,N,142,236,1,11.4,0.0,0.5,3.08,0.0,1.0,18.48,2.5,0.0,0.0
2,2025-01-06 17:47:34,2025-01-06 17:54:15,1.0,0.93,1.0,N,236,236,1,7.9,2.5,0.5,2.88,0.0,1.0,17.28,2.5,0.0,0.0
2,2025-01-31 18:07:04,2025-01-31 18:22:00,,0.0,,,151,42,0,-1.5,0.0,0.5,0.0,0.0,1.0,3.51,,,0.0
2,2025-01-15 01:01:18,2025-01-15 01:10:22,1.0,1.71,1.0,N,134,28,2,11.4,1.0,0.5,0.0,0.0,1.0,13.9,0.0,0.0,0.0
2,2025-01-31 02:20:51,2025-01-31 02:29:56,1.0,2.55,1.0,N,249,230,1,12.8,1.0,0.5,3.71,0.0,1.0,22.26,2.5,0.0,0.75
2,2025-01-26 00:06:36,2025-01-26 00:21:55,,2.05,,,68,231,0,13.97,0.0,0.5,0.0,0.0,1.0,18.72,,,0.75
2,2025-01-21 12:05:51,2025-01-21 12:14:38,1.0,1.65,1.0,N,231,114,1,11.4,0.0,0.5,2.0,0.0,1.0,18.15,2.5,0.0,0.75
2,2025-01-22 06:05:42,2025-01-22 06:44:19,1.0,11.98,1.0,N,132,256,1,49.9,0.0,0.5,10.63,0.0,1.0,63.78,0.0,1.75,0.0
2,2025-01-12 13:52:10,2025-01-12 14:13:58,1.0,2.41,1.0,N,68,229,1,19.8,0.0,0.5,4.91,0.0,1.0,29.46,2.5,0.0,0.75
2,2025-01-21 23:42:55,2025-01-21 23:58:17,1.0,6.91,1.0,N,138,145,1,28.2,6.0,0.5,8.88,6.94,1.0,53.27,0.0,1.75,0.0
2,2025-01-09 13:11:47,2025-01-09 13:22:33,1.0,1.78,1.0,N,236,74,1,12.1,0.0,0.5,1.0,0.0,1.0,17.1,2.5,0.0,0.0
2,2025-01-19 13:08:25,2025-01-19 13:38:16,2.0,16.72,2.0,N,132,170,1,70.0,0.0,0.5,10.0,6.94,1.0,93.44,2.5,1.75,0.75
2,2025-01-22 19:54:10,2025-01-22 20:14:20,1.0,3.24,1.0,N,43,164,1,19.8,2.5,0.5,5.41,0.0,1.0,32.46,2.5,0.0,0.75
1,2025-01-13 09:42:47,2025-01-13 10:10:21,0.0,9.5,1.0,N,138,163,1,40.8,10.0,0.5,11.8,6.94,1.0,71.04,2.5,1.75,0.75
2,2025-01-17 20:54:12,2025-01-17 21:04:13,1.0,1.33,1.0,N,164,113,4,-10.7,-1.0,-0.5,0.0,0.0,-1.0,-16.45,-2.5,0.0,0.0
2,2025-01-21 21:47:34,2025-01-21 22:19:11,,9.66,,,261,42,0,-4.75,0.0,0.5,0.0,0.0,1.0,10.41,,,0.75
1,2025-01-10 23:03:53,2025-01-10 23:14:39,,1.7,,,170,141,0,11.36,0.0,0.5,0.0,0.0,1.0,16.11,,,0.75
2,2025-01-25 22:42:00,2025-01-25 23:17:00,1.0,5.61,1.0,N,144,239,1,34.5,1.0,0.5,10.06,0.0,1.0,50.31,2.5,0.0,0.75
2,2025-01-15 13:10:45,2025-01-15 13:47:01,2.0,11.12,1.0,N,138,162,1,50.6,5.0,0.5,13.46,6.94,1.0,82.5,2.5,1.75,0.75
2,2025-01-05 16:14:44,2025-01-05 16:22:10,1.0,1.1,1.0,N,234,162,1,8.6,0.0,0.5,3.34,0.0,1.0,16.69,2.5,0.0,0.75
2,2025-01-24 18:50:58,2025-01-24 18:56:05,1.0,0.88,1.0,N,231,261,2,6.5,2.5,0.5,0.0,0.0,1.0,13.75,2.5,0.0,0.75
2,2025-01-23 20:31:50,2025-01-23 20:39:50,1.0,1.51,1.0,N,229,142,1,10.0,1.0,0.5,3.15,0.0,1.0,18.9,2.5,0.0,0.75
2,2025-01-05 18:22:08,2025-01-05 18:32:19,2.0,2.31,1.0,N,233,262,1,12.8,0.0,0.5,3.51,0.0,1.0,21.06,2.5,0.0,0.75
2,2025-01-21 16:50:04,2025-01-21 16:56:52,3.0,1.34,1.0,N,140,262,1,8.6,2.5,0.5,2.0,0.0,1.0,17.1,2.5,0.0,0.0
2,2025-01-05 17:17:56,2025-01-05 17:29:34,3.0,1.68,1.0,N,249,148,1,12.1,0.0,0.5,5.0,0.0,1.0,21.85,2.5,0.0,0.75
2,2025-01-11 18:20:34,2025-01-11 18:33:09,4.0,1.68,1.0,N,230,140,1,12.8,0.0,0.5,3.51,0.0,1.0,21.06,2.5,0.0,0.75
2,2025-01-01 03:01:58,2025-01-01 03:28:00,1.0,7.11,1.0,N,107,42,1,32.4,1.0,0.5,9.35,0.0,1.0,46.75,2.5,0.0,0.0
2,2025-01-29 22:05:50,2025-01-29 22:18:15,1.0,0.77,1.0,N,230,186,1,11.4,1.0,0.5,2.57,0.0,1.0,19.72,2.5,0.0,0.75
2,2025-01-13 09:05:24,2025-01-13 09:28:06,,1.85,,,230,246,0,11.27,0.0,0.5,0.0,0.0,1.0,16.02,,,0.75
1,2025-01-11 15:10:19,2025-01-11 15:30:53,1.0,6.7,1.0,N,231,161,1,28.9,3.25,0.5,6.75,0.0,1.0,40.4,2.5,0.0,0.75
2,2025-01-18 22:38:31,2025-01-18 23:06:01,2.0,5.01,1.0,N,158,141,1,28.2,1.0,0.5,5.09,0.0,1.0,39.04,2.5,0.0,0.75
2,2025-01-04 12:07:27,2025-01-04 12:13:43,2.0,0.95,1.0,N,237,141,1,7.9,0.0,0.5,1.5,0.0,1.0,13.4,2.5,0.0,0.0
2,2025-01-28 21:41:18,2025-01-28 22:08:31,2.0,16.59,2.0,N,132,170,1,70.0,0.0,0.5,5.0,6.94,1.0,88.44,2.5,1.75,0.75
2,2025-01-06 21:51:39,2025-01-06 21:55:47,1.0,0.71,1.0,N,68,48,2,6.5,1.0,0.5,0.0,0.0,1.0,12.25,2.5,0.0,0.75
2,2025-01-08 11:14:52,2025-01-08 11:19:09,1.0,0.45,1.0,N,238,238,1,5.8,0.0,0.5,1.75,0.0,1.0,11.55,2.5,0.0,0.0
2,2025-01-07 15:44:51,2025-01-07 16:07:13,1.0,2.82,1.0,N,237,186,1,20.5,0.0,0.5,5.05,0.0,1.0,30.3,2.5,0.0,0.75
2,2025-01-13 14:27:36,2025-01-13 14:45:00,1.0,1.98,1.0,N,170,249,1,16.3,0.0,0.5,0.0,0.0,1.0,21.05,2.5,0.0,0.75
2,2025-01-14 20:34:16,2025-01-14 20:45:05,1.0,1.83,1.0,N,170,68,1,12.1,1.0,0.5,2.0,0.0,1.0,19.85,2.5,0.0,0.75
2,2025-01-12 20:01:56,2025-01-12 20:19:24,2.0,2.56,1.0,N,162,114,1,17.0,1.0,0.5,4.55,0.0,1.0,27.3,2.5,0.0,0.75
2,2025-01-20 18:30:31,2025-01-20 18:34:27,2.0,0.57,1.0,N,164,162,3,5.8,0.0,0.5,0.0,0.0,1.0,10.55,2.5,0.0,0.75
2,2025-01-04 18:10:13,2025-01-04 18:33:50,1.0,4.13,1.0,N,66,164,1,24.0,0.0,0.5,5.6,0.0,1.0,33.6,2.5,0.0,0.0
1,2025-01-04 16:54:44,2025-01-04 17:22:11,2.0,9.3,1.0,N,138,141,1,38.7,9.25,0.5,8.46,6.94,1.0,64.85,2.5,1.75,0.0
2,2025-01-30 00:12:42,2025-01-30 00:20:53,1.0,1.41,1.0,N,142,239,1,10.0,1.0,0.5,3.75,0.0,1.0,18.75,2.5,0.0,0.0
2,2025-01-07 18:50:53,2025-01-07 19:03:16,1.0,1.26,1.0,N,230,68,1,12.1,2.5,0.5,2.9,0.0,1.0,22.25,2.5,0.0,0.75
1,2025-01-08 21:53:26,2025-01-08 22:19:08,1.0,5.8,1.0,N,48,87,1,27.5,4.25,0.5,6.65,0.0,1.0,39.9,2.5,0.0,0.75
2,2025-01-27 14:13:24,2025-01-27 14:23:11,2.0,0.91,1.0,N,237,237,1,10.0,0.0,0.5,2.8,0.0,1.0,16.8,2.5,0.0,0.0
1,2025-01-07 21:59:49,2025-01-07 22:15:25,1.0,4.2,1.0,N,236,107,1,19.1,4.25,0.5,4.95,0.0,1.0,29.8,2.5,0.0,0.75
1,2025-01-23 14:43:24,2025-01-23 14:55:53,1.0,1.4,1.0,N,161,186,1,12.1,3.25,0.5,3.35,0.0,1.0,20.2,2.5,0.0,0.75
2,2025-01-15 16:52:49,2025-01-15 17:11:24,1.0,1.45,1.0,N,233,100,1,16.3,2.5,0.5,4.71,0.0,1.0,28.26,2.5,0.0,0.75
2,2025-01-05 19:15:15,2025-01-05 19:21:11,1.0,1.01,1.0,N,144,114,1,7.2,0.0,0.5,1.79,0.0,1.0,13.74,2.5,0.0,0.75
2,2025-01-24 17:50:20,2025-01-24 17:53:47,1.0,0.49,1.0,N,87,88,1,5.8,2.5,0.5,2.61,0.0,1.0,15.66,2.5,0.0,0.75
2,2025-01-14 19:12:30,2025-01-14 19:16:21,2.0,0.53,1.0,N,90,164,1,5.8,2.5,0.5,0.65,0.0,1.0,13.7,2.5,0.0,0.75
2,2025-01-12 21:18:57,2025-01-12 21:31:49,2.0,2.4,1.0,N,24,244,1,15.6,1.0,0.5,3.62,0.0,1.0,21.72,0.0,0.0,0.0
2,2025-01-24 12:42:17,2025-01-24 13:39:04,1.0,9.14,1.0,N,43,217,2,56.9,0.0,0.5,0.0,0.0,1.0,61.65,2.5,0.0,0.75
1,2025-01-11 03:27:14,2025-01-11 03:31:46,3.0,1.1,1.0,N,231,144,1,7.2,4.25,0.5,2.55,0.0,1.0,15.5,2.5,0.0,0.75
2,2025-01-17 22:45:20,2025-01-17 22:52:32,1.0,1.14,1.0,N,230,237,2,9.3,1.0,0.5,0.0,0.0,1.0,15.05,2.5,0.0,0.75
2,2025-01-25 19:48:34,2025-01-25 19:53:46,,0.84,,,229,161,0,9.19,0.0,0.5,0.0,0.0,1.0,13.94,,,0.75
1,2025-01-07 20:49:59,2025-01-07 21:32:42,1.0,18.0,2.0,N,132,163,1,70.0,5.0,0.5,14.0,0.0,1.0,90.5,2.5,1.75,0.75
2,2025-01-21 12:08:20,2025-01-21 12:30:54,1.0,7.01,1.0,N,140,244,1,33.8,0.0,0.5,10.0,0.0,1.0,47.8,2.5,0.0,0.0
2,2025-01-14 05:59:57,2025-01-14 06:09:24,,1.95,,,238,142,0,7.2,0.0,0.5,0.0,0.0,1.0,11.95,,,0.75
1,2025-01-23 13:03:28,2025-01-23 13:28:27,1.0,6.7,1.0,N,262,125,1,32.4,3.25,0.5,7.4,0.0,1.0,44.55,2.5,0.0,0.75
2,2025-01-08 12:02:20,2025-01-08 12:12:24,2.0,4.33,1.0,N,138,260,1,18.4,5.0,0.5,7.47,0.0,1.0,34.12,0.0,1.75,0.0
2,2025-01-28 21:55:20,2025-01-28 22:09:23,,1.96,,,114,13,0,-4.75,0.0,0.5,0.0,0.0,1.0,2.84,,,0.75
2,2025-01-27 15:35:47,2025-01-27 15:47:44,1.0,1.83,1.0,N,163,236,1,12.8,0.0,0.5,3.51,0.0,1.0,21.06,2.5,0.0,0.75
1,2025-01-05 16:33:08,2025-01-05 16:37:50,2.0,0.8,1.0,N,262,236,1,7.2,2.5,0.5,2.24,0.0,1.0,13.44,2.5,0.0,0.0
2,2025-01-08 10:45:09,2025-01-08 11:02:00,1.0,1.82,1.0,N,186,107,1,15.6,0.0,0.5,1.0,0.0,1.0,21.35,2.5,0.0,0.75
2,2025-01-15 17:02:24,2025-01-15 17:11:20,1.0,1.33,1.0,N,234,246,1,9.3,2.5,0.5,3.31,0.0,1.0,19.86,2.5,0.0,0.75
2,2025-01-04 15:30:52,2025-01-04 15:46:27,1.0,2.05,1.0,N,236,161,2,16.3,0.0,0.5,0.0,0.0,1.0,20.3,2.5,0.0,0.0
1,2025-01-25 14:01:36,2025-01-25 14:07:05,2.0,1.0,1.0,N,24,238,1,7.9,2.5,0.5,2.35,0.0,1.0,14.25,2.5,0.0,0.0
1,2025-01-08 15:11:24,2025-01-08 16:14:24,2.0,18.1,2.0,Y,132,90,2,70.0,5.0,0.5,0.0,6.94,1.0,83.44,2.5,1.75,0.75
2,2025-01-30 17:24:56,2025-01-30 17:39:39,1.0,2.24,1.0,N,162,79,1,15.6,2.5,0.5,4.57,0.0,1.0,27.42,2.5,0.0,0.75
1,2025-01-28 21:56:48,2025-01-28 22:25:51,1.0,4.8,1.0,N,230,231,1,27.5,4.25,0.5,6.65,0.0,1.0,39.9,2.5,0.0,0.75
2,2025-01-17 23:17:34,2025-01-17 23:31:51,2.0,2.35,1.0,N,231,90,1,13.5,1.0,0.5,3.85,0.0,1.0,23.1,2.5,0.0,0.75
2,2025-01-28 16:40:22,2025-01-28 16:47:23,1.0,1.24,1.0,N,48,249,1,8.6,2.5,0.5,4.75,0.0,1.0,20.6,2.5,0.0,0.75
2,2025-01-24 11:23:53,2025-01-24 11:46:00,1.0,5.44,1.0,N,261,163,1,26.8,0.0,0.5,6.31,0.0,1.0,37.86,2.5,0.0,0.75
2,2025-01-26 15:24:20,2025-01-26 15:58:45,4.0,6.11,1.0,N,13,163,2,35.2,0.0,0.5,0.0,0.0,1.0,39.95,2.5,0.0,0.75
2,2025-01-01 20:09:50,2025-01-01 20:42:19,4.0,17.59,2.0,N,132,33,1,70.0,0.0,0.5,14.3,0.0,1.0,85.8,0.0,0.0,0.0
2,2025-01-11 18:44:33,2025-01-11 18:56:05,1.0,1.55,1.0,N,90,137,1,12.1,0.0,0.5,2.0,0.0,1.0,18.85,2.5,0.0,0.75
2,2025-01-21 18:12:40,2025-01-21 18:30:36,,0.0,,,144,100,0,18.48,0.0,0.5,0.0,0.0,1.0,23.23,,,0.75
2,2025-01-18 10:29:21,2025-01-18 10:29:26,1.0,0.0,1.0,N,132,132,2,-3.0,0.0,-0.5,0.0,0.0,-1.0,-6.25,0.0,-1.75,0.0
2,2025-01-22 21:18:19,2025-01-22 21:34:52,1.0,4.34,1.0,N,230,166,1,21.9,1.0,0.5,8.29,0.0,1.0,35.94,2.5,0.0,0.75
1,2025-01-21 21:50:01,2025-01-21 21:58:31,1.0,3.0,1.0,N,132,219,2,13.5,2.75,0.5,0.0,0.0,1.0,17.75,0.0,1.75,0.0
2,2025-01-24 22:40:24,2025-01-24 22:45:03,,0.85,,,246,186,0,5.56,0.0,0.5,0.0,0.0,1.0,10.31,,,0.75
1,2025-01-19 16:13:18,2025-01-19 16:24:36,2.0,1.9,1.0,N,239,162,1,12.8,3.25,0.5,3.0,0.0,1.0,20.55,2.5,0.0,0.75
1,2025-01-28 06:15:05,2025-01-28 06:20:32,1.0,0.5,1.0,N,163,163,2,5.8,3.25,0.5,0.0,0.0,1.0,10.55,2.5,0.0,0.75
2,2025-01-15 13:05:32,2025-01-15 13:27:29,1.0,2.34,1.0,N,100,211,1,19.8,0.0,0.5,4.91,0.0,1.0,29.46,2.5,0.0,0.75
2,2025-01-26 11:11:30,2025-01-26 11:17:05,6.0,1.12,1.0,N,237,263,1,7.2,0.0,0.5,2.24,0.0,1.0,13.44,2.5,0.0,0.0
2,2025-01-11 22:21:55,2025-01-11 22:25:44,1.0,0.82,1.0,N,141,229,1,6.5,1.0,0.5,2.45,0.0,1.0,14.7,2.5,0.0,0.75
1,2025-01-02 22:06:16,2025-01-02 22:13:55,1.0,1.5,1.0,N,142,236,2,8.6,3.5,0.5,0.0,0.0,1.0,13.6,2.5,0.0,0.0
2,2025-01-30 14:53:03,2025-01-30 15:02:04,1.0,1.67,1.0,N,90,48,1,10.7,0.0,0.5,1.0,0.0,1.0,16.45,2.5,0.0,0.75
2,2025-01-17 15:44:51,2025-01-17 16:00:44,1.0,2.57,1.0,N,142,246,1,17.0,0.0,0.5,0.0,0.0,1.0,21.75,2.5,0.0,0.75
2,2025-01-19 23:29:52,2025-01-19 23:53:39,,4.92,,,17,232,0,23.97,0.0,0.5,0.0,0.0,1.0,28.72,,,0.75
2,2025-01-16 12:50:36,2025-01-16 12:58:15,5.0,0.42,1.0,N,161,161,1,7.9,0.0,0.5,1.0,0.0,1.0,13.65,2.5,0.0,0.75
1,2025-01-27 08:32:24,2025-01-27 09:13:01,1.0,11.2,99.0,N,76,137,1,40.5,0.0,0.5,0.0,6.94,0.0,47.94,0.0,0.0,0.0
2,2025-01-25 01:09:08,2025-01-25 01:14:59,1.0,1.21,1.0,N,234,233,1,7.9,1.0,0.5,2.73,0.0,1.0,16.38,2.5,0.0,0.75
2,2025-01-15 07:42:56,2025-01-15 07:51:45,1.0,1.74,1.0,N,43,239,1,10.7,0.0,0.5,2.94,0.0,1.0,17.64,2.5,0.0,0.0
1,2025-01-18 15:27:09,2025-01-18 15:58:40,1.0,3.7,1.0,N,249,229,1,25.4,3.25,0.5,6.05,0.0,1.0,36.2,2.5,0.0,0.75
2,2025-01-10 14:05:48,2025-01-10 14:27:09,2.0,3.8,1.0,N,68,236,1,22.6,0.0,0.5,5.47,0.0,1.0,32.82,2.5,0.0,0.75
2,2025-01-04 22:30:29,2025-01-04 22:40:50,1.0,1.43,1.0,N,114,186,1,11.4,1.0,0.5,3.28,0.0,1.0,19.68,2.5,0.0,0.0
2,2025-01-23 10:27:20,2025-01-23 10:36:51,1.0,1.14,1.0,N,262,43,1,10.7,0.0,0.5,2.94,0.0,1.0,17.64,2.5,0.0,0.0
1,2025-01-03 08:11:46,2025-01-03 08:32:33,1.0,1.3,99.0,N,243,244,1,17.5,0.0,0.5,0.0,0.0,0.0,18.0,0.0,0.0,0.0
2,2025-01-27 20:50:42,2025-01-27 21:04:49,1.0,1.98,1.0,N,237,141,1,14.2,1.0,0.5,4.05,0.0,1.0,24.0,2.5,0.0,0.75
2,2025-01-23 20:31:00,2025-01-23 20:39:36,1.0,0.9,1.0,N,249,107,1,9.3,1.0,0.5,3.76,0.0,1.0,18.81,2.5,0.0,0.75
1,2025-01-06 17:40:37,2025-01-06 17:51:29,1.0,1.3,1.0,N,161,233,1,10.7,5.75,0.5,3.59,0.0,1.0,21.54,2.5,0.0,0.75
2,2025-01-20 02:03:18,2025-01-20 02:32:10,1.0,17.89,2.0,N,132,161,1,70.0,0.0,0.5,0.05,6.94,1.0,83.49,2.5,1.75,0.75
2,2025-01-22 00:52:33,2025-01-22 00:54:12,1.0,0.4,1.0,N,186,48,1,4.4,1.0,0.5,2.54,0.0,1.0,12.69,2.5,0.0,0.75
2,2025-01-17 07:20:54,2025-01-17 07:29:38,1.0,0.96,1.0,N,41,74,2,10.0,0.0,0.5,0.0,0.0,1.0,11.5,0.0,0.0,0.0
2,2025-01-12 02:31:04,2025-01-12 02:43:11,,0.01,,,144,148,0,15.69,0.0,0.5,0.0,0.0,1.0,20.44,,,0.75
2,2025-01-26 15:59:13,2025-01-26 16:03:57,1.0,0.6,1.0,N,107,224,1,6.5,0.0,0.5,1.69,0.0,1.0,12.94,2.5,0.0,0.75
2,2025-01-01 14:40:23,2025-01-01 14:50:18,1.0,1.89,1.0,N,186,79,1,12.1,0.0,0.5,3.22,0.0,1.0,19.32,2.5,0.0,0.0
1,2025-01-29 15:34:53,2025-01-29 16:18:10,1.0,17.7,2.0,N,132,224,1,70.0,5.0,0.5,16.65,6.94,1.0,100.09,2.5,1.75,0.75
2,2025-01-19 19:59:47,2025-01-19 20:04:21,1.0,0.85,1.0,N,114,79,1,6.5,0.0,0.5,2.25,0.0,1.0,13.5,2.5,0.0,0.75
1,2025-01-29 21:18:11,2025-01-29 21:28:22,1.0,1.5,1.0,N,90,162,1,9.3,4.25,0.5,3.0,0.0,1.0,18.05,2.5,0.0,0.75
2,2025-01-31 22:32:47,2025-01-31 22:43:37,,1.79,,,68,107,0,13.82,0.0,0.5,0.0,0.0,1.0,18.57,,,0.75
2,2025-01-19 18:03:38,2025-01-19 18:13:33,,1.46,,,48,246,0,7.25,0.0,0.5,0.0,0.0,1.0,12.0,,,0.75
1,2025-01-15 18:02:54,2025-01-15 18:10:53,1.0,0.6,1.0,N,90,68,1,7.9,5.75,0.5,3.8,0.0,1.0,18.95,2.5,0.0,0.75
2,2025-01-26 20:40:33,2025-01-26 20:43:25,1.0,1.0,1.0,N,239,151,1,6.5,1.0,0.5,2.3,0.0,1.0,13.8,2.5,0.0,0.0
2,2025-01-04 17:23:10,2025-01-04 17:36:08,3.0,0.77,1.0,N,48,100,1,12.1,0.0,0.5,2.0,0.0,1.0,18.1,2.5,0.0,0.0
2,2025-01-22 21:02:43,2025-01-22 21:15:33,,1.82,,,234,230,0,18.27,0.0,0.5,0.0,0.0,1.0,23.02,,,0.75
2,2025-01-30 08:24:33,2025-01-30 08:30:27,6.0,0.7,1.0,N,234,137,2,7.2,0.0,0.5,0.0,0.0,1.0,11.95,2.5,0.0,0.75
2,2025-01-16 06:22:37,2025-01-16 06:28:58,1.0,1.52,1.0,N,140,263,2,9.3,0.0,0.5,0.0,0.0,1.0,13.3,2.5,0.0,0.0
2,2025-01-15 11:05:58,2025-01-15 11:24:55,6.0,2.93,1.0,N,41,237,1,19.8,0.0,0.5,4.76,0.0,1.0,28.56,2.5,0.0,0.0
2,2025-01-08 19:43:42,2025-01-08 19:52:35,1.0,1.59,1.0,N,237,263,1,10.7,2.5,0.5,1.25,0.0,1.0,18.45,2.5,0.0,0.0
2,2025-01-05 18:59:37,2025-01-05 19:15:07,1.0,0.97,1.0,N,230,230,4,14.2,0.0,0.5,0.0,0.0,1.0,18.95,2.5,0.0,0.75
2,2025-01-19 19:51:47,2025-01-19 20:00:56,1.0,1.27,1.0,N,142,239,2,10.0,0.0,0.5,0.0,0.0,1.0,14.75,2.5,0.0,0.75
2,2025-01-20 15:41:14,2025-01-20 15:49:44,1.0,1.34,1.0,N,234,211,1,10.0,0.0,0.5,2.95,0.0,1.0,17.7,2.5,0.0,0.75
2,2025-01-11 01:21:58,2025-01-11 01:39:46,,4.85,,,231,142,0,22.51,0.0,0.5,0.0,0.0,1.0,27.26,,,0.75
2,2025-01-04 23:24:48,2025-01-04 23:31:55,1.0,0.95,1.0,N,249,114,1,7.9,1.0,0.5,0.1,0.0,1.0,13.0,2.5,0.0,0.0
2,2025-01-30 18:34:01,2025-01-30 18:50:49,1.0,3.23,1.0,N,158,48,1,18.4,2.5,0.5,5.13,0.0,1.0,30.78,2.5,0.0,0.75
2,2025-01-26 13:20:51,2025-01-26 13:34:43,,1.96,,,262,239,0,13.69,0.0,0.5,0.0,0.0,1.0,17.69,,,0.0
1,2025-01-17 08:52:29,2025-01-17 08:57:48,1.0,1.0,1.0,N,186,48,1,7.2,5.75,0.5,2.85,0.0,1.0,17.3,2.5,0.0,0.75
2,2025-01-13 14:38:33,2025-01-13 14:48:24,1.0,1.15,1.0,N,263,141,2,10.7,0.0,0.5,0.0,0.0,1.0,14.7,2.5,0.0,0.0
2,2025-01-21 19:52:47,2025-01-21 20:01:05,1.0,2.21,1.0,N,229,236,1,11.4,2.5,0.5,1.5,0.0,1.0,20.15,2.5,0.0,0.75
2,2025-01-24 14:11:25,2025-01-24 14:13:43,1.0,0.24,1.0,N,141,141,1,4.4,0.0,0.5,1.68,0.0,1.0,10.08,2.5,0.0,0.0
1,2025-01-29 08:41:55,2025-01-29 08:53:42,1.0,1.7,1.0,N,262,237,1,11.4,2.5,0.5,3.08,0.0,1.0,18.48,2.5,0.0,0.0
1,2025-01-31 08:16:12,2025-01-31 08:25:13,1.0,0.7,1.0,N,114,114,1,8.6,3.25,0.5,1.5,0.0,1.0,14.85,2.5,0.0,0.75
1,2025-01-13 09:59:17,2025-01-13 11:37:13,1.0,14.0,99.0,N,130,14,1,55.5,0.0,0.5,0.0,0.0,1.0,57.0,0.0,0.0,0.0
2,2025-01-31 01:51:51,2025-01-31 02:00:35,1.0,1.37,1.0,N,163,143,1,10.7,1.0,0.5,3.29,0.0,1.0,19.74,2.5,0.0,0.75
2,2025-01-11 20:52:17,2025-01-11 21:05:23,1.0,1.28,1.0,N,162,234,1,12.1,1.0,0.5,4.46,0.0,1.0,22.31,2.5,0.0,0.75
2,2025-01-31 06:04:22,2025-01-31 06:55:51,2.0,19.95,1.0,N,132,178,2,84.2,0.0,0.5,0.0,0.0,1.0,87.45,0.0,1.75,0.0
2,2025-01-06 11:08:24,2025-01-06 11:14:03,1.0,0.77,1.0,N,162,137,1,7.2,0.0,0.5,2.39,0.0,1.0,14.34,2.5,0.0,0.75
1,2025-01-14 22:12:45,2025-01-14 22:38:29,1.0,6.2,1.0,N,100,189,1,31.0,4.25,0.5,7.35,0.0,1.0,44.1,2.5,0.0,0.75
1,2025-01-07 17:10:23,2025-01-07 17:16:12,1.0,1.0,1.0,N,142,239,2,7.9,5.0,0.5,0.0,0.0,1.0,14.4,2.5,0.0,0.0
2,2025-01-25 21:03:25,2025-01-25 21:15:42,1.0,2.25,1.0,N,68,48,1,14.2,1.0,0.5,3.99,0.0,1.0,23.94,2.5,0.0,0.75
2,2025-01-26 13:46:55,2025-01-26 14:05:08,1.0,3.33,1.0,N,236,186,1,19.8,0.0,0.5,4.91,0.0,1.0,29.46,2.5,0.0,0.75
2,2025-01-11 16:47:13,2025-01-11 16:54:03,2.0,0.83,1.0,N,113,148,1,7.9,0.0,0.5,3.0,0.0,1.0,15.65,2.5,0.0,0.75
2,2025-01-11 19:47:26,2025-01-11 20:01:08,1.0,1.57,1.0,N,186,249,1,12.8,0.0,0.5,3.51,0.0,1.0,21.06,2.5,0.0,0.75
2,2025-01-03 17:00:01,2025-01-03 17:01:53,1.0,0.32,1.0,N,236,236,1,4.4,2.5,0.5,2.18,0.0,1.0,13.08,2.5,0.0,0.0
1,2025-01-09 13:53:28,2025-01-09 14:16:12,1.0,3.0,1.0,N,114,237,1,19.8,3.25,0.5,7.36,0.0,1.0,31.91,2.5,0.0,0.75
2,2025-01-22 07:23:54,2025-01-22 07:36:39,1.0,2.38,1.0,N,142,162,2,14.9,0.0,0.5,0.0,0.0,1.0,19.65,2.5,0.0,0.75
1,2025-01-11 03:06:36,2025-01-11 03:17:25,1.0,2.7,1.0,N,249,48,1,14.2,4.25,0.5,1.0,0.0,1.0,20.95,2.5,0.0,0.75
2,2025-01-12 02:22:26,2025-01-12 02:38:51,,4.22,,,79,143,0,22.25,0.0,0.5,0.0,0.0,1.0,27.0,,,0.75
2,2025-01-12 19:08:15,2025-01-12 19:13:42,2.0,0.9,1.0,N,161,142,1,7.2,0.0,0.5,2.39,0.0,1.0,14.34,2.5,0.0,0.75
2,2025-01-26 11:55:27,2025-01-26 11:58:23,1.0,0.39,1.0,N,237,236,1,5.1,0.0,0.5,1.82,0.0,1.0,10.92,2.5,0.0,0.0
2,2025-01-24 12:00:01,2025-01-24 12:18:12,2.0,1.29,1.0,N,164,161,1,16.3,0.0,0.5,4.21,0.0,1.0,25.26,2.5,0.0,0.75
2,2025-01-31 23:56:21,2025-02-01 00:31:24,,10.37,,,41,88,0,37.03,0.0,0.5,0.0,0.0,1.0,41.78,,,0.75
2,2025-01-03 15:10:10,2025-01-03 15:19:08,1.0,1.58,1.0,N,170,79,1,10.7,0.0,0.5,2.94,0.0,1.0,17.64,2.5,0.0,0.0
2,2025-01-29 21:05:44,2025-01-29 21:12:53,1.0,1.13,1.0,N,237,43,1,8.6,1.0,0.5,4.3,0.0,1.0,18.65,2.5,0.0,0.75
2,2025-01-01 07:57:07,2025-01-01 08:07:59,1.0,1.66,1.0,N,262,43,1,12.1,0.0,0.5,2.0,0.0,1.0,18.1,2.5,0.0,0.0
1,2025-01-26 15:45:20,2025-01-26 15:58:00,1.0,1.2,1.0,N,186,230,1,11.4,3.25,0.5,3.25,0.0,1.0,19.4,2.5,0.0,0.75
2,2025-01-05 10:20:41,2025-01-05 10:24:48,1.0,1.61,1.0,N,237,170,1,8.6,0.0,0.5,2.0,0.0,1.0,15.35,2.5,0.0,0.75
1,2025-01-07 17:17:57,2025-01-07 17:36:20,1.0,3.5,1.0,N,230,24,1,19.1,5.75,0.5,2.0,0.0,1.0,28.35,2.5,0.0,0.75
1,2025-01-15 07:38:35,2025-01-15 07:49:08,1.0,2.5,1.0,N,233,262,2,12.8,3.25,0.5,0.0,0.0,1.0,17.55,2.5,0.0,0.75
2,2025-01-10 23:29:31,2025-01-10 23:41:16,1.0,2.87,1.0,N,90,143,1,14.9,1.0,0.5,5.16,0.0,1.0,25.81,2.5,0.0,0.75
1,2025-01-03 09:11:38,2025-01-03 10:13:16,1.0,11.8,99.0,N,76,140,1,57.5,0.0,0.5,0.0,0.0,0.0,58.0,0.0,0.0,0.0
2,2025-01-12 20:28:49,2025-01-12 20:49:18,1.0,5.47,1.0,N,234,75,1,26.8,1.0,0.5,2.0,0.0,1.0,34.55,2.5,0.0,0.75
2,2025-01-28 10:27:14,2025-01-28 10:48:13,1.0,2.14,1.0,N,142,140,1,19.8,0.0,0.5,4.76,0.0,1.0,28.56,2.5,0.0,0.0
2,2025-01-15 16:07:45,2025-01-15 16:22:07,1.0,1.33,1.0,N,186,170,1,13.5,0.0,0.5,5.47,0.0,1.0,23.72,2.5,0.0,0.75
1,2025-01-27 12:49:57,2025-01-27 12:57:14,1.0,1.2,1.0,N,143,163,1,8.6,3.25,0.5,2.65,0.0,1.0,16.0,2.5,0.0,0.75
1,2025-01-27 23:13:01,2025-01-27 23:51:34,1.0,16.5,2.0,N,132,161,1,70.0,5.0,0.5,16.7,6.94,1.0,100.14,2.5,1.75,0.75
2,2025-01-01 13:10:07,2025-01-01 13:13:01,2.0,0.74,1.0,N,263,262,1,5.8,0.0,0.5,1.47,0.0,1.0,11.27,2.5,0.0,0.0
2,2025-01-11 13:17:29,2025-01-11 13:22:54,2.0,0.34,1.0,N,230,186,2,6.5,0.0,0.5,0.0,0.0,1.0,11.25,2.5,0.0,0.75
1,2025-01-13 09:47:16,2025-01-13 09:57:56,1.0,1.0,1.0,N,68,234,1,8.6,3.25,0.5,2.65,0.0,1.0,16.0,2.5,0.0,0.75
2,2025-01-21 14:56:27,2025-01-21 15:04:01,1.0,1.24,1.0,N,170,234,2,9.3,0.0,0.5,0.0,0.0,1.0,14.05,2.5,0.0,0.75
2,2025-01-10 10:43:10,2025-01-10 10:48:52,1.0,1.41,1.0,N,95,135,1,8.6,0.0,0.5,2.02,0.0,1.0,12.12,0.0,0.0,0.0
2,2025-01-15 14:42:48,2025-01-15 15:04:15,1.0,2.82,1.0,N,75,48,1,19.8,0.0,0.5,0.0,0.0,1.0,24.55,2.5,0.0,0.75
1,2025-01-04 10:38:30,2025-01-04 10:46:01,,1.5,,,39,39,0,9.45,0.0,0.5,0.0,0.0,1.0,10.95,,,0.0
2,2025-01-18 11:45:28,2025-01-18 11:52:14,1.0,1.24,1.0,N,143,238,1,9.3,0.0,0.5,3.33,0.0,1.0,16.63,2.5,0.0,0.0
2,2025-01-18 12:47:00,2025-01-18 13:20:00,,8.17,,,42,186,0,32.24,0.0,0.5,0.0,0.0,1.0,36.99,,,0.75
2,2025-01-31 18:06:41,2025-01-31 18:31:43,1.0,3.75,1.0,N,263,50,1,24.0,2.5,0.5,6.25,0.0,1.0,37.5,2.5,0.0,0.75
2,2025-01-20 23:47:50,2025-01-20 23:55:59,,1.58,,,170,224,0,9.44,0.0,0.5,0.0,0.0,1.0,14.19,,,0.75
2,2025-01-30 20:40:18,2025-01-30 21:12:16,1.0,11.27,1.0,N,138,25,1,48.5,6.0,0.5,11.55,0.0,1.0,69.3,0.0,1.75,0.0
1,2025-01-26 14:00:13,2025-01-26 14:14:33,1.0,2.7,1.0,N,162,249,1,13.5,3.25,0.5,3.65,0.0,1.0,21.9,2.5,0.0,0.75
2,2025-01-16 11:54:40,2025-01-16 12:08:31,2.0,2.25,1.0,N,100,211,1,14.9,0.0,0.5,3.93,0.0,1.0,23.58,2.5,0.0,0.75
2,2025-01-30 11:21:57,2025-01-30 11:43:31,1.0,2.53,1.0,N,162,113,1,19.8,0.0,0.5,4.0,0.0,1.0,28.55,2.5,0.0,0.75
2,2025-01-22 16:45:26,2025-01-22 17:00:20,,0.0,,,161,233,0,14.18,0.0,0.5,0.0,0.0,1.0,18.93,,,0.75
2,2025-01-25 01:39:24,2025-01-25 01:47:41,3.0,1.19,1.0,N,211,249,1,9.3,1.0,0.5,3.01,0.0,1.0,18.06,2.5,0.0,0.75
2,2025-01-01 12:33:02,2025-01-01 12:41:54,1.0,1.73,1.0,N,236,163,1,11.4,0.0,0.5,3.08,0.0,1.0,18.48,2.5,0.0,0.0
2,2025-01-20 19:27:06,2025-01-20 19:35:56,1.0,1.59,1.0,N,107,186,1,10.7,0.0,0.5,3.09,0.0,1.0,18.54,2.5,0.0,0.75
2,2025-01-16 17:48:26,2025-01-16 18:01:58,1.0,2.5,1.0,N,68,114,1,15.6,2.5,0.5,4.57,0.0,1.0,27.42,2.5,0.0,0.75
2,2025-01-23 20:27:40,2025-01-23 20:31:30,1.0,0.9,1.0,N,68,90,1,6.5,1.0,0.5,3.06,0.0,1.0,15.31,2.5,0.0,0.75
2,2025-01-28 16:33:29,2025-01-28 16:58:35,1.0,3.87,1.0,N,170,238,1,25.4,2.5,0.5,4.9,0.0,1.0,37.55,2.5,0.0,0.75
1,2025-01-08 17:45:53,2025-01-08 17:54:03,1.0,1.2,1.0,N,114,234,1,8.6,5.75,0.5,3.15,0.0,1.0,19.0,2.5,0.0,0.75
2,2025-01-24 18:56:19,2025-01-24 19:44:57,1.0,18.17,2.0,N,132,249,1,70.0,5.0,0.5,17.34,6.94,1.0,105.78,2.5,1.75,0.75
2,2025-01-11 21:38:39,2025-01-11 21:54:05,1.0,2.17,1.0,N,48,140,1,16.3,1.0,0.5,4.41,0.0,1.0,26.46,2.5,0.0,0.75
2,2025-01-24 20:35:22,2025-01-24 20:55:33,,4.63,,,142,45,0,-4.75,0.0,0.5,0.0,0.0,1.0,3.62,,,0.75
2,2025-01-28 21:05:59,2025-01-28 21:11:08,1.0,1.11,1.0,N,100,68,1,7.9,1.0,0.5,2.46,0.0,1.0,16.11,2.5,0.0,0.75
2,2025-01-21 08:56:09,2025-01-21 09:06:11,1.0,0.89,1.0,N,161,100,2,10.0,0.0,0.5,0.0,0.0,1.0,14.75,2.5,0.0,0.75
2,2025-01-22 19:18:01,2025-01-22 19:24:43,1.0,0.77,1.0,N,236,263,1,7.9,2.5,0.5,1.44,0.0,1.0,15.84,2.5,0.0,0.0
2,2025-01-28 10:36:29,2025-01-28 11:20:02,1.0,9.73,1.0,N,138,48,1,50.6,5.0,0.5,16.82,6.94,1.0,85.86,2.5,1.75,0.75
1,2025-01-14 08:00:02,2025-01-14 08:04:01,1.0,0.8,1.0,N,236,236,1,6.5,2.5,0.5,3.1,0.0,1.0,13.6,2.5,0.0,0.0
2,2025-01-11 16:41:41,2025-01-11 17:02:02,1.0,2.94,1.0,N,170,125,1,19.8,0.0,0.5,4.91,0.0,1.0,29.46,2.5,0.0,0.75
2,2025-01-03 22:52:42,2025-01-03 23:12:20,1.0,4.36,1.0,N,50,13,2,22.6,1.0,0.5,0.0,0.0,1.0,27.6,2.5,0.0,0.0
2,2025-01-07 20:42:39,2025-01-07 20:44:54,1.0,0.66,1.0,N,263,262,1,5.1,1.0,0.5,2.02,0.0,1.0,12.12,2.5,0.0,0.0
2,2025-01-04 12:00:09,2025-01-04 12:11:49,1.0,3.24,1.0,N,263,170,1,17.0,0.0,0.5,4.2,0.0,1.0,25.2,2.5,0.0,0.0
1,2025-01-12 16:09:49,2025-01-12 16:21:28,,2.4,,,75,143,0,16.48,0.0,0.5,0.0,0.0,1.0,20.48,,,0.0
1,2025-01-06 18:49:18,2025-01-06 18:52:52,1.0,0.6,1.0,N,170,107,1,5.8,5.75,0.5,2.6,0.0,1.0,15.65,2.5,0.0,0.75
2,2025-01-09 14:35:06,2025-01-09 14:59:28,1.0,2.51,1.0,N,229,234,1,21.2,0.0,0.5,3.0,0.0,1.0,28.95,2.5,0.0,0.75
2,2025-01-20 08:04:13,2025-01-20 08:15:51,,3.37,,,257,228,0,13.76,0.0,0.5,0.0,0.0,1.0,15.26,,,0.0
2,2025-01-12 12:24:37,2025-01-12 12:30:45,1.0,0.79,1.0,N,170,162,4,7.9,0.0,0.5,0.0,0.0,1.0,12.65,2.5,0.0,0.75
1,2025-01-08 18:28:02,2025-01-08 18:39:37,1.0,1.9,1.0,N,161,90,1,12.8,5.75,0.5,4.0,0.0,1.0,24.05,2.5,0.0,0.75
2,2025-01-23 21:40:00,2025-01-23 21:57:00,,2.84,,,164,79,0,21.8,0.0,0.5,0.0,0.0,1.0,26.55,,,0.75
2,2025-01-07 16:25:02,2025-01-07 16:36:31,1.0,0.93,1.0,N,68,230,1,10.7,2.5,0.5,3.59,0.0,1.0,21.54,2.5,0.0,0.75
2,2025-01-06 09:57:56,2025-01-06 10:04:08,1.0,1.07,1.0,N,125,90,1,7.9,0.0,0.5,2.0,0.0,1.0,14.65,2.5,0.0,0.75
1,2025-01-20 19:38:58,2025-01-20 19:48:53,,1.3,,,114,148,0,10.0,0.0,0.5,0.0,0.0,1.0,14.75,,,0.75
2,2025-01-12 11:10:40,2025-01-12 11:15:23,2.0,0.95,1.0,N,239,238,2,-7.2,0.0,-0.5,0.0,0.0,-1.0,-11.2,-2.5,0.0,0.0
1,2025-01-27 16:26:30,2025-01-27 16:30:11,1.0,0.6,1.0,N,237,237,1,5.8,5.0,0.5,2.45,0.0,1.0,14.75,2.5,0.0,0.0
2,2025-01-11 21:36:11,2025-01-11 21:47:01,2.0,2.0,1.0,N,231,90,1,12.1,1.0,0.5,3.57,0.0,1.0,21.42,2.5,0.0,0.75
2,2025-01-16 13:49:45,2025-01-16 14:05:32,1.0,1.95,1.0,N,151,142,1,15.6,0.0,0.5,2.0,0.0,1.0,21.6,2.5,0.0,0.0
2,2025-01-05 15:39:13,2025-01-05 15:47:59,3.0,1.2,1.0,N,237,236,1,10.0,0.0,0.5,2.8,0.0,1.0,16.8,2.5,0.0,0.0
1,2025-01-16 17:36:39,2025-01-16 17:42:30,3.0,0.4,1.0,N,237,140,1,7.2,5.75,0.5,2.85,0.0,1.0,17.3,2.5,0.0,0.75
2,2025-01-07 15:07:29,2025-01-07 15:49:31,1.0,17.97,2.0,N,132,75,1,70.0,0.0,0.5,10.0,6.94,1.0,90.19,0.0,1.75,0.0
2,2025-01-20 17:32:02,2025-01-20 17:37:54,1.0,0.99,1.0,N,186,230,1,7.9,0.0,0.5,3.16,0.0,1.0,15.81,2.5,0.0,0.75
2,2025-01-19 11:22:52,2025-01-19 11:25:07,3.0,0.61,1.0,N,239,43,1,5.1,0.0,0.5,1.82,0.0,1.0,10.92,2.5,0.0,0.0
2,2025-01-26 17:41:10,2025-01-26 17:51:32,1.0,2.89,1.0,N,144,255,1,14.9,0.0,0.5,3.93,0.0,1.0,23.58,2.5,0.0,0.75
1,2025-01-28 07:46:14,2025-01-28 07:53:36,1.0,0.9,1.0,N,229,140,1,7.9,3.25,0.5,1.0,0.0,1.0,13.65,2.5,0.0,0.75
2,2025-01-07 15:14:00,2025-01-07 15:29:46,1.0,1.71,1.0,N,230,143,1,14.9,0.0,0.5,3.93,0.0,1.0,23.58,2.5,0.0,0.75
1,2025-01-23 10:20:02,2025-01-23 10:29:43,1.0,2.4,1.0,N,262,233,1,12.1,3.25,0.5,3.35,0.0,1.0,20.2,2.5,0.0,0.75
1,2025-01-18 16:46:19,2025-01-18 17:05:46,,2.2,,,232,234,0,16.16,0.0,0.5,0.0,0.0,1.0,20.91,,,0.75
2,2025-01-19 23:17:00,2025-01-19 23:29:00,,1.59,,,68,224,0,20.95,0.0,0.5,0.0,0.0,1.0,25.7,,,0.75
2,2025-01-27 23:42:51,2025-01-27 23:48:10,1.0,1.34,1.0,N,75,238,1,8.6,1.0,0.5,0.0,0.0,1.0,13.6,2.5,0.0,0.0
2,2025-01-18 23:02:52,2025-01-18 23:32:22,,7.28,,,107,166,0,32.19,0.0,0.5,0.0,0.0,1.0,36.94,,,0.75
2,2025-01-17 17:38:44,2025-01-17 18:04:17,2.0,4.53,1.0,N,186,143,1,25.4,2.5,0.5,6.53,0.0,1.0,39.18,2.5,0.0,0.75
1,2025-01-09 19:16:45,2025-01-09 19:36:50,1.0,2.7,1.0,N,237,237,1,20.5,5.0,0.5,5.4,0.0,1.0,32.4,2.5,0.0,0.0
1,2025-01-04 18:01:18,2025-01-04 18:12:28,1.0,1.8,1.0,N,79,170,1,11.4,2.5,0.5,3.1,0.0,1.0,18.5,2.5,0.0,0.0
2,2025-01-20 14:24:55,2025-01-20 14:50:43,1.0,9.12,1.0,N,138,48,1,38.7,5.0,0.5,10.0,6.94,1.0,67.14,2.5,1.75,0.75
2,2025-01-16 12:52:38,2025-01-16 13:05:02,1.0,1.62,1.0,N,163,186,2,12.8,0.0,0.5,0.0,0.0,1.0,17.55,2.5,0.0,0.75
2,2025-01-10 12:39:14,2025-01-10 12:50:04,2.0,2.11,1.0,N,140,161,1,13.5,0.0,0.5,2.74,0.0,1.0,20.99,2.5,0.0,0.75
2,2025-01-14 14:07:38,2025-01-14 14:15:34,2.0,1.04,1.0,N,161,164,1,8.6,0.0,0.5,2.0,0.0,1.0,15.35,2.5,0.0,0.75
2,2025-01-26 10:33:56,2025-01-26 10:49:52,2.0,4.99,1.0,N,148,163,2,24.7,0.0,0.5,0.0,0.0,1.0,29.45,2.5,0.0,0.75
2,2025-01-07 15:59:40,2025-01-07 16:05:28,2.0,0.89,1.0,N,140,229,1,7.2,0.0,0.5,1.0,0.0,1.0,12.2,2.5,0.0,0.0
2,2025-01-23 09:27:57,2025-01-23 09:51:45,1.0,2.8,1.0,N,75,162,1,21.9,0.0,0.5,2.0,0.0,1.0,28.65,2.5,0.0,0.75
1,2025-01-28 12:06:18,2025-01-28 12:16:23,1.0,0.9,1.0,N,141,263,1,9.3,2.5,0.5,2.65,0.0,1.0,15.95,2.5,0.0,0.0
1,2025-01-19 13:12:59,2025-01-19 13:13:39,1.0,0.0,1.0,N,250,250,2,3.0,0.0,0.5,0.0,0.0,1.0,4.5,0.0,0.0,0.0
2,2025-01-08 11:05:45,2025-01-08 11:33:44,1.0,3.48,1.0,N,166,140,1,26.1,0.0,0.5,4.52,0.0,1.0,34.62,2.5,0.0,0.0
2,2025-01-08 15:42:41,2025-01-08 15:50:49,1.0,0.79,1.0,N,236,263,1,8.6,0.0,0.5,0.9,0.0,1.0,13.5,2.5,0.0,0.0
2,2025-01-17 08:04:10,2025-01-17 08:11:47,1.0,1.12,1.0,N,114,79,2,9.3,0.0,0.5,0.0,0.0,1.0,14.05,2.5,0.0,0.75
2,2025-01-09 18:13:10,2025-01-09 18:16:55,1.0,0.54,1.0,N,236,236,1,5.8,2.5,0.5,1.0,0.0,1.0,13.3,2.5,0.0,0.0
2,2025-01-20 18:06:36,2025-01-20 18:36:31,1.0,5.41,1.0,N,186,80,1,30.3,0.0,0.5,8.4,6.94,1.0,50.39,2.5,0.0,0.75
1,2025-01-16 12:05:58,2025-01-16 12:19:37,1.0,1.8,1.0,N,161,246,1,12.1,3.25,0.5,3.35,0.0,1.0,20.2,2.5,0.0,0.75
2,2025-01-07 16:09:51,2025-01-07 16:15:36,2.0,0.69,1.0,N,262,236,2,7.2,2.5,0.5,0.0,0.0,1.0,13.7,2.5,0.0,0.0
2,2025-01-31 22:57:10,2025-01-31 23:05:40,,0.79,,,170,229,0,6.33,0.0,0.5,0.0,0.0,1.0,11.08,,,0.75
2,2025-01-23 19:12:20,2025-01-23 19:21:54,,0.0,,,231,113,0,16.93,0.0,0.5,0.0,0.0,1.0,21.68,,,0.75
2,2025-01-20 11:37:07,2025-01-20 12:02:56,1.0,1.96,1.0,N,68,90,2,19.8,0.0,0.5,0.0,0.0,1.0,24.55,2.5,0.0,0.75
2,2025-01-25 23:58:57,2025-01-26 00:02:30,,0.5,,,107,234,0,11.47,0.0,0.5,0.0,0.0,1.0,16.22,,,0.75
2,2025-01-27 11:13:32,2025-01-27 11:38:55,2.0,2.84,1.0,N,230,236,1,23.3,0.0,0.5,5.61,0.0,1.0,33.66,2.5,0.0,0.75
2,2025-01-18 01:41:18,2025-01-18 01:52:41,4.0,1.67,1.0,N,79,158,1,12.1,1.0,0.5,3.57,0.0,1.0,21.42,2.5,0.0,0.75
1,2025-01-27 15:36:32,2025-01-27 15:37:52,1.0,0.3,1.0,N,237,236,1,4.4,2.5,0.5,0.84,0.0,1.0,9.24,2.5,0.0,0.0
2,2025-01-12 03:10:16,2025-01-12 03:34:33,1.0,7.13,1.0,N,249,17,2,33.1,1.0,0.5,0.0,0.0,1.0,38.85,2.5,0.0,0.75
2,2025-01-05 18:50:00,2025-01-05 19:12:14,1.0,2.51,1.0,N,162,239,1,20.5,0.0,0.5,5.05,0.0,1.0,30.3,2.5,0.0,0.75
1,2025-01-22 20:58:56,2025-01-22 21:17:21,1.0,2.9,1.0,N,161,79,1,16.3,4.25,0.5,4.4,0.0,1.0,26.45,2.5,0.0,0.75
2,2025-01-27 21:19:37,2025-01-27 21:35:23,,2.77,,,161,125,0,19.84,0.0,0.5,0.0,0.0,1.0,24.59,,,0.75
2,2025-01-12 07:39:54,2025-01-12 07:47:41,1.0,2.3,1.0,N,142,236,1,12.1,0.0,0.5,3.37,0.0,1.0,20.22,2.5,0.0,0.75
2,2025-01-13 22:10:39,2025-01-13 22:24:50,1.0,2.71,1.0,N,186,141,1,15.6,1.0,0.5,6.41,0.0,1.0,27.76,2.5,0.0,0.75
2,2025-01-21 09:51:41,2025-01-21 10:20:22,1.0,8.97,1.0,N,138,238,1,38.7,5.0,0.5,6.0,6.94,1.0,59.89,0.0,1.75,0.0
2,2025-01-23 14:50:59,2025-01-23 15:04:20,1.0,1.32,1.0,N,164,230,1,12.8,0.0,0.5,3.51,0.0,1.0,21.06,2.5,0.0,0.75
2,2025-01-17 10:12:17,2025-01-17 10:26:20,1.0,1.35,1.0,N,140,237,1,13.5,0.0,0.5,3.28,0.0,1.0,21.53,2.5,0.0,0.75
2,2025-01-27 14:52:30,2025-01-27 14:54:43,1.0,0.58,1.0,N,238,43,1,5.1,0.0,0.5,2.28,0.0,1.0,11.38,2.5,0.0,0.0
2,2025-01-22 01:23:59,2025-01-22 01:47:48,1.0,10.62,1.0,N,138,142,2,43.6,6.0,0.5,0.0,6.94,1.0,62.29,2.5,1.75,0.0
2,2025-01-23 17:46:27,2025-01-23 17:59:49,,0.0,,,144,137,0,-4.75,0.0,0.5,0.0,0.0,1.0,4.67,,,0.75
2,2025-01-25 01:03:40,2025-01-25 01:03:50,3.0,0.0,5.0,N,113,113,1,40.0,0.0,0.0,8.85,0.0,1.0,53.1,2.5,0.0,0.75
2,2025-01-11 01:38:12,2025-01-11 01:53:44,2.0,3.42,1.0,N,114,48,1,18.4,1.0,0.5,4.83,0.0,1.0,28.98,2.5,0.0,0.75
1,2025-01-31 07:54:26,2025-01-31 08:10:17,1.0,3.1,1.0,N,262,161,1,17.7,3.25,0.5,4.5,0.0,1.0,26.95,2.5,0.0,0.75
1,2025-01-19 00:49:41,2025-01-19 00:53:49,1.0,0.8,1.0,N,48,68,1,5.8,4.25,0.5,0.0,0.0,1.0,11.55,2.5,0.0,0.75
1,2025-01-29 19:03:20,2025-01-29 19:15:09,1.0,1.7,1.0,N,234,246,1,11.4,5.75,0.5,3.75,0.0,1.0,22.4,2.5,0.0,0.75
2,2025-01-24 18:58:32,2025-01-24 19:10:32,1.0,1.4,1.0,N,234,4,2,12.1,2.5,0.5,0.0,0.0,1.0,19.35,2.5,0.0,0.75
1,2025-01-18 11:17:04,2025-01-18 11:46:48,1.0,9.8,1.0,N,138,61,1,42.2,6.75,0.5,10.09,0.0,1.0,60.54,0.0,1.75,0.0
2,2025-01-28 09:48:43,2025-01-28 10:10:42,,7.18,,,107,74,0,27.27,0.0,0.5,0.0,0.0,1.0,32.02,,,0.75
2,2025-01-01 15:20:16,2025-01-01 15:34:25,1.0,3.25,1.0,N,246,261,1,17.7,0.0,0.5,4.34,0.0,1.0,26.04,2.5,0.0,0.0
2,2025-01-25 21:38:28,2025-01-25 22:05:50,,6.05,,,66,50,0,33.02,0.0,0.5,0.0,0.0,1.0,37.77,,,0.75
2,2025-01-16 18:47:37,2025-01-16 19:08:45,1.0,4.86,1.0,N,107,236,1,24.7,2.5,0.5,6.39,0.0,1.0,38.34,2.5,0.0,0.75
2,2025-01-24 18:17:45,2025-01-24 18:25:35,,1.08,,,90,246,0,11.59,0.0,0.5,0.0,0.0,1.0,16.34,,,0.75
2,2025-01-18 21:31:52,2025-01-18 21:38:56,1.0,1.47,1.0,N,142,237,1,9.3,1.0,0.5,2.86,0.0,1.0,17.16,2.5,0.0,0.0
2,2025-01-03 19:13:04,2025-01-03 19:28:12,1.0,1.66,1.0,N,68,234,1,14.2,2.5,0.5,5.17,0.0,1.0,25.87,2.5,0.0,0.0
2,2025-01-19 16:15:51,2025-01-19 16:20:40,1.0,0.8,1.0,N,238,239,1,7.2,0.0,0.5,2.8,0.0,1.0,14.0,2.5,0.0,0.0
2,2025-01-15 22:51:43,2025-01-15 23:22:53,1.0,8.14,1.0,N,261,75,1,38.7,1.0,0.5,2.0,0.0,1.0,46.45,2.5,0.0,0.75
1,2025-01-31 22:12:26,2025-01-31 22:25:27,1.0,1.5,1.0,N,142,237,1,12.1,3.5,0.5,3.4,0.0,1.0,20.5,2.5,0.0,0.0
1,2025-01-29 13:06:46,2025-01-29 13:26:33,1.0,2.8,99.0,N,233,232,1,21.5,0.0,0.5,0.0,0.0,0.0,22.0,0.0,0.0,0.0
2,2025-01-04 12:02:55,2025-01-04 12:13:10,1.0,0.63,1.0,N,186,48,2,10.0,0.0,0.5,0.0,0.0,1.0,14.0,2.5,0.0,0.0
2,2025-01-27 08:37:29,2025-01-27 08:55:24,,2.77,,,236,170,0,16.51,0.0,0.5,0.0,0.0,1.0,21.26,,,0.75
1,2025-01-29 08:42:13,2025-01-29 08:55:33,0.0,3.3,1.0,N,137,148,2,17.7,3.25,0.5,0.0,0.0,1.0,22.45,2.5,0.0,0.75
2,2025-01-14 23:00:53,2025-01-14 23:28:49,2.0,5.06,1.0,N,161,231,2,-29.6,-1.0,-0.5,0.0,0.0,-1.0,-35.35,-2.5,0.0,0.0
1,2025-01-19 16:30:58,2025-01-19 16:37:03,3.0,0.9,1.0,N,211,113,1,7.9,3.25,0.5,2.5,0.0,1.0,15.15,2.5,0.0,0.75
2,2025-01-05 00:36:46,2025-01-05 00:58:38,2.0,5.4,1.0,N,79,142,1,26.1,1.0,0.5,6.37,0.0,1.0,38.22,2.5,0.0,0.75
2,2025-01-23 21:45:00,2025-01-23 22:14:00,,12.5,,,232,127,0,37.14,0.0,0.5,0.0,0.0,1.0,41.89,,,0.75
2,2025-01-08 21:22:38,2025-01-08 21:25:25,1.0,0.55,1.0,N,262,141,1,5.1,1.0,0.5,3.03,0.0,1.0,13.13,2.5,0.0,0.0
1,2025-01-08 15:37:09,2025-01-08 15:37:15,1.0,16.9,1.0,N,237,237,3,3.0,2.5,0.5,0.0,0.0,1.0,7.0,2.5,0.0,0.0
2,2025-01-08 17:39:00,2025-01-08 18:05:00,,3.85,,,239,234,0,28.85,0.0,0.5,0.0,0.0,1.0,33.6,,,0.75
1,2025-01-04 00:41:43,2025-01-04 00:48:16,1.0,1.4,1.0,N,246,48,1,9.3,3.5,0.5,0.0,0.0,1.0,14.3,2.5,0.0,0.0
1,2025-01-31 13:49:03,2025-01-31 14:07:33,1.0,5.9,1.0,N,261,229,1,26.8,3.25,0.5,6.3,0.0,1.0,37.85,2.5,0.0,0.75
1,2025-01-24 08:30:58,2025-01-24 08:39:45,1.0,2.7,1.0,N,13,246,1,14.2,3.25,0.5,1.5,0.0,1.0,20.45,2.5,0.0,0.75
2,2025-01-14 10:28:13,2025-01-14 10:42:38,1.0,1.54,1.0,N,163,236,1,14.2,0.0,0.5,2.75,0.0,1.0,21.7,2.5,0.0,0.75
2,2025-01-29 05:27:06,2025-01-29 05:36:37,1.0,1.62,1.0,N,100,170,1,11.4,1.0,0.5,4.29,0.0,1.0,21.44,2.5,0.0,0.75
2,2025-01-27 18:12:54,2025-01-27 18:14:48,1.0,0.31,1.0,N,164,234,2,4.4,2.5,0.5,0.0,0.0,1.0,11.65,2.5,0.0,0.75
2,2025-01-23 21:11:46,2025-01-23 21:40:12,1.0,8.99,1.0,N,186,181,1,39.4,1.0,0.5,10.42,6.94,1.0,62.51,2.5,0.0,0.75
2,2025-01-29 15:31:38,2025-01-29 15:38:36,1.0,1.04,1.0,N,141,236,2,8.6,0.0,0.5,0.0,0.0,1.0,12.6,2.5,0.0,0.0
2,2025-01-22 19:55:58,2025-01-22 20:18:31,,3.36,,,246,237,0,24.72,0.0,0.5,0.0,0.0,1.0,29.47,,,0.75
2,2025-01-19 09:46:22,2025-01-19 09:58:53,2.0,2.16,1.0,N,100,43,4,-13.5,0.0,-0.5,0.0,0.0,-1.0,-18.25,-2.5,0.0,0.0
1,2025-01-29 20:19:55,2025-01-29 20:23:38,1.0,0.4,1.0,N,79,79,1,5.1,4.25,0.5,2.15,0.0,1.0,13.0,2.5,0.0,0.75
2,2025-01-15 22:40:00,2025-01-15 22:46:41,,1.11,,,90,249,0,7.93,0.0,0.5,0.0,0.0,1.0,12.68,,,0.75
2,2025-01-30 16:22:03,2025-01-30 16:34:19,1.0,1.57,1.0,N,246,161,1,12.1,0.0,0.5,3.37,0.0,1.0,20.22,2.5,0.0,0.75
2,2025-01-21 09:58:43,2025-01-21 10:03:25,1.0,0.63,1.0,N,229,141,1,6.5,0.0,0.5,2.25,0.0,1.0,13.5,2.5,0.0,0.75
2,2025-01-05 01:13:34,2025-01-05 01:21:23,2.0,1.44,1.0,N,249,211,1,10.0,1.0,0.5,3.94,0.0,1.0,19.69,2.5,0.0,0.75
2,2025-01-09 16:10:45,2025-01-09 16:28:40,4.0,1.24,1.0,N,163,161,1,15.6,2.5,0.5,4.57,0.0,1.0,27.42,2.5,0.0,0.75
2,2025-01-28 17:19:33,2025-01-28 17:28:35,1.0,0.86,1.0,N,262,236,1,9.3,2.5,0.5,2.0,0.0,1.0,17.8,2.5,0.0,0.0
2,2025-01-20 19:14:06,2025-01-20 19:29:33,1.0,8.49,1.0,N,138,170,1,33.1,5.0,0.5,9.96,6.94,1.0,61.5,2.5,1.75,0.75
2,2025-01-17 08:35:45,2025-01-17 08:51:50,,2.5,,,142,246,0,18.1,0.0,0.5,1.0,0.0,1.0,23.85,,,0.75
2,2025-01-09 20:22:26,2025-01-09 20:27:08,1.0,0.82,1.0,N,43,142,1,7.2,1.0,0.5,2.59,0.0,1.0,15.54,2.5,0.0,0.75
2,2025-01-14 21:26:29,2025-01-14 21:52:52,1.0,18.65,2.0,N,132,262,1,70.0,0.0,0.5,16.54,6.94,1.0,99.23,2.5,1.75,0.0
2,2025-01-02 06:50:01,2025-01-02 06:57:20,1.0,1.35,1.0,N,239,230,1,9.3,0.0,0.5,2.0,0.0,1.0,15.3,2.5,0.0,0.0
1,2025-01-08 22:35:22,2025-01-08 22:54:44,1.0,9.6,1.0,N,138,237,1,38.7,10.25,0.5,8.61,6.94,1.0,66.0,2.5,1.75,0.0
2,2025-01-19 14:08:16,2025-01-19 14:14:09,1.0,1.05,1.0,N,68,158,2,7.9,0.0,0.5,0.0,0.0,1.0,12.65,2.5,0.0,0.75
1,2025-01-03 20:21:03,2025-01-03 20:28:33,1.0,1.0,1.0,N,163,50,1,9.3,3.5,0.5,0.0,0.0,1.0,14.3,2.5,0.0,0.0
2,2025-01-16 09:48:28,2025-01-16 09:58:59,1.0,1.16,1.0,N,237,236,1,11.4,0.0,0.5,3.08,0.0,1.0,18.48,2.5,0.0,0.0
1,2025-01-27 15:15:16,2025-01-27 15:24:36,1.0,1.4,1.0,N,125,13,2,11.4,3.25,0.5,0.0,0.0,1.0,16.15,2.5,0.0,0.75
1,2025-01-26 09:58:42,2025-01-26 10:20:12,1.0,9.1,1.0,N,229,138,1,36.6,8.25,0.5,11.6,0.0,1.0,57.95,2.5,0.0,0.75
2,2025-01-14 15:14:58,2025-01-14 15:30:44,1.0,2.1,1.0,N,236,74,4,15.6,0.0,0.5,0.0,0.0,1.0,19.6,2.5,0.0,0.0
2,2025-01-03 11:43:16,2025-01-03 12:02:49,3.0,3.61,1.0,N,236,246,1,20.5,0.0,0.5,4.9,0.0,1.0,29.4,2.5,0.0,0.0
2,2025-01-12 16:28:42,2025-01-12 16:51:19,1.0,3.9,1.0,N,90,163,1,24.0,0.0,0.5,5.75,0.0,1.0,34.5,2.5,0.0,0.75
1,2025-01-13 15:17:23,2025-01-13 15:23:47,1.0,0.9,1.0,Y,48,163,1,7.9,3.25,0.5,2.5,0.0,1.0,15.15,2.5,0.0,0.75
2,2025-01-24 09:43:26,2025-01-24 10:13:43,1.0,9.9,1.0,N,68,138,1,43.6,5.0,0.5,12.06,6.94,1.0,74.85,2.5,0.0,0.75
2,2025-01-30 17:16:48,2025-01-30 17:28:31,,1.38,,,107,170,0,11.62,0.0,0.5,0.0,0.0,1.0,16.37,,,0.75
2,2025-01-18 14:07:03,2025-01-18 14:11:59,1.0,1.01,1.0,N,237,229,1,7.2,0.0,0.5,2.39,0.0,1.0,14.34,2.5,0.0,0.75
2,2025-01-27 17:24:09,2025-01-27 17:32:47,1.0,1.08,1.0,N,161,170,1,9.3,2.5,0.5,2.48,0.0,1.0,19.03,2.5,0.0,0.75
2,2025-01-18 01:50:06,2025-01-18 02:06:49,2.0,5.15,1.0,N,186,87,1,24.0,1.0,0.5,5.95,0.0,1.0,35.7,2.5,0.0,0.75
2,2025-01-30 18:49:28,2025-01-30 19:05:28,1.0,1.78,1.0,N,230,137,1,15.6,2.5,0.5,2.0,0.0,1.0,24.85,2.5,0.0,0.75
1,2025-01-02 10:34:48,2025-01-02 11:04:48,,6.7,,,43,88,0,32.33,0.0,0.5,0.0,0.0,1.0,36.33,,,0.0
2,2025-01-27 12:30:37,2025-01-27 12:38:47,1.0,1.09,1.0,N,43,43,1,9.3,0.0,0.5,2.81,0.0,1.0,16.86,2.5,0.0,0.75
2,2025-01-31 22:05:14,2025-01-31 22:32:11,2.0,4.9,1.0,N,237,261,1,27.5,1.0,0.5,6.65,0.0,1.0,39.9,2.5,0.0,0.75
2,2025-01-15 10:50:35,2025-01-15 10:57:29,1.0,0.48,1.0,N,230,161,1,7.9,0.0,0.5,2.0,0.0,1.0,14.65,2.5,0.0,0.75
2,2025-01-30 13:13:08,2025-01-30 13:26:39,4.0,1.53,1.0,N,142,48,1,13.5,0.0,0.5,3.65,0.0,1.0,21.9,2.5,0.0,0.75
2,2025-01-18 09:01:06,2025-01-18 09:33:02,1.0,17.22,2.0,N,132,230,1,70.0,0.0,0.5,20.42,6.94,1.0,103.86,2.5,1.75,0.75
2,2025-01-01 19:31:27,2025-01-01 20:17:01,3.0,18.47,2.0,N,132,68,2,70.0,0.0,0.5,0.0,6.94,1.0,82.69,2.5,1.75,0.0
2,2025-01-17 10:29:12,2025-01-17 10:35:59,1.0,1.21,1.0,N,107,162,1,8.6,0.0,0.5,1.0,0.0,1.0,14.35,2.5,0.0,0.75
2,2025-01-14 17:29:40,2025-01-14 18:01:42,1.0,8.74,1.0,N,132,95,1,40.1,2.5,0.5,4.0,0.0,1.0,49.85,0.0,1.75,0.0
2,2025-01-28 22:55:00,2025-01-28 23:06:12,1.0,1.56,1.0,N,144,265,1,11.4,1.0,0.5,1.5,0.0,1.0,18.65,2.5,0.0,0.75
2,2025-01-06 12:27:42,2025-01-06 12:43:19,2.0,3.37,1.0,N,263,233,2,18.4,0.0,0.5,0.0,0.0,1.0,23.15,2.5,0.0,0.75
2,2025-01-11 01:43:19,2025-01-11 01:52:57,1.0,2.78,1.0,N,79,229,2,13.5,1.0,0.5,0.0,0.0,1.0,19.25,2.5,0.0,0.75
2,2025-01-19 22:28:40,2025-01-19 23:21:07,1.0,25.07,2.0,N,132,142,1,70.0,0.0,0.5,16.19,6.94,1.0,98.88,2.5,1.75,0.0
1,2025-01-30 00:27:21,2025-01-30 00:39:43,1.0,4.0,1.0,N,79,263,3,17.0,4.25,0.5,0.0,0.0,1.0,22.75,2.5,0.0,0.75
2,2025-01-18 08:04:23,2025-01-18 08:13:21,1.0,1.48,1.0,N,107,68,1,10.7,0.0,0.5,3.59,0.0,1.0,21.54,2.5,0.0,0.75
1,2025-01-28 06:41:07,2025-01-28 06:47:57,1.0,1.5,1.0,N,238,236,1,10.0,2.5,0.5,1.0,0.0,1.0,15.0,2.5,0.0,0.0
2,2025-01-23 21:36:38,2025-01-23 21:45:25,1.0,1.04,1.0,N,233,229,1,10.0,1.0,0.5,3.15,0.0,1.0,18.9,2.5,0.0,0.75
2,2025-01-31 20:40:23,2025-01-31 21:06:27,1.0,5.61,1.0,N,45,143,1,30.3,1.0,0.5,7.21,0.0,1.0,43.26,2.5,0.0,0.75
2,2025-01-30 19:07:15,2025-01-30 19:16:25,1.0,1.02,1.0,N,161,186,1,10.0,2.5,0.5,3.45,0.0,1.0,20.7,2.5,0.0,0.75
1,2025-01-28 18:49:21,2025-01-28 18:55:29,2.0,0.9,1.0,N,236,141,1,7.9,5.0,0.5,2.85,0.0,1.0,17.25,2.5,0.0,0.0
2,2025-01-07 00:44:27,2025-01-07 00:49:18,1.0,1.18,1.0,N,79,137,1,7.2,1.0,0.5,2.59,0.0,1.0,15.54,2.5,0.0,0.75
1,2025-01-27 20:36:45,2025-01-27 20:45:34,1.0,3.2,1.0,N,162,232,1,15.6,4.25,0.5,4.25,0.0,1.0,25.6,2.5,0.0,0.75
2,2025-01-01 03:40:11,2025-01-01 03:51:16,,1.7,,,246,100,0,-7.83,0.0,0.5,0.0,0.0,1.0,-3.83,,,0.0
2,2025-01-17 17:28:41,2025-01-17 17:35:36,1.0,1.15,1.0,N,114,249,1,8.6,2.5,0.5,1.58,0.0,1.0,17.43,2.5,0.0,0.75
2,2025-01-25 10:28:56,2025-01-25 10:34:48,1.0,0.95,1.0,N,142,166,1,7.9,0.0,0.5,2.38,0.0,1.0,14.28,2.5,0.0,0.0
2,2025-01-04 18:41:56,2025-01-04 18:54:43,1.0,1.11,1.0,N,161,237,1,12.1,0.0,0.5,0.0,0.0,1.0,16.1,2.5,0.0,0.0
1,2025-01-28 22:15:13,2025-01-28 22:25:44,1.0,1.2,1.0,N,100,246,4,9.3,4.25,0.5,0.0,0.0,1.0,15.05,2.5,0.0,0.75
2,2025-01-18 01:12:04,2025-01-18 01:21:42,1.0,1.61,1.0,N,79,90,1,10.7,1.0,0.5,1.0,0.0,1.0,17.45,2.5,0.0,0.75
2,2025-01-04 13:10:48,2025-01-04 13:22:01,1.0,1.42,1.0,N,114,249,1,11.4,0.0,0.5,3.08,0.0,1.0,18.48,2.5,0.0,0.0
2,2025-01-22 08:06:30,2025-01-22 08:47:48,,8.77,,,179,34,0,-1.5,0.0,0.5,0.0,0.0,1.0,3.32,,,0.0
1,2025-01-23 11:35:30,2025-01-23 12:54:10,1.0,11.1,99.0,N,116,97,1,44.5,0.0,0.5,0.0,0.0,0.0,45.0,0.0,0.0,0.0
2,2025-01-03 18:52:32,2025-01-03 19:06:02,1.0,1.88,1.0,N,211,234,1,13.5,2.5,0.5,4.0,0.0,1.0,24.0,2.5,0.0,0.0
2,2025-01-06 19:47:56,2025-01-06 19:59:47,3.0,2.38,1.0,N,238,230,1,14.2,2.5,0.5,2.55,0.0,1.0,24.0,2.5,0.0,0.75
2,2025-01-04 17:53:16,2025-01-04 18:12:14,2.0,5.48,1.0,N,12,164,1,25.4,0.0,0.5,0.0,0.0,1.0,29.4,2.5,0.0,0.0
2,2025-01-17 14:13:58,2025-01-17 14:21:37,1.0,1.15,1.0,N,239,151,1,9.3,0.0,0.5,2.66,0.0,1.0,15.96,2.5,0.0,0.0
2,2025-01-07 16:27:43,2025-01-07 16:39:27,1.0,1.95,1.0,N,142,68,1,12.8,2.5,0.5,4.01,0.0,1.0,24.06,2.5,0.0,0.75
2,2025-01-07 17:43:03,2025-01-07 17:50:16,2.0,1.18,1.0,N,236,237,1,9.3,2.5,0.5,2.37,0.0,1.0,18.17,2.5,0.0,0.0
2,2025-01-23 21:42:33,2025-01-23 21:49:36,1.0,1.68,1.0,N,239,263,1,10.0,1.0,0.5,3.0,0.0,1.0,18.0,2.5,0.0,0.0
2,2025-01-21 10:20:55,2025-01-21 10:31:21,1.0,3.45,1.0,N,262,137,1,17.0,0.0,0.5,5.0,0.0,1.0,26.75,2.5,0.0,0.75
1,2025-01-08 15:07:46,2025-01-08 15:17:29,0.0,1.1,1.0,N,68,230,1,10.0,3.25,0.5,5.0,0.0,1.0,19.75,2.5,0.0,0.75
1,2025-01-12 20:26:16,2025-01-12 20:32:54,1.0,1.3,1.0,N,237,162,2,7.9,4.25,0.5,0.0,0.0,1.0,13.65,2.5,0.0,0.75
1,2025-01-22 06:46:42,2025-01-22 07:47:43,1.0,12.1,99.0,N,21,140,1,44.5,0.0,0.5,0.0,0.0,0.0,45.0,0.0,0.0,0.0
2,2025-01-14 12:37:11,2025-01-14 12:44:06,1.0,1.06,1.0,N,140,263,1,8.6,0.0,0.5,1.4,0.0,1.0,14.0,2.5,0.0,0.0
1,2025-01-26 21:03:20,2025-01-26 21:20:33,2.0,3.1,1.0,N,230,231,1,17.7,4.25,0.5,5.85,0.0,1.0,29.3,2.5,0.0,0.75
2,2025-01-30 20:32:50,2025-01-30 20:42:13,,1.5,,,161,142,0,9.91,0.0,0.5,0.0,0.0,1.0,14.66,,,0.75
2,2025-01-09 21:00:10,2025-01-09 21:05:20,1.0,0.55,1.0,N,79,148,1,7.2,1.0,0.5,2.59,0.0,1.0,15.54,2.5,0.0,0.75
1,2025-01-07 18:32:29,2025-01-07 18:41:08,1.0,1.5,1.0,N,230,237,1,9.3,5.75,0.5,3.3,0.0,1.0,19.85,2.5,0.0,0.75
2,2025-01-20 11:17:59,2025-01-20 11:26:06,1.0,1.57,1.0,N,161,107,1,10.0,0.0,0.5,2.95,0.0,1.0,17.7,2.5,0.0,0.75
2,2025-01-28 17:58:51,2025-01-28 18:21:23,,0.0,,,87,230,0,22.69,0.0,0.5,0.0,0.0,1.0,27.44,,,0.75
1,2025-01-15 14:20:20,2025-01-15 14:31:13,1.0,1.5,1.0,N,236,151,2,12.1,2.5,0.5,0.0,0.0,1.0,16.1,2.5,0.0,0.0
2,2025-01-18 22:44:33,2025-01-18 23:14:18,1.0,9.7,1.0,N,148,244,1,43.6,1.0,0.5,9.87,0.0,1.0,59.22,2.5,0.0,0.75
2,2025-01-20 16:01:22,2025-01-20 16:19:05,1.0,3.72,1.0,N,236,68,1,19.8,0.0,0.5,4.0,0.0,1.0,28.55,2.5,0.0,0.75
2,2025-01-08 09:16:06,2025-01-08 09:27:30,1.0,1.59,1.0,N,140,161,1,11.4,0.0,0.5,3.23,0.0,1.0,19.38,2.5,0.0,0.75
2,2025-01-03 10:41:57,2025-01-03 11:01:46,2.0,7.5,1.0,N,162,231,1,32.4,0.0,0.5,7.28,0.0,1.0,43.68,2.5,0.0,0.0
2,2025-01-20 19:34:08,2025-01-20 19:38:20,1.0,0.9,1.0,N,142,239,1,6.5,0.0,0.5,2.81,0.0,1.0,14.06,2.5,0.0,0.75
2,2025-01-05 10:37:39,2025-01-05 10:46:08,1.0,1.31,1.0,N,163,162,2,10.0,0.0,0.5,0.0,0.0,1.0,14.75,2.5,0.0,0.75
2,2025-01-22 13:51:55,2025-01-22 14:24:18,,2.18,,,163,90,0,20.03,0.0,0.5,0.0,0.0,1.0,24.78,,,0.75
1,2025-01-16 07:58:09,2025-01-16 08:06:24,1.0,1.1,1.0,N,263,140,1,9.3,2.5,0.5,2.0,0.0,1.0,15.3,2.5,0.0,0.0
1,2025-01-01 03:02:51,2025-01-01 03:18:41,1.0,4.2,1.0,N,137,238,1,18.4,3.5,0.5,4.0,0.0,1.0,27.4,2.5,0.0,0.0
1,2025-01-31 06:43:36,2025-01-31 06:54:14,,1.8,,,143,237,0,11.83,0.0,0.5,0.0,0.0,1.0,16.58,,,0.75
2,2025-01-26 01:41:12,2025-01-26 01:46:20,1.0,0.65,1.0,N,79,114,1,7.2,1.0,0.5,1.0,0.0,1.0,13.95,2.5,0.0,0.75
1,2025-01-26 18:20:04,2025-01-26 18:29:24,0.0,1.6,1.0,N,142,48,1,11.4,3.25,0.5,3.23,0.0,1.0,19.38,2.5,0.0,0.75
2,2025-01-21 10:43:32,2025-01-21 10:49:00,1.0,0.72,1.0,N,68,246,1,7.2,0.0,0.5,1.2,0.0,1.0,13.15,2.5,0.0,0.75
2,2025-01-02 11:45:03,2025-01-02 11:56:58,1.0,1.79,1.0,N,186,79,2,12.1,0.0,0.5,0.0,0.0,1.0,16.1,2.5,0.0,0.0
2,2025-01-21 15:50:29,2025-01-21 16:02:31,1.0,1.83,1.0,N,48,90,2,12.8,0.0,0.5,0.0,0.0,1.0,17.55,2.5,0.0,0.75
1,2025-01-31 14:13:20,2025-01-31 14:19:17,2.0,0.4,1.0,N,140,140,1,6.5,2.5,0.5,2.1,0.0,1.0,12.6,2.5,0.0,0.0
2,2025-01-05 10:09:12,2025-01-05 10:15:43,1.0,0.92,1.0,N,230,186,1,7.9,0.0,0.5,1.26,0.0,1.0,13.91,2.5,0.0,0.75
2,2025-01-19 08:05:34,2025-01-19 08:35:41,1.0,19.74,2.0,N,132,87,1,70.0,0.0,0.5,16.69,6.94,1.0,100.13,2.5,1.75,0.75
2,2025-01-03 11:55:15,2025-01-03 12:06:03,1.0,1.23,1.0,N,186,48,1,10.7,0.0,0.5,2.94,0.0,1.0,17.64,2.5,0.0,0.0
2,2025-01-27 20:24:59,2025-01-27 20:44:04,1.0,4.24,1.0,N,246,236,1,21.9,1.0,0.5,5.38,0.0,1.0,33.03,2.5,0.0,0.75
2,2025-01-09 18:38:47,2025-01-09 18:49:36,1.0,1.29,1.0,N,161,142,1,11.4,2.5,0.5,3.73,0.0,1.0,22.38,2.5,0.0,0.75
1,2025-01-10 09:27:48,2025-01-10 09:49:44,1.0,2.8,1.0,N,231,170,1,18.4,3.25,0.5,4.65,0.0,1.0,27.8,2.5,0.0,0.75
2,2025-01-11 19:36:58,2025-01-11 20:25:20,2.0,17.24,2.0,N,132,234,1,70.0,0.0,0.5,0.0,6.94,1.0,83.44,2.5,1.75,0.75
2,2025-01-14 11:41:58,2025-01-14 11:50:40,1.0,1.06,1.0,N,162,237,1,9.3,0.0,0.5,2.11,0.0,1.0,16.16,2.5,0.0,0.75
2,2025-01-07 09:29:56,2025-01-07 09:39:40,1.0,1.19,1.0,N,140,262,1,10.0,0.0,0.5,2.8,0.0,1.0,16.8,2.5,0.0,0.0
1,2025-01-05 11:46:09,2025-01-05 11:51:14,1.0,1.3,1.0,N,263,237,3,7.9,3.25,0.5,0.0,0.0,1.0,12.65,2.5,0.0,0.75
2,2025-01-15 12:08:53,2025-01-15 12:34:51,2.0,1.47,1.0,N,236,163,2,21.9,0.0,0.5,0.0,0.0,1.0,26.65,2.5,0.0,0.75
2,2025-01-01 21:39:33,2025-01-01 21:45:45,2.0,2.3,1.0,N,162,236,1,10.7,1.0,0.5,3.14,0.0,1.0,18.84,2.5,0.0,0.0
2,2025-01-08 18:38:50,2025-01-08 19:04:55,1.0,5.89,1.0,N,107,166,1,28.9,2.5,0.5,7.23,0.0,1.0,43.38,2.5,0.0,0.75
2,2025-01-20 20:36:03,2025-01-20 20:45:27,,1.46,,,186,233,0,8.51,0.0,0.5,0.0,0.0,1.0,13.26,,,0.75
2,2025-01-24 18:26:48,2025-01-24 18:36:32,1.0,1.25,1.0,N,142,141,1,10.7,2.5,0.5,4.49,0.0,1.0,22.44,2.5,0.0,0.75
1,2025-01-25 15:52:38,2025-01-25 16:03:02,1.0,1.3,1.0,N,234,137,2,10.0,3.25,0.5,0.0,0.0,1.0,14.75,2.5,0.0,0.75
2,2025-01-03 06:32:31,2025-01-03 06:36:44,1.0,0.62,1.0,N,48,161,1,5.8,0.0,0.5,2.0,0.0,1.0,11.8,2.5,0.0,0.0
2,2025-01-30 15:50:38,2025-01-30 15:57:17,1.0,0.52,1.0,N,161,162,1,7.9,0.0,0.5,2.53,0.0,1.0,15.18,2.5,0.0,0.75
1,2025-01-02 11:57:23,2025-01-02 12:06:58,1.0,1.1,1.0,N,236,75,1,9.3,2.5,0.5,1.0,0.0,1.0,14.3,2.5,0.0,0.0
2,2025-01-21 00:30:34,2025-01-21 00:40:59,1.0,3.7,1.0,N,138,7,1,17.7,6.0,0.5,5.39,0.0,1.0,32.34,0.0,1.75,0.0
2,2025-01-21 18:45:51,2025-01-21 19:01:06,,0.0,,,140,79,0,18.94,0.0,0.5,0.0,0.0,1.0,23.69,,,0.75
2,2025-01-16 20:15:34,2025-01-16 20:37:38,2.0,10.07,1.0,N,132,86,2,40.8,1.0,0.5,0.0,0.0,1.0,45.05,0.0,1.75,0.0
2,2025-01-03 19:33:37,2025-01-03 19:42:49,4.0,0.84,1.0,N,142,162,4,-9.3,-2.5,-0.5,0.0,0.0,-1.0,-15.8,-2.5,0.0,0.0
2,2025-01-31 09:54:37,2025-01-31 10:27:46,1.0,11.56,1.0,N,138,161,1,48.5,5.0,0.5,8.0,6.94,1.0,74.94,2.5,1.75,0.75
2,2025-01-10 11:56:40,2025-01-10 12:07:33,3.0,1.55,1.0,N,68,230,1,11.4,0.0,0.5,3.23,0.0,1.0,19.38,2.5,0.0,0.75
2,2025-01-25 17:49:17,2025-01-25 18:03:43,1.0,1.81,1.0,N,107,68,1,14.2,0.0,0.5,3.79,0.0,1.0,22.74,2.5,0.0,0.75
2,2025-01-17 11:35:07,2025-01-17 11:53:13,1.0,5.4,1.0,N,164,87,1,26.1,0.0,0.5,6.17,0.0,1.0,37.02,2.5,0.0,0.75
2,2025-01-16 20:59:15,2025-01-16 21:14:26,,5.37,,,170,87,0,18.26,0.0,0.5,0.0,0.0,1.0,23.01,,,0.75
2,2025-01-01 12:52:23,2025-01-01 13:05:50,1.0,8.23,1.0,N,263,138,1,32.4,5.0,0.5,9.67,6.94,1.0,58.01,2.5,0.0,0.0
2,2025-01-23 22:39:54,2025-01-23 23:07:48,2.0,12.52,1.0,N,138,68,1,51.3,6.0,0.5,14.15,6.94,1.0,84.89,2.5,1.75,0.75
1,2025-01-12 05:30:54,2025-01-12 05:40:32,,2.0,,,233,237,0,10.67,0.0,0.5,0.0,0.0,1.0,15.42,,,0.75
2,2025-01-31 14:26:29,2025-01-31 14:36:11,1.0,2.21,1.0,N,13,211,2,12.1,0.0,0.5,0.0,0.0,1.0,16.85,2.5,0.0,0.75
2,2025-01-27 18:08:18,2025-01-27 18:27:21,1.0,4.66,1.0,N,140,42,1,24.0,2.5,0.5,6.1,0.0,1.0,36.6,2.5,0.0,0.0
1,2025-01-25 23:37:29,2025-01-25 23:48:47,1.0,1.4,1.0,N,114,79,1,11.4,4.25,0.5,3.4,0.0,1.0,20.55,2.5,0.0,0.75
2,2025-01-27 08:41:14,2025-01-27 08:49:35,1.0,0.89,1.0,N,263,236,1,9.3,0.0,0.5,2.66,0.0,1.0,15.96,2.5,0.0,0.0
2,2025-01-09 09:33:25,2025-01-09 09:39:02,1.0,0.88,1.0,N,142,143,1,7.9,0.0,0.5,2.38,0.0,1.0,14.28,2.5,0.0,0.0
1,2025-01-23 15:51:48,2025-01-23 16:14:26,1.0,3.9,1.0,N,142,116,1,20.5,2.5,0.5,4.9,0.0,1.0,29.4,2.5,0.0,0.0
2,2025-01-04 12:48:49,2025-01-04 12:56:04,1.0,0.9,1.0,N,236,140,1,8.6,0.0,0.5,2.52,0.0,1.0,15.12,2.5,0.0,0.0
2,2025-01-30 20:31:55,2025-01-30 20:53:11,,2.37,,,13,114,0,16.29,0.0,0.5,0.0,0.0,1.0,21.04,,,0.75
2,2025-01-17 19:05:48,2025-01-17 19:18:14,,0.0,,,107,232,0,-4.75,0.0,0.5,0.0,0.0,1.0,2.24,,,0.75
2,2025-01-10 16:34:45,2025-01-10 16:41:57,1.0,0.85,1.0,N,68,100,1,8.6,2.5,0.5,1.5,0.0,1.0,17.35,2.5,0.0,0.75
1,2025-01-24 14:07:20,2025-01-24 14:22:36,1.0,1.2,99.0,N,10,218,1,17.5,0.0,0.5,0.0,0.0,0.0,18.0,0.0,0.0,0.0
2,2025-01-19 10:59:16,2025-01-19 11:22:49,2.0,10.79,1.0,N,230,138,1,42.9,5.0,0.5,13.16,0.0,1.0,65.81,2.5,0.0,0.75
2,2025-01-28 20:06:59,2025-01-28 20:16:37,1.0,1.56,1.0,N,142,50,2,10.7,2.5,0.5,0.0,0.0,1.0,17.95,2.5,0.0,0.75
2,2025-01-17 08:16:46,2025-01-17 08:31:22,1.0,2.67,1.0,N,142,170,1,15.6,0.0,0.5,1.96,0.0,1.0,21.56,2.5,0.0,0.0
2,2025-01-16 09:09:29,2025-01-16 09:23:25,1.0,1.76,1.0,N,211,13,1,14.2,0.0,0.5,4.74,0.0,1.0,23.69,2.5,0.0,0.75
2,2025-01-25 13:19:00,2025-01-25 13:42:00,,2.14,,,143,230,0,-4.75,0.0,0.5,0.0,0.0,1.0,4.57,,,0.75
2,2025-01-27 14:03:16,2025-01-27 14:17:42,1.0,1.77,1.0,N,113,170,1,14.2,0.0,0.5,3.79,0.0,1.0,22.74,2.5,0.0,0.75
2,2025-01-15 06:11:36,2025-01-15 06:16:27,1.0,1.04,1.0,N,100,161,1,7.2,0.0,0.5,3.58,0.0,1.0,15.53,2.5,0.0,0.75
2,2025-01-28 14:03:51,2025-01-28 14:05:29,2.0,0.39,1.0,N,143,143,2,4.4,0.0,0.5,0.0,0.0,1.0,8.4,2.5,0.0,0.0
2,2025-01-02 10:06:00,2025-01-02 10:26:00,,12.54,,,209,138,0,42.0,0.0,0.5,6.9,0.0,1.0,52.9,,,0.0
1,2025-01-23 14:40:13,2025-01-23 14:47:19,2.0,0.7,1.0,N,237,237,1,7.9,2.5,0.5,2.35,0.0,1.0,14.25,2.5,0.0,0.0
2,2025-01-18 10:50:11,2025-01-18 11:00:12,3.0,1.02,1.0,N,230,162,1,10.7,0.0,0.5,3.09,0.0,1.0,18.54,2.5,0.0,0.75
2,2025-01-03 22:02:51,2025-01-03 22:14:15,2.0,2.05,1.0,N,48,90,1,12.8,1.0,0.5,4.45,0.0,1.0,22.25,2.5,0.0,0.0
2,2025-01-06 13:46:30,2025-01-06 13:55:20,1.0,1.61,1.0,N,230,246,1,10.7,0.0,0.5,3.09,0.0,1.0,18.54,2.5,0.0,0.75
2,2025-01-10 21:37:14,2025-01-10 21:48:56,2.0,1.59,1.0,N,113,231,1,12.1,1.0,0.5,1.78,0.0,1.0,19.63,2.5,0.0,0.75
2,2025-01-15 15:28:39,2025-01-15 15:35:33,1.0,0.94,1.0,N,43,263,1,7.9,0.0,0.5,2.38,0.0,1.0,14.28,2.5,0.0,0.0
2,2025-01-28 10:52:13,2025-01-28 11:09:55,1.0,1.94,1.0,N,68,161,1,16.3,0.0,0.5,4.21,0.0,1.0,25.26,2.5,0.0,0.75
1,2025-01-23 18:42:07,2025-01-23 19:18:14,1.0,15.5,2.0,N,132,170,2,70.0,8.25,0.5,0.0,6.94,1.0,86.69,2.5,0.0,0.75
2,2025-01-26 12:19:56,2025-01-26 12:33:21,1.0,1.01,1.0,N,162,186,1,12.8,0.0,0.5,3.51,0.0,1.0,21.06,2.5,0.0,0.75
2,2025-01-17 17:34:09,2025-01-17 17:52:22,1.0,2.47,1.0,N,239,68,1,17.7,2.5,0.5,4.99,0.0,1.0,29.94,2.5,0.0,0.75
2,2025-01-10 05:56:44,2025-01-10 05:57:53,1.0,0.42,1.0,N,263,263,1,4.4,1.0,0.5,1.88,0.0,1.0,11.28,2.5,0.0,0.0
2,2025-01-01 07:05:02,2025-01-01 07:20:52,,4.56,,,127,116,0,-7.07,0.0,0.5,0.0,0.0,1.0,-5.57,,,0.0
2,2025-01-26 22:08:27,2025-01-26 22:15:26,1.0,1.05,1.0,N,148,79,1,7.9,1.0,0.5,2.58,0.0,1.0,16.23,2.5,0.0,0.75
2,2025-01-27 22:56:07,2025-01-27 23:03:58,,1.42,,,230,90,0,15.4,0.0,0.5,0.0,0.0,1.0,20.15,,,0.75
2,2025-01-04 09:23:01,2025-01-04 09:40:12,6.0,3.9,1.0,N,234,13,1,21.9,0.0,0.5,5.18,0.0,1.0,31.08,2.5,0.0,0.0
2,2025-01-12 07:37:00,2025-01-12 07:43:00,,1.13,,,170,186,0,12.14,0.0,0.5,3.38,0.0,1.0,20.27,,,0.75
2,2025-01-20 17:33:13,2025-01-20 17:45:46,2.0,1.68,1.0,N,88,144,1,12.8,0.0,0.5,2.0,0.0,1.0,19.55,2.5,0.0,0.75
2,2025-01-24 23:00:31,2025-01-24 23:19:53,,3.45,,,144,163,0,27.1,0.0,0.5,0.0,0.0,1.0,31.85,,,0.75
2,2025-01-26 15:56:07,2025-01-26 16:16:56,,5.77,,,142,148,0,30.23,0.0,0.5,0.0,0.0,1.0,34.98,,,0.75
1,2025-01-24 13:02:48,2025-01-24 13:17:15,1.0,1.9,1.0,N,234,148,1,14.9,3.25,0.5,0.0,0.0,1.0,19.65,2.5,0.0,0.75
2,2025-01-26 15:55:48,2025-01-26 16:00:49,3.0,0.82,1.0,N,164,161,1,7.2,0.0,0.5,2.39,0.0,1.0,14.34,2.5,0.0,0.75
2,2025-01-31 16:51:25,2025-01-31 17:02:14,,0.0,,,50,142,0,11.57,0.0,0.5,0.0,0.0,1.0,16.32,,,0.75
2,2025-01-02 17:45:27,2025-01-02 18:11:29,1.0,9.84,1.0,N,138,238,1,41.5,5.0,0.5,11.49,6.94,1.0,70.68,2.5,1.75,0.0
2,2025-01-18 16:07:12,2025-01-18 16:12:41,1.0,0.79,1.0,N,236,263,1,7.2,0.0,0.5,2.24,0.0,1.0,13.44,2.5,0.0,0.0
2,2025-01-30 19:46:25,2025-01-30 19:56:36,1.0,1.48,1.0,N,246,186,1,10.7,2.5,0.5,3.59,0.0,1.0,21.54,2.5,0.0,0.75
1,2025-01-30 22:30:41,2025-01-30 23:11:25,1.0,13.0,1.0,N,132,40,1,52.0,2.75,0.5,7.5,0.0,1.0,63.75,0.0,1.75,0.0
1,2025-01-16 14:26:45,2025-01-16 14:36:23,,1.2,,,75,166,0,12.29,0.0,0.5,0.0,0.0,1.0,13.79,,,0.0
2,2025-01-23 22:04:33,2025-01-23 22:41:15,,8.0,,,85,186,0,43.4,0.0,0.5,0.0,0.0,1.0,48.15,,,0.75
2,2025-01-30 23:10:41,2025-01-30 23:21:22,,1.86,,,186,142,0,-4.75,0.0,0.5,0.0,0.0,1.0,1.0,,,0.75
2,2025-01-07 16:33:53,2025-01-07 17:02:25,1.0,8.42,1.0,N,261,239,1,38.0,0.0,0.5,8.55,0.0,1.0,51.3,2.5,0.0,0.75
2,2025-01-31 18:10:27,2025-01-31 18:35:05,,0.0,,,79,100,0,20.84,0.0,0.5,0.0,0.0,1.0,25.59,,,0.75
2,2025-01-15 13:51:27,2025-01-15 13:59:59,1.0,1.39,1.0,N,211,158,1,10.0,0.0,0.5,1.48,0.0,1.0,16.23,2.5,0.0,0.75
2,2025-01-23 22:50:47,2025-01-23 23:01:01,1.0,1.55,1.0,N,68,100,1,11.4,1.0,0.5,4.29,0.0,1.0,21.44,2.5,0.0,0.75
2,2025-01-12 14:01:49,2025-01-12 14:19:02,1.0,5.1,1.0,N,237,114,1,24.7,0.0,0.5,5.89,0.0,1.0,35.34,2.5,0.0,0.75
1,2025-01-31 10:19:16,2025-01-31 10:30:33,,1.2,,,162,163,0,11.4,0.0,0.5,2.42,0.0,1.0,18.57,,,0.75
2,2025-01-30 05:49:46,2025-01-30 05:52:45,,0.78,,,262,263,0,5.8,0.0,0.5,0.0,0.0,1.0,9.8,,,0.0
2,2025-01-28 21:27:44,2025-01-28 21:38:23,1.0,2.2,1.0,N,162,236,1,12.1,1.0,0.5,3.57,0.0,1.0,21.42,2.5,0.0,0.75
2,2025-01-30 22:37:25,2025-01-30 23:04:20,,5.71,,,239,4,0,26.42,0.0,0.5,0.0,0.0,1.0,31.17,,,0.75
2,2025-01-04 20:24:13,2025-01-04 20:31:51,3.0,1.34,1.0,N,161,140,1,9.3,0.0,0.5,2.66,0.0,1.0,15.96,2.5,0.0,0.0
1,2025-01-22 17:19:55,2025-01-22 17:36:53,1.0,2.1,1.0,N,161,113,1,14.9,5.75,0.5,4.45,0.0,1.0,26.6,2.5,0.0,0.75
1,2025-01-14 18:28:01,2025-01-14 19:04:49,1.0,3.2,99.0,N,22,14,1,20.5,0.0,0.5,0.0,0.0,0.0,21.0,0.0,0.0,0.0
2,2025-01-07 06:11:28,2025-01-07 06:26:51,,2.62,,,188,181,0,16.71,0.0,0.5,0.0,0.0,1.0,18.21,,,0.0
2,2025-01-28 22:32:30,2025-01-28 22:35:34,2.0,0.4,1.0,N,239,238,1,5.1,1.0,0.5,2.02,0.0,1.0,12.12,2.5,0.0,0.0
2,2025-01-27 17:10:41,2025-01-27 17:32:56,2.0,2.24,1.0,N,163,164,1,19.8,2.5,0.5,2.0,0.0,1.0,29.05,2.5,0.0,0.75
1,2025-01-07 19:09:44,2025-01-07 19:12:29,1.0,0.5,1.0,N,142,142,1,5.1,5.0,0.5,2.3,0.0,1.0,13.9,2.5,0.0,0.0
1,2025-01-23 18:34:18,2025-01-23 18:42:25,1.0,1.1,1.0,N,234,170,1,9.3,5.75,0.5,4.1,0.0,1.0,20.65,2.5,0.0,0.75
2,2025-01-02 06:16:43,2025-01-02 06:33:55,5.0,8.16,1.0,N,132,76,1,32.4,0.0,0.5,0.0,0.0,1.0,35.65,0.0,1.75,0.0
2,2025-01-18 15:26:06,2025-01-18 15:30:24,1.0,0.45,1.0,N,48,48,1,5.8,0.0,0.5,2.11,0.0,1.0,12.66,2.5,0.0,0.75
2,2025-01-30 09:10:28,2025-01-30 09:23:26,1.0,0.94,1.0,N,68,107,1,12.1,0.0,0.5,3.37,0.0,1.0,20.22,2.5,0.0,0.75
2,2025-01-05 14:25:27,2025-01-05 14:48:36,3.0,6.98,1.0,N,13,230,1,33.1,0.0,0.5,11.36,0.0,1.0,49.21,2.5,0.0,0.75
2,2025-01-24 08:58:17,2025-01-24 09:06:30,1.0,1.22,1.0,N,246,143,1,10.0,0.0,0.5,2.95,0.0,1.0,17.7,2.5,0.0,0.75
2,2025-01-28 18:05:19,2025-01-28 18:13:28,2.0,1.25,1.0,N,238,263,1,10.0,2.5,0.5,1.65,0.0,1.0,18.15,2.5,0.0,0.0
2,2025-01-23 13:50:19,2025-01-23 14:08:27,1.0,2.29,1.0,N,170,48,1,17.0,0.0,0.5,0.0,0.0,1.0,21.75,2.5,0.0,0.75
1,2025-01-15 05:59:35,2025-01-15 06:40:37,1.0,14.7,99.0,N,174,130,1,45.5,0.0,0.5,0.0,6.94,0.0,52.94,0.0,0.0,0.0
2,2025-01-09 16:39:49,2025-01-09 16:44:52,1.0,0.9,1.0,N,79,137,3,-7.2,-2.5,-0.5,0.0,0.0,-1.0,-14.45,-2.5,0.0,0.0
2,2025-01-15 13:09:09,2025-01-15 13:36:12,1.0,2.42,1.0,N,164,236,1,23.3,0.0,0.5,7.01,0.0,1.0,35.06,2.5,0.0,0.75
2,2025-01-26 16:28:07,2025-01-26 16:34:04,2.0,0.94,1.0,N,263,237,1,7.9,0.0,0.5,2.38,0.0,1.0,14.28,2.5,0.0,0.0
2,2025-01-24 17:28:43,2025-01-24 18:15:01,1.0,11.42,1.0,N,230,95,1,52.7,2.5,0.5,13.38,6.94,1.0,80.27,2.5,0.0,0.75
2,2025-01-08 13:18:36,2025-01-08 13:39:41,2.0,2.93,1.0,N,246,144,1,20.5,0.0,0.5,5.05,0.0,1.0,30.3,2.5,0.0,0.75
2,2025-01-14 16:08:47,2025-01-14 16:24:46,1.0,2.1,1.0,N,246,161,1,16.3,2.5,0.5,4.71,0.0,1.0,28.26,2.5,0.0,0.75
2,2025-01-10 19:23:47,2025-01-10 19:42:23,1.0,1.15,1.0,N,186,170,1,16.3,2.5,0.5,4.71,0.0,1.0,28.26,2.5,0.0,0.75
2,2025-01-11 12:19:04,2025-01-11 12:30:06,1.0,2.45,1.0,N,164,236,1,13.5,0.0,0.5,3.65,0.0,1.0,21.9,2.5,0.0,0.75
1,2025-01-22 15:59:36,2025-01-22 16:26:11,1.0,8.9,1.0,N,70,151,1,39.4,9.25,0.5,11.4,6.94,1.0,68.49,0.0,1.75,0.0
2,2025-01-24 18:27:29,2025-01-24 18:36:28,1.0,1.01,1.0,N,162,141,1,9.3,2.5,0.5,3.31,0.0,1.0,19.86,2.5,0.0,0.75
2,2025-01-14 22:05:32,2025-01-14 22:15:49,,1.78,,,170,79,0,12.25,0.0,0.5,0.0,0.0,1.0,17.0,,,0.75
2,2025-01-10 10:55:13,2025-01-10 10:58:22,1.0,0.43,1.0,N,45,148,1,5.1,0.0,0.5,1.0,0.0,1.0,10.85,2.5,0.0,0.75
2,2025-01-23 08:01:27,2025-01-23 08:11:27,2.0,0.97,1.0,N,237,236,1,10.7,0.0,0.5,2.94,0.0,1.0,17.64,2.5,0.0,0.0
2,2025-01-06 14:34:06,2025-01-06 14:46:38,4.0,7.17,5.0,N,145,138,1,65.0,5.0,0.0,5.0,6.94,1.0,82.94,0.0,0.0,0.0
1,2025-01-17 10:55:42,2025-01-17 11:16:51,1.0,2.8,1.0,N,43,114,2,17.7,3.25,0.5,0.0,0.0,1.0,22.45,2.5,0.0,0.75
2,2025-01-10 19:35:49,2025-01-10 19:50:14,2.0,2.44,1.0,N,107,237,1,16.3,2.5,0.5,3.0,0.0,1.0,26.55,2.5,0.0,0.75
2,2025-01-03 17:53:48,2025-01-03 17:56:51,2.0,0.38,1.0,N,229,229,1,5.1,2.5,0.5,2.32,0.0,1.0,13.92,2.5,0.0,0.0
1,2025-01-19 17:16:54,2025-01-19 17:22:32,1.0,0.6,1.0,N,142,142,1,6.5,3.25,0.5,2.25,0.0,1.0,13.5,2.5,0.0,0.75
2,2025-01-30 04:27:12,2025-01-30 04:36:45,1.0,2.43,1.0,N,90,50,4,-13.5,-1.0,-0.5,3.85,0.0,-1.0,-15.4,-2.5,0.0,-0.75
2,2025-01-04 15:19:24,2025-01-04 15:33:27,2.0,1.76,1.0,N,164,107,3,-13.5,0.0,-0.5,0.0,0.0,-1.0,-17.5,-2.5,0.0,0.0
2,2025-01-17 22:01:59,2025-01-17 22:08:10,1.0,0.0,99.0,N,45,45,3,0.0,0.0,-0.5,0.0,0.0,-1.0,-4.75,-2.5,0.0,0.0
2,2025-01-17 11:38:44,2025-01-17 11:52:09,1.0,0.94,1.0,N,163,237,1,12.8,0.0,0.5,2.0,0.0,1.0,19.55,2.5,0.0,0.75
2,2025-01-15 10:24:24,2025-01-15 10:40:48,1.0,2.15,1.0,N,237,238,1,17.0,0.0,0.5,4.2,0.0,1.0,25.2,2.5,0.0,0.0
1,2025-01-10 18:02:50,2025-01-10 18:19:57,1.0,2.0,1.0,N,262,43,1,14.2,5.75,0.5,5.36,0.0,1.0,26.81,2.5,0.0,0.75
2,2025-01-01 02:16:45,2025-01-01 02:36:56,,8.19,,,171,193,0,-1.0,0.0,0.5,0.0,0.0,1.0,3.69,,,0.0
2,2025-01-10 15:26:11,2025-01-10 15:32:20,1.0,0.47,1.0,N,238,238,1,7.2,0.0,0.5,0.5,0.0,1.0,11.7,2.5,0.0,0.0
1,2025-01-26 17:30:44,2025-01-26 17:41:49,2.0,1.3,1.0,N,142,239,2,11.4,2.5,0.5,0.0,0.0,1.0,15.4,2.5,0.0,0.0
1,2025-01-08 14:47:30,2025-01-08 16:05:28,1.0,13.4,99.0,N,189,42,1,43.5,0.0,0.5,0.0,6.94,0.0,50.94,0.0,0.0,0.0
2,2025-01-31 13:40:15,2025-01-31 13:45:55,1.0,0.62,1.0,N,236,236,2,7.2,0.0,0.5,0.0,0.0,1.0,11.2,2.5,0.0,0.0
2,2025-01-10 18:07:11,2025-01-10 18:24:03,1.0,2.84,1.0,N,48,125,1,17.0,2.5,0.5,4.85,0.0,1.0,29.1,2.5,0.0,0.75
2,2025-01-25 22:51:45,2025-01-25 23:05:59,1.0,2.1,1.0,N,186,113,1,14.9,1.0,0.5,4.13,0.0,1.0,24.78,2.5,0.0,0.75
2,2025-01-16 16:23:42,2025-01-16 16:38:12,1.0,2.79,1.0,N,125,170,1,16.3,2.5,0.5,4.71,0.0,1.0,28.26,2.5,0.0,0.75
1,2025-01-16 17:07:58,2025-01-16 17:15:46,1.0,1.0,1.0,N,239,151,1,7.9,5.0,0.5,2.0,0.0,1.0,16.4,2.5,0.0,0.0
1,2025-01-06 18:15:21,2025-01-06 18:28:34,1.0,2.2,1.0,N,161,263,1,13.5,5.0,0.5,3.0,0.0,1.0,23.0,2.5,0.0,0.0
2,2025-01-06 12:41:09,2025-01-06 12:49:50,1.0,1.21,1.0,N,186,107,1,10.0,0.0,0.5,4.42,0.0,1.0,19.17,2.5,0.0,0.75
2,2025-01-18 01:54:24,2025-01-18 02:00:35,1.0,1.66,1.0,N,114,137,1,9.3,1.0,0.5,3.01,0.0,1.0,18.06,2.5,0.0,0.75
2,2025-01-30 13:14:23,2025-01-30 13:29:58,,0.99,,,229,170,0,10.61,0.0,0.5,0.0,0.0,1.0,15.36,,,0.75
2,2025-01-18 16:25:54,2025-01-18 16:37:15,1.0,1.44,1.0,N,90,211,1,11.4,0.0,0.5,0.48,0.0,1.0,16.63,2.5,0.0,0.75
2,2025-01-18 01:51:41,2025-01-18 01:59:04,,1.57,,,148,137,0,8.96,0.0,0.5,0.0,0.0,1.0,13.71,,,0.75
2,2025-01-13 12:09:59,2025-01-13 12:36:03,1.0,8.05,1.0,N,138,36,1,35.9,5.0,0.5,8.83,0.0,1.0,52.98,0.0,1.75,0.0
2,2025-01-08 00:23:28,2025-01-08 00:33:23,1.0,1.28,1.0,N,186,48,2,10.7,1.0,0.5,0.0,0.0,1.0,16.45,2.5,0.0,0.75
2,2025-01-11 00:27:43,2025-01-11 00:36:08,,1.2,,,107,249,0,7.72,0.0,0.5,0.0,0.0,1.0,12.47,,,0.75
2,2025-01-18 02:34:14,2025-01-18 02:42:46,,1.77,,,114,158,0,10.44,0.0,0.5,0.0,0.0,1.0,15.19,,,0.75
2,2025-01-08 09:12:23,2025-01-08 09:17:43,1.0,0.52,1.0,N,141,263,1,6.5,0.0,0.5,2.1,0.0,1.0,12.6,2.5,0.0,0.0
2,2025-01-17 20:04:30,2025-01-17 20:20:25,1.0,2.34,1.0,N,90,233,1,16.3,1.0,0.5,1.25,0.0,1.0,23.3,2.5,0.0,0.75
2,2025-01-12 14:54:40,2025-01-12 15:10:38,1.0,1.47,1.0,N,68,233,1,14.9,0.0,0.5,0.0,0.0,1.0,19.65,2.5,0.0,0.75
2,2025-01-15 05:50:55,2025-01-15 05:59:56,1.0,1.87,1.0,N,162,141,1,11.4,1.0,0.5,2.0,0.0,1.0,19.15,2.5,0.0,0.75
2,2025-01-24 23:08:20,2025-01-24 23:21:12,,1.92,,,79,164,0,14.5,0.0,0.5,0.0,0.0,1.0,19.25,,,0.75
2,2025-01-28 23:23:07,2025-01-28 23:39:27,,5.2,,,75,244,0,19.67,0.0,0.5,0.0,0.0,1.0,21.17,,,0.0
2,2025-01-15 20:18:23,2025-01-15 20:29:20,1.0,2.48,1.0,N,137,263,1,13.5,1.0,0.5,2.0,0.0,1.0,21.25,2.5,0.0,0.75
2,2025-01-04 16:25:34,2025-01-04 16:30:49,2.0,1.26,1.0,N,158,231,1,7.9,0.0,0.5,2.38,0.0,1.0,14.28,2.5,0.0,0.0
2,2025-01-22 22:58:18,2025-01-22 23:14:46,,4.22,,,48,13,0,20.27,0.0,0.5,0.0,0.0,1.0,25.02,,,0.75
1,2025-01-05 18:10:54,2025-01-05 18:15:28,2.0,0.5,1.0,N,249,113,1,6.5,3.25,0.5,2.8,0.0,1.0,14.05,2.5,0.0,0.75
2,2025-01-16 21:16:00,2025-01-16 21:23:00,,1.26,,,230,50,0,11.2,0.0,0.5,0.0,0.0,1.0,15.95,,,0.75
2,2025-01-01 01:20:34,2025-01-01 01:29:00,,1.99,,,162,263,0,8.88,0.0,0.5,0.0,0.0,1.0,12.88,,,0.0
2,2025-01-24 23:31:28,2025-01-24 23:51:36,1.0,3.92,1.0,N,261,161,1,21.2,1.0,0.5,2.0,0.0,1.0,28.95,2.5,0.0,0.75
2,2025-01-20 11:01:23,2025-01-20 11:09:29,1.0,1.38,1.0,N,238,143,1,10.0,0.0,0.5,3.69,0.0,1.0,18.44,2.5,0.0,0.75
1,2025-01-09 21:30:57,2025-01-09 21:54:18,2.0,10.7,1.0,N,87,24,1,44.3,4.25,0.5,10.0,0.0,1.0,60.05,2.5,0.0,0.75
2,2025-01-07 08:31:47,2025-01-07 08:37:03,1.0,1.16,1.0,N,236,237,1,7.9,0.0,0.5,1.78,0.0,1.0,13.68,2.5,0.0,0.0
2,2025-01-24 07:07:32,2025-01-24 07:28:09,,3.17,,,234,90,0,17.9,0.0,0.5,0.0,0.0,1.0,22.65,,,0.75
2,2025-01-13 11:16:29,2025-01-13 11:34:03,1.0,1.98,1.0,N,113,161,1,17.0,0.0,0.5,4.35,0.0,1.0,26.1,2.5,0.0,0.75
2,2025-01-23 15:10:46,2025-01-23 15:45:01,1.0,7.63,1.0,N,138,134,1,38.0,5.0,0.5,0.0,0.0,1.0,46.25,0.0,1.75,0.0
2,2025-01-12 00:42:11,2025-01-12 00:54:37,,2.04,,,142,170,0,12.11,0.0,0.5,0.0,0.0,1.0,16.86,,,0.75
2,2025-01-18 18:27:44,2025-01-18 18:37:55,1.0,1.29,1.0,N,234,170,1,10.7,0.0,0.5,3.09,0.0,1.0,18.54,2.5,0.0,0.75
2,2025-01-16 17:13:57,2025-01-16 18:02:55,1.0,17.11,1.0,N,132,185,2,69.5,2.5,0.5,0.0,6.94,1.0,82.19,0.0,1.75,0.0
2,2025-01-09 08:49:48,2025-01-09 08:57:52,1.0,1.4,1.0,N,142,237,1,10.0,0.0,0.5,2.95,0.0,1.0,17.7,2.5,0.0,0.75
2,2025-01-18 12:02:24,2025-01-18 12:11:19,1.0,1.11,1.0,N,186,161,1,9.3,0.0,0.5,2.81,0.0,1.0,16.86,2.5,0.0,0.75
2,2025-01-29 18:02:26,2025-01-29 18:26:55,1.0,3.64,1.0,N,236,230,1,23.3,2.5,0.5,6.11,0.0,1.0,36.66,2.5,0.0,0.75
2,2025-01-18 10:50:58,2025-01-18 11:03:29,1.0,2.51,1.0,N,161,263,1,14.2,0.0,0.5,2.84,0.0,1.0,21.79,2.5,0.0,0.75
1,2025-01-19 19:46:27,2025-01-19 19:54:31,1.0,0.9,1.0,N,48,162,1,7.2,3.25,0.5,2.4,0.0,1.0,14.35,2.5,0.0,0.75
2,2025-01-13 08:13:54,2025-01-13 08:21:30,1.0,1.0,1.0,N,163,236,2,9.3,0.0,0.5,0.0,0.0,1.0,14.05,2.5,0.0,0.75
2,2025-01-29 22:39:00,2025-01-29 22:54:06,5.0,7.16,1.0,N,138,41,1,30.3,6.0,0.5,4.0,6.94,1.0,50.49,0.0,1.75,0.0
2,2025-01-30 17:41:51,2025-01-30 18:02:52,1.0,1.57,1.0,N,48,234,1,17.7,2.5,0.5,1.0,0.0,1.0,25.95,2.5,0.0,0.75
2,2025-01-11 03:34:43,2025-01-11 03:35:30,1.0,0.02,1.0,N,90,164,4,3.0,1.0,0.5,0.0,0.0,1.0,8.75,2.5,0.0,0.75
2,2025-01-24 15:20:01,2025-01-24 15:38:26,,1.81,,,161,234,0,7.0,0.0,0.5,4.35,0.0,1.0,16.1,,,0.75
2,2025-01-09 09:37:06,2025-01-09 09:46:50,1.0,2.02,1.0,N,75,141,1,12.1,0.0,0.5,3.37,0.0,1.0,20.22,2.5,0.0,0.75
2,2025-01-31 11:32:37,2025-01-31 11:48:57,1.0,1.15,1.0,N,186,163,1,14.2,0.0,0.5,3.79,0.0,1.0,22.74,2.5,0.0,0.75
2,2025-01-06 13:11:44,2025-01-06 13:23:05,2.0,0.7,1.0,N,229,161,1,10.7,0.0,0.5,2.32,0.0,1.0,17.77,2.5,0.0,0.75
2,2025-01-30 07:53:00,2025-01-30 08:17:00,,5.97,,,159,183,0,27.74,0.0,0.5,0.0,0.0,1.0,29.24,,,0.0
2,2025-01-01 02:33:49,2025-01-01 02:36:15,1.0,0.39,1.0,N,42,41,2,4.4,1.0,0.5,0.0,0.0,1.0,6.9,0.0,0.0,0.0
1,2025-01-07 19:53:19,2025-01-07 20:28:50,1.0,21.1,2.0,Y,132,231,2,70.0,10.0,0.5,0.0,0.0,1.0,81.5,2.5,1.75,0.75
1,2025-01-02 21:02:15,2025-01-02 21:24:06,3.0,1.8,1.0,N,186,161,1,18.4,3.5,0.5,4.65,0.0,1.0,28.05,2.5,0.0,0.0
2,2025-01-17 20:39:29,2025-01-17 20:52:16,1.0,1.92,1.0,N,236,236,1,13.5,1.0,0.5,4.62,0.0,1.0,23.12,2.5,0.0,0.0
2,2025-01-28 09:55:34,2025-01-28 09:57:59,1.0,0.58,1.0,N,90,68,1,5.1,0.0,0.5,2.0,0.0,1.0,11.85,2.5,0.0,0.75
2,2025-01-07 17:18:56,2025-01-07 17:26:26,1.0,1.05,1.0,N,113,144,1,8.6,2.5,0.5,1.0,0.0,1.0,16.85,2.5,0.0,0.75
2,2025-01-18 04:49:56,2025-01-18 04:52:03,1.0,0.38,1.0,N,249,234,4,-4.4,-1.0,-0.5,0.0,0.0,-1.0,-10.15,-2.5,0.0,0.0
2,2025-01-21 14:17:57,2025-01-21 14:31:46,1.0,1.01,1.0,N,237,162,1,13.5,0.0,0.5,1.0,0.0,1.0,19.25,2.5,0.0,0.75
2,2025-01-25 01:56:50,2025-01-25 01:59:28,1.0,0.17,1.0,N,79,79,1,4.4,1.0,0.5,2.54,0.0,1.0,12.69,2.5,0.0,0.75
2,2025-01-22 18:04:52,2025-01-22 18:11:50,2.0,1.19,1.0,N,229,237,1,8.6,2.5,0.5,3.17,0.0,1.0,19.02,2.5,0.0,0.75
1,2025-01-21 19:27:29,2025-01-21 19:34:56,1.0,1.1,1.0,N,170,234,1,8.6,5.75,0.5,3.15,0.0,1.0,19.0,2.5,0.0,0.75
2,2025-01-25 15:17:39,2025-01-25 15:26:34,1.0,1.53,1.0,N,237,236,2,11.4,0.0,0.5,0.0,0.0,1.0,15.4,2.5,0.0,0.0
2,2025-01-17 11:11:56,2025-01-17 11:36:39,1.0,3.2,1.0,N,164,236,1,23.3,0.0,0.5,4.49,0.0,1.0,32.54,2.5,0.0,0.75
2,2025-01-06 21:05:52,2025-01-06 21:11:52,1.0,0.76,1.0,N,237,161,1,7.2,1.0,0.5,3.24,0.0,1.0,16.19,2.5,0.0,0.75
2,2025-01-11 15:17:53,2025-01-11 15:43:18,1.0,19.08,3.0,N,164,1,1,90.2,0.0,0.0,23.2,24.06,1.0,139.21,0.0,0.0,0.75
1,2025-01-22 10:56:46,2025-01-22 11:00:49,1.0,0.8,1.0,N,79,107,1,5.8,3.25,0.5,2.1,0.0,1.0,12.65,2.5,0.0,0.75
2,2025-01-29 07:39:29,2025-01-29 07:43:18,1.0,0.86,1.0,N,68,68,1,6.5,0.0,0.5,2.25,0.0,1.0,13.5,2.5,0.0,0.75
2,2025-01-30 14:01:12,2025-01-30 14:05:36,3.0,0.64,1.0,N,246,50,1,6.5,0.0,0.5,2.25,0.0,1.0,13.5,2.5,0.0,0.75
1,2025-01-15 11:39:55,2025-01-15 11:43:51,1.0,0.5,1.0,N,239,238,1,5.1,2.5,0.5,2.0,0.0,1.0,11.1,2.5,0.0,0.0
2,2025-01-12 17:39:50,2025-01-12 17:44:29,1.0,0.62,1.0,N,140,237,1,6.5,0.0,0.5,0.52,0.0,1.0,11.02,2.5,0.0,0.0
2,2025-01-10 23:13:35,2025-01-10 23:22:40,,0.66,,,186,164,0,7.94,0.0,0.5,0.0,0.0,1.0,12.69,,,0.75
2,2025-01-24 13:13:43,2025-01-24 13:31:17,1.0,2.96,1.0,N,170,79,1,17.7,0.0,0.5,2.0,0.0,1.0,24.45,2.5,0.0,0.75
2,2025-01-27 17:28:04,2025-01-27 17:31:42,1.0,0.94,1.0,N,142,142,2,6.5,2.5,0.5,0.0,0.0,1.0,13.75,2.5,0.0,0.75
1,2025-01-15 07:37:13,2025-01-15 07:54:02,1.0,3.0,1.0,N,107,263,1,16.3,3.25,0.5,4.2,0.0,1.0,25.25,2.5,0.0,0.75
2,2025-01-15 18:27:01,2025-01-15 18:38:05,1.0,1.33,1.0,N,186,161,1,11.4,2.5,0.5,2.0,0.0,1.0,20.65,2.5,0.0,0.75
2,2025-01-21 07:59:55,2025-01-21 08:42:12,,7.09,,,89,96,0,44.49,0.0,0.5,0.0,0.0,1.0,45.99,,,0.0
2,2025-01-10 23:25:11,2025-01-10 23:38:49,,2.14,,,79,209,0,13.64,0.0,0.5,0.0,0.0,1.0,18.39,,,0.75
2,2025-01-02 17:14:20,2025-01-02 17:31:36,1.0,1.53,1.0,N,237,161,1,15.6,2.5,0.5,4.42,0.0,1.0,26.52,2.5,0.0,0.0
2,2025-01-04 13:01:34,2025-01-04 13:10:53,1.0,4.53,1.0,N,48,166,1,20.5,0.0,0.5,4.9,0.0,1.0,29.4,2.5,0.0,0.0
2,2025-01-11 12:08:00,2025-01-11 12:15:00,,2.99,,,186,114,0,13.58,0.0,0.5,3.67,0.0,1.0,22.0,,,0.75
1,2025-01-02 09:11:59,2025-01-02 09:20:37,1.0,1.1,1.0,N,264,264,2,9.3,2.5,0.5,0.0,0.0,1.0,13.3,2.5,0.0,0.0
2,2025-01-30 06:48:36,2025-01-30 06:52:32,1.0,0.92,1.0,N,107,137,1,6.5,0.0,0.5,2.0,0.0,1.0,13.25,2.5,0.0,0.75
2,2025-01-28 11:44:12,2025-01-28 12:30:33,1.0,6.92,1.0,N,138,48,1,43.6,5.0,0.5,10.67,0.0,1.0,65.77,2.5,1.75,0.75
2,2025-01-26 12:19:19,2025-01-26 12:24:55,1.0,0.85,1.0,N,113,224,1,7.2,0.0,0.5,3.0,0.0,1.0,14.95,2.5,0.0,0.75
2,2025-01-08 22:08:28,2025-01-08 22:23:30,,6.25,,,13,229,0,20.48,0.0,0.5,0.0,0.0,1.0,25.23,,,0.75
2,2025-01-24 17:09:40,2025-01-24 17:13:08,1.0,0.62,1.0,N,186,90,1,5.8,2.5,0.5,2.61,0.0,1.0,15.66,2.5,0.0,0.75
2,2025-01-28 16:00:42,2025-01-28 16:13:28,2.0,1.84,1.0,N,237,75,1,13.5,2.5,0.5,4.15,0.0,1.0,24.9,2.5,0.0,0.75
2,2025-01-05 12:12:33,2025-01-05 12:36:21,1.0,5.84,1.0,N,144,43,1,29.6,0.0,0.5,4.0,0.0,1.0,38.35,2.5,0.0,0.75
2,2025-01-26 09:47:32,2025-01-26 10:10:14,1.0,6.85,1.0,N,230,209,1,33.1,0.0,0.5,7.57,0.0,1.0,45.42,2.5,0.0,0.75
1,2025-01-09 19:49:29,2025-01-09 19:55:19,1.0,0.8,1.0,N,140,237,2,6.5,5.0,0.5,0.0,0.0,1.0,13.0,2.5,0.0,0.0
2,2025-01-29 09:31:42,2025-01-29 09:45:55,1.0,2.16,1.0,N,262,238,1,14.9,0.0,0.5,1.0,0.0,1.0,19.9,2.5,0.0,0.0
2,2025-01-26 22:12:12,2025-01-26 22:24:06,1.0,4.19,1.0,N,87,170,1,19.1,1.0,0.5,4.97,0.0,1.0,29.82,2.5,0.0,0.75
2,2025-01-21 06:46:38,2025-01-21 06:49:46,1.0,0.43,1.0,N,137,170,1,5.1,0.0,0.5,2.96,0.0,1.0,12.81,2.5,0.0,0.75
2,2025-01-15 17:58:08,2025-01-15 18:17:38,1.0,1.92,1.0,N,161,68,1,17.7,2.5,0.5,4.99,0.0,1.0,29.94,2.5,0.0,0.75
2,2025-01-26 19:19:53,2025-01-26 19:27:12,1.0,1.36,1.0,N,158,186,1,9.3,0.0,0.5,2.81,0.0,1.0,16.86,2.5,0.0,0.75
2,2025-01-05 13:31:13,2025-01-05 13:37:05,1.0,1.17,1.0,N,236,141,1,7.9,0.0,0.5,1.5,0.0,1.0,13.4,2.5,0.0,0.0
1,2025-01-06 13:46:36,2025-01-06 13:53:49,1.0,1.1,1.0,N,43,236,1,8.6,2.5,0.5,2.0,0.0,1.0,14.6,2.5,0.0,0.0
2,2025-01-28 16:21:52,2025-01-28 16:28:11,1.0,0.9,1.0,N,148,79,1,7.9,2.5,0.5,3.03,0.0,1.0,18.18,2.5,0.0,0.75
2,2025-01-21 02:28:23,2025-01-21 02:32:54,5.0,0.76,1.0,N,186,170,2,7.2,1.0,0.5,0.0,0.0,1.0,12.95,2.5,0.0,0.75
2,2025-01-22 08:15:38,2025-01-22 08:46:50,,4.98,,,63,80,0,36.05,0.0,0.5,0.0,0.0,1.0,37.55,,,0.0
1,2025-01-08 20:08:19,2025-01-08 20:13:24,1.0,0.8,1.0,Y,238,239,1,7.2,3.5,0.5,2.4,0.0,1.0,14.6,2.5,0.0,0.0
2,2025-01-22 11:36:59,2025-01-22 11:59:14,2.0,1.3,1.0,N,230,164,2,-18.4,0.0,-0.5,0.0,0.0,-1.0,-23.15,-2.5,0.0,0.0
2,2025-01-04 21:21:27,2025-01-04 21:43:40,1.0,3.15,1.0,N,79,48,1,21.2,1.0,0.5,3.0,0.0,1.0,29.2,2.5,0.0,0.0
1,2025-01-08 21:16:13,2025-01-08 21:19:16,2.0,1.0,1.0,N,48,50,2,6.5,4.25,0.5,0.0,0.0,1.0,12.25,2.5,0.0,0.75
2,2025-01-03 09:27:15,2025-01-03 09:39:15,1.0,2.9,1.0,N,236,164,1,15.6,0.0,0.5,3.92,0.0,1.0,23.52,2.5,0.0,0.0
2,2025-01-18 21:26:53,2025-01-18 21:36:18,2.0,1.84,1.0,N,142,238,1,11.4,1.0,0.5,3.28,0.0,1.0,19.68,2.5,0.0,0.0
2,2025-01-09 07:34:11,2025-01-09 07:54:15,,2.43,,,89,26,0,18.04,0.0,0.5,0.0,0.0,1.0,19.54,,,0.0
1,2025-01-20 14:45:40,2025-01-20 15:00:59,1.0,2.7,1.0,N,113,142,1,14.9,3.25,0.5,1.0,0.0,1.0,20.65,2.5,0.0,0.75
2,2025-01-08 06:34:36,2025-01-08 06:46:13,,3.25,,,231,100,0,18.32,0.0,0.5,0.0,0.0,1.0,23.07,,,0.75
1,2025-01-05 18:29:59,2025-01-05 18:44:02,1.0,0.9,1.0,N,100,170,2,12.1,2.5,0.5,0.0,0.0,1.0,16.1,2.5,0.0,0.0
2,2025-01-11 20:51:41,2025-01-11 21:13:55,2.0,4.05,1.0,N,45,48,1,24.0,1.0,0.5,0.0,0.0,1.0,29.75,2.5,0.0,0.75
1,2025-01-29 21:00:02,2025-01-29 21:13:44,3.0,2.1,1.0,N,237,263,1,14.9,4.25,0.5,3.0,0.0,1.0,23.65,2.5,0.0,0.75
2,2025-01-28 17:34:17,2025-01-28 17:51:51,1.0,3.58,1.0,N,48,158,1,20.5,2.5,0.5,5.55,0.0,1.0,33.3,2.5,0.0,0.75
2,2025-01-16 12:43:20,2025-01-16 13:01:19,1.0,4.16,1.0,N,263,224,1,22.6,0.0,0.5,5.47,0.0,1.0,32.82,2.5,0.0,0.75
2,2025-01-25 16:03:53,2025-01-25 16:09:58,1.0,1.04,1.0,N,249,186,1,7.9,0.0,0.5,2.53,0.0,1.0,15.18,2.5,0.0,0.75
2,2025-01-30 15:19:45,2025-01-30 15:27:19,1.0,0.89,1.0,N,237,161,1,8.6,0.0,0.5,2.67,0.0,1.0,16.02,2.5,0.0,0.75
2,2025-01-02 14:55:50,2025-01-02 15:22:53,4.0,11.22,1.0,N,162,138,2,45.7,5.0,0.5,0.0,6.94,1.0,61.64,2.5,0.0,0.0
2,2025-01-10 13:53:11,2025-01-10 14:35:11,2.0,5.17,1.0,N,114,181,2,38.0,0.0,0.5,0.0,0.0,1.0,42.75,2.5,0.0,0.75
1,2025-01-18 14:08:52,2025-01-18 14:17:52,2.0,1.3,1.0,N,237,142,1,9.3,2.5,0.5,2.65,0.0,1.0,15.95,2.5,0.0,0.0
2,2025-01-06 07:52:48,2025-01-06 08:08:24,1.0,2.88,1.0,N,237,234,1,17.0,0.0,0.5,1.09,0.0,1.0,22.84,2.5,0.0,0.75
2,2025-01-15 08:33:37,2025-01-15 08:43:17,1.0,1.29,1.0,N,107,186,1,10.7,0.0,0.5,2.0,0.0,1.0,17.45,2.5,0.0,0.75
2,2025-01-12 11:08:19,2025-01-12 11:23:31,2.0,2.61,1.0,N,151,163,1,17.0,0.0,0.5,3.0,0.0,1.0,24.75,2.5,0.0,0.75
1,2025-01-04 11:50:28,2025-01-04 12:03:40,1.0,2.2,1.0,N,142,236,1,12.8,2.5,0.5,3.35,0.0,1.0,20.15,2.5,0.0,0.0
2,2025-01-23 20:52:41,2025-01-23 20:57:56,1.0,0.86,1.0,N,170,186,1,7.2,1.0,0.5,2.59,0.0,1.0,15.54,2.5,0.0,0.75
2,2025-01-27 10:57:11,2025-01-27 11:03:05,1.0,1.09,1.0,N,141,229,1,7.9,0.0,0.5,2.53,0.0,1.0,15.18,2.5,0.0,0.75
2,2025-01-30 22:48:22,2025-01-30 22:59:39,1.0,1.95,1.0,N,162,263,1,12.1,1.0,0.5,3.57,0.0,1.0,21.42,2.5,0.0,0.75
1,2025-01-02 18:07:38,2025-01-02 18:19:22,0.0,0.8,1.0,N,186,48,1,11.4,5.0,0.5,3.55,0.0,1.0,21.45,2.5,0.0,0.0
2,2025-01-10 11:06:25,2025-01-10 11:18:43,2.0,1.52,1.0,N,247,159,1,12.8,0.0,0.5,0.0,0.0,1.0,14.3,0.0,0.0,0.0
2,2025-01-25 20:49:53,2025-01-25 20:59:42,1.0,1.74,1.0,N,237,170,1,11.4,1.0,0.5,3.43,0.0,1.0,20.58,2.5,0.0,0.75
2,2025-01-18 16:21:11,2025-01-18 16:23:09,1.0,0.03,1.0,N,7,7,2,3.7,0.0,0.5,0.0,0.0,1.0,5.2,0.0,0.0,0.0
2,2025-01-29 13:51:23,2025-01-29 14:06:19,1.0,1.62,1.0,N,161,263,1,14.2,0.0,0.5,2.5,0.0,1.0,21.45,2.5,0.0,0.75
2,2025-01-25 13:28:09,2025-01-25 13:47:13,1.0,4.53,1.0,N,87,68,1,24.0,0.0,0.5,3.0,0.0,1.0,31.75,2.5,0.0,0.75
2,2025-01-23 10:42:07,2025-01-23 10:44:45,1.0,0.57,1.0,N,50,246,1,5.1,0.0,0.5,1.97,0.0,1.0,11.82,2.5,0.0,0.75
2,2025-01-31 18:40:58,2025-01-31 18:46:56,1.0,0.89,1.0,N,211,231,1,7.9,2.5,0.5,3.03,0.0,1.0,18.18,2.5,0.0,0.75
2,2025-01-24 12:40:32,2025-01-24 12:56:22,,1.82,,,143,162,0,16.22,0.0,0.5,0.0,0.0,1.0,20.97,,,0.75
2,2025-01-16 22:22:57,2025-01-16 22:30:34,,0.64,,,170,186,0,12.07,0.0,0.5,0.0,0.0,1.0,16.82,,,0.75
2,2025-01-16 18:53:26,2025-01-16 19:00:25,1.0,0.81,1.0,N,41,24,1,7.9,2.5,0.5,0.0,0.0,1.0,11.9,0.0,0.0,0.0
1,2025-01-20 21:07:57,2025-01-20 21:40:04,1.0,6.4,1.0,N,158,80,1,35.2,4.25,0.5,10.2,0.0,1.0,51.15,2.5,0.0,0.75
2,2025-01-22 15:40:17,2025-01-22 15:43:41,1.0,0.59,1.0,N,239,238,1,5.8,0.0,0.5,1.96,0.0,1.0,11.76,2.5,0.0,0.0
2,2025-01-11 16:14:27,2025-01-11 16:20:30,1.0,1.22,1.0,N,75,43,2,8.6,0.0,0.5,0.0,0.0,1.0,12.6,2.5,0.0,0.0
2,2025-01-25 21:28:32,2025-01-25 21:37:13,1.0,2.92,1.0,N,161,75,1,13.5,1.0,0.5,3.85,0.0,1.0,23.1,2.5,0.0,0.75
2,2025-01-24 17:32:31,2025-01-24 17:55:35,1.0,3.78,1.0,N,137,65,1,23.3,2.5,0.5,2.0,0.0,1.0,32.55,2.5,0.0,0.75
2,2025-01-31 23:12:02,2025-01-31 23:17:31,1.0,0.82,1.0,N,151,238,1,7.2,1.0,0.5,1.83,0.0,1.0,14.03,2.5,0.0,0.0
1,2025-01-10 23:42:30,2025-01-11 00:01:07,1.0,6.5,1.0,N,90,166,1,29.6,4.25,0.5,4.0,0.0,1.0,39.35,2.5,0.0,0.75
2,2025-01-17 22:18:24,2025-01-17 22:44:34,2.0,3.53,1.0,N,249,142,1,24.7,1.0,0.5,2.0,0.0,1.0,32.45,2.5,0.0,0.75
1,2025-01-03 07:39:44,2025-01-03 07:50:19,2.0,2.3,1.0,N,236,164,1,12.1,2.5,0.5,4.05,0.0,1.0,20.15,2.5,0.0,0.0
2,2025-01-11 23:28:21,2025-01-11 23:45:23,1.0,2.59,1.0,N,162,114,1,17.0,1.0,0.5,4.55,0.0,1.0,27.3,2.5,0.0,0.75
1,2025-01-16 16:52:42,2025-01-16 16:57:19,1.0,0.5,1.0,N,162,162,1,6.5,5.75,0.5,1.38,0.0,1.0,15.13,2.5,0.0,0.75
1,2025-01-07 20:41:04,2025-01-07 20:48:48,1.0,1.5,1.0,N,236,239,1,10.0,3.5,0.5,2.5,0.0,1.0,17.5,2.5,0.0,0.0
1,2025-01-29 15:37:22,2025-01-29 15:42:13,1.0,0.5,1.0,N,113,234,1,6.5,3.25,0.5,2.25,0.0,1.0,13.5,2.5,0.0,0.75
2,2025-01-14 08:04:37,2025-01-14 08:17:05,1.0,4.67,1.0,N,132,139,1,20.5,0.0,0.5,4.4,0.0,1.0,28.15,0.0,1.75,0.0
2,2025-01-27 07:29:47,2025-01-27 07:42:27,1.0,2.12,1.0,N,238,48,1,13.5,0.0,0.5,3.65,0.0,1.0,21.9,2.5,0.0,0.75
1,2025-01-12 02:01:08,2025-01-12 02:10:51,1.0,1.2,1.0,N,114,79,1,10.0,4.25,0.5,0.0,0.0,1.0,15.75,2.5,0.0,0.75
2,2025-01-20 00:12:12,2025-01-20 00:31:45,,6.74,,,163,244,0,28.05,0.0,0.5,0.0,0.0,1.0,32.8,,,0.75
2,2025-01-28 18:21:38,2025-01-28 18:36:33,1.0,0.84,1.0,N,230,233,1,13.5,2.5,0.5,4.15,0.0,1.0,24.9,2.5,0.0,0.75
2,2025-01-05 01:27:57,2025-01-05 01:33:16,1.0,0.9,1.0,N,68,90,4,-7.2,-1.0,-0.5,0.0,0.0,-1.0,-12.95,-2.5,0.0,0.0
2,2025-01-19 11:37:19,2025-01-19 11:38:45,1.0,0.25,1.0,N,262,262,1,3.7,0.0,0.5,1.0,0.0,1.0,8.7,2.5,0.0,0.0
2,2025-01-02 06:55:02,2025-01-02 07:52:11,1.0,20.24,2.0,N,132,231,2,70.0,0.0,0.5,0.0,0.0,1.0,75.75,2.5,1.75,0.0
2,2025-01-25 10:27:29,2025-01-25 10:37:05,1.0,1.52,1.0,N,263,229,1,11.4,0.0,0.5,3.08,0.0,1.0,18.48,2.5,0.0,0.0
2,2025-01-03 13:12:11,2025-01-03 13:33:14,,1.73,,,236,230,0,13.96,0.0,0.5,0.0,0.0,1.0,17.96,,,0.0
2,2025-01-08 14:56:26,2025-01-08 14:59:39,1.0,0.6,1.0,N,186,90,1,5.1,0.0,0.5,1.97,0.0,1.0,11.82,2.5,0.0,0.75
2,2025-01-12 09:50:47,2025-01-12 09:56:15,1.0,1.3,1.0,N,142,48,1,7.9,0.0,0.5,2.53,0.0,1.0,15.18,2.5,0.0,0.75
2,2025-01-02 14:49:49,2025-01-02 15:14:58,1.0,4.65,1.0,N,230,231,1,27.5,0.0,0.5,1.0,0.0,1.0,32.5,2.5,0.0,0.0
2,2025-01-19 04:12:36,2025-01-19 04:41:22,,8.28,,,112,166,0,-4.0,0.0,0.5,0.0,0.0,1.0,7.13,,,0.0
2,2025-01-27 14:38:47,2025-01-27 14:45:43,1.0,0.75,1.0,N,237,163,1,7.9,0.0,0.5,2.28,0.0,1.0,14.93,2.5,0.0,0.75
2,2025-01-18 20:08:19,2025-01-18 20:15:00,,2.92,,,244,127,0,11.57,0.0,0.5,0.0,0.0,1.0,13.07,,,0.0
2,2025-01-28 13:06:33,2025-01-28 13:11:47,1.0,3.45,1.0,N,223,138,1,14.9,5.0,0.5,0.0,0.0,1.0,21.4,0.0,0.0,0.0
2,2025-01-09 08:13:56,2025-01-09 08:29:40,,2.0,,,164,48,0,21.16,0.0,0.5,2.59,0.0,1.0,28.5,,,0.75
2,2025-01-09 20:03:37,2025-01-09 20:11:42,1.0,1.2,1.0,N,161,170,1,9.3,1.0,0.5,3.01,0.0,1.0,18.06,2.5,0.0,0.75
2,2025-01-15 08:26:12,2025-01-15 08:33:36,2.0,1.02,1.0,N,186,230,1,8.6,0.0,0.5,6.65,0.0,1.0,20.0,2.5,0.0,0.75
2,2025-01-04 12:54:22,2025-01-04 13:27:45,4.0,20.15,4.0,N,230,1,1,138.8,0.0,0.0,0.0,15.38,1.0,155.18,0.0,0.0,0.0
1,2025-01-06 16:17:13,2025-01-06 16:51:45,1.0,16.8,3.0,N,170,1,1,85.3,3.25,0.0,21.1,16.06,1.0,126.71,0.0,0.0,0.75
2,2025-01-28 17:19:22,2025-01-28 17:25:21,1.0,0.98,1.0,N,43,237,1,7.9,2.5,0.5,2.88,0.0,1.0,17.28,2.5,0.0,0.0
1,2025-01-14 16:10:34,2025-01-14 16:18:04,1.0,1.0,1.0,N,230,186,1,8.6,5.75,0.5,4.75,0.0,1.0,20.6,2.5,0.0,0.75
2,2025-01-17 17:30:05,2025-01-17 17:53:31,,0.0,,,141,186,0,23.14,0.0,0.5,0.0,0.0,1.0,27.89,,,0.75
2,2025-01-28 18:57:23,2025-01-28 19:20:49,,3.57,,,246,148,0,22.46,0.0,0.5,0.0,0.0,1.0,27.21,,,0.75
2,2025-01-14 16:32:28,2025-01-14 16:43:40,1.0,1.35,1.0,N,161,234,1,11.4,2.5,0.5,3.73,0.0,1.0,22.38,2.5,0.0,0.75
2,2025-01-16 18:27:48,2025-01-16 18:44:22,,0.0,,,137,211,0,21.74,0.0,0.5,0.0,0.0,1.0,26.49,,,0.75
2,2025-01-01 02:17:40,2025-01-01 02:40:07,1.0,2.6,1.0,N,80,198,1,19.8,1.0,0.5,0.0,0.0,1.0,22.3,0.0,0.0,0.0
2,2025-01-17 18:52:49,2025-01-17 19:03:50,2.0,0.45,1.0,N,164,100,1,10.7,2.5,0.5,3.59,0.0,1.0,21.54,2.5,0.0,0.75
2,2025-01-14 22:09:08,2025-01-14 22:12:29,2.0,0.63,1.0,N,236,236,4,-5.8,-1.0,-0.5,0.0,0.0,-1.0,-10.8,-2.5,0.0,0.0
2,2025-01-17 10:24:54,2025-01-17 10:39:36,,0.53,,,163,237,0,9.62,0.0,0.5,0.0,0.0,1.0,14.37,,,0.75
2,2025-01-10 21:44:44,2025-01-10 22:03:01,1.0,5.1,1.0,N,158,151,1,24.7,1.0,0.5,3.0,0.0,1.0,33.45,2.5,0.0,0.75
2,2025-01-26 16:51:34,2025-01-26 17:02:12,1.0,1.79,1.0,N,233,79,1,11.4,0.0,0.5,3.23,0.0,1.0,19.38,2.5,0.0,0.75
2,2025-01-24 07:02:08,2025-01-24 07:17:55,1.0,1.53,1.0,N,48,229,1,14.9,0.0,0.5,3.93,0.0,1.0,23.58,2.5,0.0,0.75
2,2025-01-04 17:56:36,2025-01-04 18:22:48,2.0,5.0,1.0,N,261,230,1,28.2,0.0,0.5,6.44,0.0,1.0,38.64,2.5,0.0,0.0
2,2025-01-30 12:56:37,2025-01-30 13:19:03,1.0,7.35,1.0,N,79,42,1,32.4,0.0,0.5,7.43,0.0,1.0,44.58,2.5,0.0,0.75
2,2025-01-27 16:01:05,2025-01-27 16:24:33,1.0,5.71,1.0,N,166,68,1,28.9,2.5,0.5,7.23,0.0,1.0,43.38,2.5,0.0,0.75
2,2025-01-17 19:31:27,2025-01-17 19:36:15,5.0,0.78,1.0,N,238,151,1,6.5,2.5,0.5,2.6,0.0,1.0,15.6,2.5,0.0,0.0
2,2025-01-28 20:31:57,2025-01-28 21:13:22,1.0,18.44,2.0,N,132,231,1,70.0,0.0,0.5,10.0,0.0,1.0,86.5,2.5,1.75,0.75
2,2025-01-18 12:40:46,2025-01-18 12:54:40,1.0,2.88,1.0,N,246,143,1,17.0,0.0,0.5,5.44,0.0,1.0,27.19,2.5,0.0,0.75
2,2025-01-23 22:50:39,2025-01-23 22:58:32,,1.42,,,158,246,0,10.81,0.0,0.5,0.0,0.0,1.0,15.56,,,0.75
2,2025-01-30 11:06:01,2025-01-30 11:20:59,1.0,2.57,1.0,N,262,142,1,17.0,0.0,0.5,4.2,0.0,1.0,25.2,2.5,0.0,0.0
2,2025-01-22 19:28:23,2025-01-22 19:40:17,,0.0,,,144,164,0,15.91,0.0,0.5,0.0,0.0,1.0,20.66,,,0.75
2,2025-01-26 03:52:40,2025-01-26 03:59:17,1.0,1.84,1.0,N,79,233,1,10.0,1.0,0.5,3.15,0.0,1.0,18.9,2.5,0.0,0.75
2,2025-01-29 18:35:30,2025-01-29 18:54:44,1.0,3.02,1.0,N,24,237,1,19.8,2.5,0.5,2.63,0.0,1.0,28.93,2.5,0.0,0.0
1,2025-01-17 04:36:26,2025-01-17 04:58:40,1.0,7.6,1.0,N,163,138,1,33.1,9.25,0.5,8.75,0.0,1.0,52.6,2.5,0.0,0.75
2,2025-01-05 20:36:53,2025-01-05 20:40:57,1.0,0.91,1.0,N,137,79,1,6.5,1.0,0.5,2.45,0.0,1.0,14.7,2.5,0.0,0.75
2,2025-01-22 06:38:28,2025-01-22 06:41:38,1.0,0.51,1.0,N,262,141,1,5.1,0.0,0.5,1.0,0.0,1.0,10.1,2.5,0.0,0.0
2,2025-01-02 09:27:16,2025-01-02 09:28:18,1.0,0.24,1.0,N,70,138,2,3.7,5.0,0.5,0.0,0.0,1.0,10.2,0.0,0.0,0.0
2,2025-01-12 04:13:53,2025-01-12 04:47:02,,7.97,,,157,48,0,29.7,0.0,0.5,0.0,0.0,1.0,34.45,,,0.75
1,2025-01-22 16:53:15,2025-01-22 17:06:36,1.0,2.4,1.0,N,246,114,1,14.9,5.75,0.5,3.0,0.0,1.0,25.15,2.5,0.0,0.75
2,2025-01-10 14:25:58,2025-01-10 14:36:17,1.0,1.51,1.0,N,68,163,1,10.7,0.0,0.5,3.86,0.0,1.0,19.31,2.5,0.0,0.75
2,2025-01-17 12:30:47,2025-01-17 12:37:41,1.0,0.95,1.0,N,186,68,1,7.9,0.0,0.5,3.79,0.0,1.0,16.44,2.5,0.0,0.75
2,2025-01-31 20:03:14,2025-01-31 20:36:46,1.0,8.71,1.0,N,132,198,2,41.5,1.0,0.5,0.0,0.0,1.0,49.0,2.5,1.75,0.75
2,2025-01-31 18:42:51,2025-01-31 18:54:56,,0.0,,,238,142,0,13.24,0.0,0.5,0.0,0.0,1.0,17.24,,,0.0
1,2025-01-15 22:26:17,2025-01-15 22:45:48,,3.7,,,246,141,0,20.53,0.0,0.5,0.0,0.0,1.0,25.28,,,0.75
2,2025-01-23 14:57:37,2025-01-23 15:14:20,1.0,5.07,1.0,N,132,130,2,22.6,0.0,0.5,0.0,0.0,1.0,25.85,0.0,1.75,0.0
1,2025-01-24 07:43:02,2025-01-24 07:57:01,,2.5,,,142,234,0,18.26,0.0,0.5,0.0,0.0,1.0,23.01,,,0.75
2,2025-01-09 15:54:29,2025-01-09 16:00:36,1.0,1.13,1.0,N,211,249,1,7.9,0.0,0.5,2.53,0.0,1.0,15.18,2.5,0.0,0.75
2,2025-01-07 18:53:16,2025-01-07 18:59:08,1.0,0.97,1.0,N,264,264,1,7.9,2.5,0.5,2.0,0.0,1.0,17.15,2.5,0.0,0.75
2,2025-01-07 22:23:19,2025-01-07 22:43:40,2.0,7.24,1.0,N,161,116,1,31.7,1.0,0.5,7.49,0.0,1.0,44.94,2.5,0.0,0.75
1,2025-01-17 20:44:48,2025-01-17 20:59:38,,3.1,,,170,262,0,15.6,1.0,0.5,4.27,0.0,1.0,25.62,,,0.75
2,2025-01-28 17:40:25,2025-01-28 17:46:39,2.0,1.11,1.0,N,68,48,1,7.9,2.5,0.5,1.52,0.0,1.0,16.67,2.5,0.0,0.75
2,2025-01-30 17:50:11,2025-01-30 17:58:24,,0.0,,,75,74,0,7.96,0.0,0.5,0.0,0.0,1.0,9.46,,,0.0
2,2025-01-05 12:01:01,2025-01-05 12:07:16,2.0,0.97,1.0,N,161,186,1,7.9,0.0,0.5,2.53,0.0,1.0,15.18,2.5,0.0,0.75
2,2025-01-14 21:46:16,2025-01-14 22:02:55,,3.93,,,249,237,0,18.85,0.0,0.5,0.0,0.0,1.0,23.6,,,0.75
2,2025-01-29 07:29:20,2025-01-29 07:40:02,4.0,1.44,1.0,N,237,236,1,12.1,0.0,0.5,1.9,0.0,1.0,18.0,2.5,0.0,0.0
2,2025-01-24 17:14:07,2025-01-24 17:45:16,3.0,7.47,1.0,N,132,95,1,36.6,2.5,0.5,3.6,0.0,1.0,45.95,0.0,1.75,0.0
2,2025-01-12 18:54:34,2025-01-12 19:03:12,1.0,1.31,1.0,N,239,236,1,10.0,0.0,0.5,2.0,0.0,1.0,16.0,2.5,0.0,0.0
2,2025-01-16 08:30:34,2025-01-16 08:38:36,1.0,1.47,1.0,N,231,113,1,10.0,0.0,0.5,2.0,0.0,1.0,16.75,2.5,0.0,0.75
2,2025-01-29 08:46:18,2025-01-29 09:09:38,1.0,7.24,1.0,N,236,87,1,32.4,0.0,0.5,5.57,0.0,1.0,42.72,2.5,0.0,0.75
2,2025-01-28 18:22:38,2025-01-28 18:34:12,1.0,1.48,1.0,N,237,262,1,12.1,2.5,0.5,2.0,0.0,1.0,20.6,2.5,0.0,0.0
1,2025-01-30 17:21:06,2025-01-30 17:21:20,1.0,0.0,1.0,N,13,13,4,3.0,5.75,0.5,0.0,0.0,1.0,10.25,2.5,0.0,0.75
2,2025-01-27 17:49:24,2025-01-27 17:50:19,1.0,0.12,1.0,N,132,132,2,-3.0,-2.5,-0.5,0.0,0.0,-1.0,-8.75,0.0,-1.75,0.0
1,2025-01-13 17:05:22,2025-01-13 17:36:29,2.0,4.8,1.0,N,141,129,2,28.2,5.75,0.5,0.0,0.0,1.0,35.45,2.5,0.0,0.75
2,2025-01-18 19:18:26,2025-01-18 19:31:52,2.0,2.13,1.0,N,163,68,1,13.5,0.0,0.5,3.65,0.0,1.0,21.9,2.5,0.0,0.75
2,2025-01-19 18:09:13,2025-01-19 18:33:04,1.0,7.42,1.0,N,13,230,1,33.1,0.0,0.5,7.57,0.0,1.0,45.42,2.5,0.0,0.75
2,2025-01-23 18:05:02,2025-01-23 18:10:42,1.0,0.74,1.0,N,170,164,1,7.2,2.5,0.5,3.61,0.0,1.0,18.06,2.5,0.0,0.75
2,2025-01-19 12:47:34,2025-01-19 12:50:52,1.0,0.77,1.0,N,236,75,1,6.5,0.0,0.5,2.1,0.0,1.0,12.6,2.5,0.0,0.0
2,2025-01-02 22:26:00,2025-01-02 22:39:18,1.0,2.39,1.0,N,48,141,1,14.9,1.0,0.5,3.98,0.0,1.0,23.88,2.5,0.0,0.0
1,2025-01-31 08:05:12,2025-01-31 08:26:19,,8.7,,,263,138,0,35.9,5.0,0.5,7.77,6.94,1.0,59.61,,,0.0
2,2025-01-19 22:51:11,2025-01-19 23:02:05,1.0,1.87,1.0,N,143,151,1,12.8,1.0,0.5,3.56,0.0,1.0,21.36,2.5,0.0,0.0
1,2025-01-28 09:26:28,2025-01-28 09:38:46,1.0,1.2,1.0,N,162,100,1,12.1,3.25,0.5,3.37,0.0,1.0,20.22,2.5,0.0,0.75
2,2025-01-05 08:55:12,2025-01-05 09:11:08,2.0,3.42,1.0,N,237,42,2,19.1,0.0,0.5,0.0,0.0,1.0,23.1,2.5,0.0,0.0
1,2025-01-20 15:54:59,2025-01-20 16:10:31,1.0,2.7,1.0,N,79,88,1,16.3,3.25,0.5,1.0,0.0,1.0,22.05,2.5,0.0,0.75
2,2025-01-11 00:18:10,2025-01-11 00:27:31,,1.72,,,114,137,0,11.83,0.0,0.5,0.0,0.0,1.0,16.58,,,0.75
1,2025-01-08 13:25:46,2025-01-08 13:44:45,1.0,2.5,1.0,N,186,143,1,17.7,3.25,0.5,4.5,0.0,1.0,26.95,2.5,0.0,0.75
1,2025-01-29 17:21:06,2025-01-29 17:35:15,1.0,2.0,1.0,N,239,237,1,14.9,5.0,0.5,4.25,0.0,1.0,25.65,2.5,0.0,0.0
2,2025-01-03 20:03:32,2025-01-03 20:11:42,2.0,0.99,1.0,N,114,158,1,9.3,1.0,0.5,0.0,0.0,1.0,14.3,2.5,0.0,0.0
2,2025-01-14 23:38:31,2025-01-14 23:43:49,1.0,1.9,1.0,N,137,141,3,10.0,1.0,0.5,0.0,0.0,1.0,15.75,2.5,0.0,0.75
1,2025-01-12 03:42:30,2025-01-12 03:49:30,3.0,1.2,1.0,N,107,90,1,7.9,4.25,0.5,2.75,0.0,1.0,16.4,2.5,0.0,0.75
1,2025-01-08 10:54:44,2025-01-08 11:00:06,1.0,0.7,1.0,N,233,229,1,6.5,3.25,0.5,2.25,0.0,1.0,13.5,2.5,0.0,0.75
2,2025-01-11 01:17:53,2025-01-11 01:27:26,3.0,2.2,1.0,N,79,68,1,12.1,1.0,0.5,4.46,0.0,1.0,22.31,2.5,0.0,0.75
2,2025-01-04 20:55:20,2025-01-04 21:13:39,1.0,1.97,1.0,N,43,230,2,17.7,1.0,0.5,0.0,0.0,1.0,22.7,2.5,0.0,0.0
2,2025-01-29 10:28:51,2025-01-29 10:38:21,,0.87,,,79,211,0,9.05,0.0,0.5,0.0,0.0,1.0,13.8,,,0.75
2,2025-01-25 08:27:20,2025-01-25 08:58:36,1.0,17.88,2.0,N,132,230,1,70.0,0.0,0.5,16.69,6.94,1.0,100.13,2.5,1.75,0.75
1,2025-01-06 16:16:56,2025-01-06 16:20:31,1.0,0.0,1.0,N,145,145,2,5.1,2.5,0.5,0.0,0.0,1.0,9.1,0.0,0.0,0.0
2,2025-01-05 19:54:08,2025-01-05 20:01:51,1.0,1.22,1.0,N,113,148,1,9.3,0.0,0.5,1.41,0.0,1.0,15.46,2.5,0.0,0.75
2,2025-01-22 09:26:28,2025-01-22 09:33:51,1.0,1.04,1.0,N,262,236,1,8.6,0.0,0.5,1.0,0.0,1.0,13.6,2.5,0.0,0.0
2,2025-01-14 14:32:05,2025-01-14 14:46:14,1.0,1.27,1.0,N,162,140,1,12.8,0.0,0.5,3.51,0.0,1.0,21.06,2.5,0.0,0.75
2,2025-01-27 18:52:01,2025-01-27 18:54:11,,0.18,,,75,236,0,-4.0,0.0,0.5,0.0,0.0,1.0,5.0,,,0.0
2,2025-01-28 09:53:31,2025-01-28 10:08:13,2.0,1.11,1.0,N,186,233,1,13.5,0.0,0.5,3.65,0.0,1.0,21.9,2.5,0.0,0.75
1,2025-01-10 12:22:15,2025-01-10 12:33:07,1.0,2.2,1.0,N,231,68,1,13.5,3.25,0.5,2.0,0.0,1.0,20.25,2.5,0.0,0.75
2,2025-01-18 10:12:31,2025-01-18 10:19:11,1.0,1.13,1.0,N,140,262,2,8.6,0.0,0.5,0.0,0.0,1.0,12.6,2.5,0.0,0.0
2,2025-01-29 12:03:56,2025-01-29 12:32:42,3.0,10.45,3.0,N,231,265,2,65.0,0.0,0.0,0.0,14.06,1.0,80.81,0.0,0.0,0.75
1,2025-01-18 12:08:43,2025-01-18 12:29:33,3.0,9.0,1.0,N,138,186,1,37.3,10.0,0.5,13.9,6.94,1.0,69.64,2.5,1.75,0.75
2,2025-01-10 22:42:45,2025-01-10 22:50:43,1.0,1.85,1.0,N,141,170,1,10.7,1.0,0.5,3.29,0.0,1.0,19.74,2.5,0.0,0.75
1,2025-01-26 19:10:51,2025-01-26 19:28:59,2.0,9.3,1.0,N,70,237,1,36.6,7.5,0.5,10.0,6.94,1.0,62.54,2.5,0.0,0.0
1,2025-01-07 16:43:30,2025-01-07 16:50:43,1.0,0.9,1.0,N,50,142,1,7.9,5.75,0.5,3.05,0.0,1.0,18.2,2.5,0.0,0.75
1,2025-01-14 11:05:54,2025-01-14 11:27:45,2.0,2.5,1.0,N,236,233,1,20.5,3.25,0.5,4.0,0.0,1.0,29.25,2.5,0.0,0.75
2,2025-01-13 16:18:01,2025-01-13 16:26:08,1.0,0.77,1.0,N,236,141,1,8.6,2.5,0.5,3.02,0.0,1.0,18.12,2.5,0.0,0.0
2,2025-01-19 13:49:08,2025-01-19 14:04:40,,3.07,,,144,246,0,19.27,0.0,0.5,0.0,0.0,1.0,24.02,,,0.75
2,2025-01-18 21:53:47,2025-01-18 22:00:28,4.0,0.81,1.0,N,79,148,1,7.9,1.0,0.5,2.73,0.0,1.0,16.38,2.5,0.0,0.75
2,2025-01-10 21:10:19,2025-01-10 21:36:51,1.0,6.38,1.0,N,90,37,1,31.0,1.0,0.5,9.19,0.0,1.0,45.94,2.5,0.0,0.75
1,2025-01-10 11:32:16,2025-01-10 11:51:15,2.0,2.7,1.0,N,263,170,1,18.4,3.25,0.5,4.6,0.0,1.0,27.75,2.5,0.0,0.75
2,2025-01-15 18:52:55,2025-01-15 19:03:14,1.0,1.94,1.0,N,236,238,1,12.1,2.5,0.5,3.72,0.0,1.0,22.32,2.5,0.0,0.0
2,2025-01-11 10:44:51,2025-01-11 10:57:43,1.0,1.82,1.0,N,161,90,1,13.5,0.0,0.5,3.65,0.0,1.0,21.9,2.5,0.0,0.75
2,2025-01-12 13:42:50,2025-01-12 14:37:01,1.0,18.82,2.0,N,132,142,1,70.0,0.0,0.5,20.0,6.94,1.0,103.44,2.5,1.75,0.75
2,2025-01-08 23:34:49,2025-01-08 23:53:16,1.0,4.03,1.0,N,230,232,1,21.9,1.0,0.5,5.53,0.0,1.0,33.18,2.5,0.0,0.75
2,2025-01-17 19:50:07,2025-01-17 19:55:31,1.0,1.11,1.0,N,137,229,1,7.9,2.5,0.5,3.03,0.0,1.0,18.18,2.5,0.0,0.75
1,2025-01-24 12:02:54,2025-01-24 12:09:41,1.0,0.0,1.0,N,145,145,2,7.2,0.0,0.5,0.0,0.0,1.0,8.7,0.0,0.0,0.0
2,2025-01-29 15:56:52,2025-01-29 16:18:49,2.0,3.13,1.0,N,237,224,1,21.9,0.0,0.5,5.48,0.75,1.0,32.88,2.5,0.0,0.75
2,2025-01-10 17:52:11,2025-01-10 18:08:18,1.0,2.29,1.0,N,161,239,1,16.3,2.5,0.5,4.71,0.0,1.0,28.26,2.5,0.0,0.75
2,2025-01-16 12:46:49,2025-01-16 12:54:59,1.0,0.68,1.0,N,230,161,1,8.6,0.0,0.5,2.67,0.0,1.0,16.02,2.5,0.0,0.75
2,2025-01-24 09:27:42,2025-01-24 09:43:35,2.0,2.26,1.0,N,231,234,1,16.3,0.0,0.5,4.21,0.0,1.0,25.26,2.5,0.0,0.75
2,2025-01-23 14:33:33,2025-01-23 15:00:03,,3.52,,,261,230,0,25.61,0.0,0.5,0.0,0.0,1.0,30.36,,,0.75
2,2025-01-30 09:10:00,2025-01-30 09:57:33,1.0,5.02,1.0,N,79,239,1,41.5,0.0,0.5,6.94,0.0,1.0,53.19,2.5,0.0,0.75
1,2025-01-12 11:32:30,2025-01-12 11:35:29,1.0,0.6,1.0,N,90,68,1,5.1,3.25,0.5,1.95,0.0,1.0,11.8,2.5,0.0,0.75
2,2025-01-18 06:49:23,2025-01-18 06:51:59,1.0,0.64,1.0,N,229,162,1,5.1,0.0,0.5,0.0,0.0,1.0,9.85,2.5,0.0,0.75
2,2025-01-25 14:14:52,2025-01-25 14:20:31,1.0,0.82,1.0,N,144,79,2,7.2,0.0,0.5,0.0,0.0,1.0,11.95,2.5,0.0,0.75
2,2025-01-05 22:43:55,2025-01-05 23:16:21,3.0,16.4,2.0,N,132,90,1,70.0,0.0,0.5,16.34,6.94,1.0,98.03,2.5,0.0,0.75
2,2025-01-09 14:30:57,2025-01-09 14:37:35,,1.39,,,10,218,0,9.12,0.0,0.5,0.0,0.0,1.0,10.62,,,0.0
2,2025-01-31 11:39:16,2025-01-31 11:55:50,1.0,1.8,1.0,N,249,170,1,15.6,0.0,0.5,2.0,0.0,1.0,22.35,2.5,0.0,0.75
2,2025-01-30 18:48:55,2025-01-30 18:54:20,1.0,0.68,1.0,N,161,229,1,6.5,2.5,0.5,2.06,0.0,1.0,15.81,2.5,0.0,0.75
2,2025-01-25 18:48:44,2025-01-25 19:05:06,,1.71,,,137,68,0,15.44,0.0,0.5,0.0,0.0,1.0,20.19,,,0.75
2,2025-01-31 04:24:00,2025-01-31 04:37:00,,2.0,,,246,233,0,12.8,0.0,0.5,0.0,0.0,1.0,17.55,,,0.75
2,2025-01-18 15:37:48,2025-01-18 15:54:40,1.0,1.12,1.0,N,107,186,1,14.9,0.0,0.5,3.93,0.0,1.0,23.58,2.5,0.0,0.75
2,2025-01-17 05:44:07,2025-01-17 05:44:12,1.0,0.0,5.0,N,138,138,1,67.0,5.0,0.0,18.25,0.0,1.0,93.0,0.0,1.75,0.0
2,2025-01-09 17:22:55,2025-01-09 17:22:59,2.0,0.0,5.0,N,132,132,1,68.0,0.0,0.0,13.8,0.0,1.0,84.55,0.0,1.75,0.0
1,2025-01-31 22:34:07,2025-01-31 22:50:58,0.0,2.4,1.0,N,158,48,1,17.0,4.25,0.5,5.65,0.0,1.0,28.4,2.5,0.0,0.75
2,2025-01-13 21:37:49,2025-01-13 21:45:05,1.0,1.09,1.0,N,90,68,1,9.3,1.0,0.5,3.01,0.0,1.0,18.06,2.5,0.0,0.75
1,2025-01-16 16:20:54,2025-01-16 17:04:14,1.0,14.4,4.0,N,132,265,2,86.3,2.5,0.5,0.0,0.0,1.0,90.3,0.0,0.0,0.0
2,2025-01-28 22:28:07,2025-01-28 22:39:14,,1.79,,,79,164,0,9.73,0.0,0.5,0.0,0.0,1.0,14.48,,,0.75
2,2025-01-04 21:16:46,2025-01-04 21:54:25,1.0,19.07,2.0,N,132,140,1,70.0,0.0,0.5,16.19,6.94,1.0,97.13,2.5,0.0,0.0
2,2025-01-09 19:28:24,2025-01-09 19:44:54,1.0,2.64,1.0,N,161,249,1,17.0,2.5,0.5,0.0,0.0,1.0,24.25,2.5,0.0,0.75
1,2025-01-04 23:00:31,2025-01-04 23:11:40,3.0,1.2,1.0,N,230,233,2,11.4,3.5,0.5,0.0,0.0,1.0,16.4,2.5,0.0,0.0
2,2025-01-21 17:30:07,2025-01-21 17:46:00,4.0,2.81,1.0,N,246,144,1,17.7,2.5,0.5,2.0,0.0,1.0,26.95,2.5,0.0,0.75
2,2025-01-17 07:32:45,2025-01-17 07:49:04,,2.75,,,75,161,0,14.32,0.0,0.5,0.0,0.0,1.0,19.07,,,0.75
2,2025-01-14 08:51:15,2025-01-14 09:04:12,1.0,1.95,1.0,N,262,161,1,13.5,0.0,0.5,3.65,0.0,1.0,21.9,2.5,0.0,0.75
2,2025-01-14 07:24:18,2025-01-14 07:50:54,,5.67,,,61,87,0,32.69,0.0,0.5,0.0,0.0,1.0,37.44,,,0.75
2,2025-01-09 09:20:53,2025-01-09 09:29:19,1.0,0.54,1.0,N,237,140,1,8.6,0.0,0.5,2.52,0.0,1.0,15.12,2.5,0.0,0.0
2,2025-01-07 14:29:23,2025-01-07 14:40:54,1.0,0.97,1.0,N,186,161,1,11.4,0.0,0.5,3.23,0.0,1.0,19.38,2.5,0.0,0.75
2,2025-01-01 00:14:00,2025-01-01 00:21:04,1.0,1.16,1.0,N,164,107,1,8.6,1.0,0.5,2.72,0.0,1.0,16.32,2.5,0.0,0.0
2,2025-01-17 23:44:22,2025-01-17 23:54:26,1.0,2.61,1.0,N,164,236,1,13.5,1.0,0.5,5.0,0.0,1.0,24.25,2.5,0.0,0.75
2,2025-01-28 21:28:12,2025-01-28 21:42:00,,2.61,,,170,263,0,13.32,0.0,0.5,0.0,0.0,1.0,18.07,,,0.75
2,2025-01-18 15:34:53,2025-01-18 16:00:59,1.0,9.19,1.0,N,138,238,1,38.0,5.0,0.5,10.79,6.94,1.0,66.48,2.5,1.75,0.0
2,2025-01-28 19:35:22,2025-01-28 19:38:38,1.0,0.61,1.0,N,238,238,1,5.8,2.5,0.5,1.58,0.0,1.0,13.88,2.5,0.0,0.0
2,2025-01-08 23:02:58,2025-01-08 23:07:28,,0.44,,,79,232,0,4.8,0.0,0.5,0.0,0.0,1.0,9.55,,,0.75
2,2025-01-16 19:25:43,2025-01-16 19:36:43,1.0,1.69,1.0,N,13,144,1,12.1,2.5,0.5,3.87,0.0,1.0,23.22,2.5,0.0,0.75
1,2025-01-25 20:58:45,2025-01-25 21:10:46,1.0,4.7,1.0,N,48,152,1,21.2,4.25,0.5,5.0,0.0,1.0,31.95,2.5,0.0,0.75
2,2025-01-27 14:11:44,2025-01-27 14:16:18,1.0,0.51,1.0,N,236,237,1,6.5,0.0,0.5,1.0,0.0,1.0,11.5,2.5,0.0,0.0
2,2025-01-26 01:32:13,2025-01-26 01:38:23,,1.35,,,158,13,0,8.5,0.0,0.5,0.0,0.0,1.0,13.25,,,0.75
2,2025-01-23 17:57:27,2025-01-23 18:03:22,4.0,0.64,1.0,N,230,186,1,7.2,2.5,0.5,2.89,0.0,1.0,17.34,2.5,0.0,0.75
1,2025-01-18 10:43:45,2025-01-18 10:52:30,1.0,1.4,1.0,N,151,239,1,10.7,2.5,0.5,2.9,0.0,1.0,17.6,2.5,0.0,0.0
2,2025-01-14 09:49:55,2025-01-14 09:58:26,1.0,1.07,1.0,N,140,236,1,10.0,0.0,0.5,4.2,0.0,1.0,18.2,2.5,0.0,0.0
2,2025-01-02 12:15:56,2025-01-02 12:20:17,1.0,0.59,1.0,N,48,246,1,6.5,0.0,0.5,0.11,0.0,1.0,10.61,2.5,0.0,0.0
1,2025-01-25 11:09:07,2025-01-25 11:23:55,1.0,1.8,1.0,N,229,236,1,13.5,3.25,0.5,3.65,0.0,1.0,21.9,2.5,0.0,0.75
1,2025-01-29 00:49:03,2025-01-29 00:56:49,1.0,2.2,1.0,N,79,162,1,11.4,4.25,0.5,1.5,0.0,1.0,18.65,2.5,0.0,0.75
2,2025-01-06 08:03:43,2025-01-06 08:12:59,2.0,1.22,1.0,N,143,239,2,10.7,0.0,0.5,0.0,0.0,1.0,15.45,2.5,0.0,0.75
2,2025-01-30 19:07:28,2025-01-30 19:46:02,1.0,13.08,1.0,N,138,181,1,54.8,7.5,0.5,13.11,0.0,1.0,78.66,0.0,1.75,0.0
2,2025-01-02 11:40:41,2025-01-02 11:42:38,1.0,0.19,1.0,N,236,236,1,4.4,0.0,0.5,1.0,0.0,1.0,9.4,2.5,0.0,0.0
2,2025-01-25 00:39:55,2025-01-25 00:46:23,1.0,1.41,1.0,N,186,113,1,8.6,1.0,0.5,2.87,0.0,1.0,17.22,2.5,0.0,0.75
1,2025-01-26 06:26:51,2025-01-26 06:34:22,2.0,1.7,1.0,N,233,186,1,10.0,3.25,0.5,0.0,0.0,1.0,14.75,2.5,0.0,0.75
2,2025-01-23 23:32:56,2025-01-23 23:53:52,1.0,8.05,1.0,N,162,40,1,33.8,1.0,0.5,6.33,0.0,1.0,45.88,2.5,0.0,0.75
2,2025-01-21 13:18:48,2025-01-21 13:32:36,1.0,1.92,1.0,N,239,237,1,14.2,0.0,0.5,4.55,0.0,1.0,22.75,2.5,0.0,0.0
2,2025-01-10 21:47:48,2025-01-10 22:10:48,1.0,9.94,1.0,N,138,234,1,42.2,6.0,0.5,8.0,6.94,1.0,69.64,2.5,1.75,0.75
1,2025-01-08 13:21:47,2025-01-08 13:41:32,0.0,2.6,1.0,N,164,141,1,18.4,3.25,0.5,1.0,0.0,1.0,24.15,2.5,0.0,0.75
1,2025-01-16 16:03:05,2025-01-16 18:07:38,1.0,17.3,99.0,N,188,242,1,53.5,0.0,0.5,0.0,0.0,0.0,54.0,0.0,0.0,0.0
2,2025-01-26 13:26:01,2025-01-26 13:36:17,,1.51,,,107,164,0,11.41,0.0,0.5,0.0,0.0,1.0,16.16,,,0.75
2,2025-01-21 16:51:51,2025-01-21 17:43:35,1.0,18.85,2.0,N,132,263,1,70.0,5.0,0.5,0.0,6.94,1.0,87.69,2.5,1.75,0.0
2,2025-01-12 18:24:43,2025-01-12 18:31:46,2.0,1.12,1.0,N,238,75,1,8.6,0.0,0.5,2.02,0.0,1.0,12.12,0.0,0.0,0.0
2,2025-01-11 23:07:19,2025-01-11 23:13:39,1.0,0.9,1.0,N,230,229,1,7.9,1.0,0.5,1.5,0.0,1.0,15.15,2.5,0.0,0.75
1,2025-01-03 23:46:45,2025-01-03 23:47:10,1.0,0.0,1.0,N,146,146,3,3.0,1.0,0.5,0.0,0.0,1.0,5.5,0.0,0.0,0.0
1,2025-01-01 13:55:26,2025-01-01 14:30:15,1.0,11.1,1.0,N,132,61,1,43.6,1.75,0.5,9.35,0.0,1.0,56.2,0.0,1.75,0.0
2,2025-01-24 15:35:45,2025-01-24 15:47:52,,1.88,,,100,50,0,18.66,0.0,0.5,0.0,0.0,1.0,23.41,,,0.75
2,2025-01-28 17:58:29,2025-01-28 18:13:04,1.0,1.74,1.0,N,107,163,1,14.9,2.5,0.5,3.0,0.0,1.0,25.15,2.5,0.0,0.75
1,2025-01-14 18:36:06,2025-01-14 18:56:43,,2.6,,,161,114,0,22.34,0.0,0.5,0.0,0.0,1.0,27.09,,,0.75
1,2025-01-15 09:30:40,2025-01-15 09:37:46,1.0,0.7,1.0,N,151,151,2,6.5,0.0,0.5,0.0,0.0,1.0,8.0,0.0,0.0,0.0
1,2025-01-08 12:38:32,2025-01-08 13:17:48,1.0,0.0,99.0,N,76,133,1,27.5,0.0,0.5,0.0,0.0,1.0,29.0,0.0,0.0,0.0
2,2025-01-07 13:15:50,2025-01-07 13:38:28,4.0,3.78,1.0,N,163,158,1,24.0,0.0,0.5,5.75,0.0,1.0,34.5,2.5,0.0,0.75
1,2025-01-22 17:28:38,2025-01-22 17:37:47,1.0,0.9,1.0,N,161,230,1,8.6,5.75,0.5,3.15,0.0,1.0,19.0,2.5,0.0,0.75
2,2025-01-28 22:47:33,2025-01-28 23:10:33,5.0,8.92,1.0,N,45,236,2,38.7,1.0,0.5,0.0,0.0,1.0,44.45,2.5,0.0,0.75
2,2025-01-19 00:47:08,2025-01-19 01:00:12,1.0,2.7,1.0,N,114,161,1,14.9,1.0,0.5,2.06,0.0,1.0,22.71,2.5,0.0,0.75
2,2025-01-16 12:05:43,2025-01-16 12:17:02,,2.15,,,233,90,0,-4.75,0.0,0.5,0.0,0.0,1.0,4.32,,,0.75
2,2025-01-19 12:58:36,2025-01-19 13:04:50,1.0,0.76,1.0,N,237,43,1,7.9,0.0,0.5,2.14,0.0,1.0,14.04,2.5,0.0,0.0
2,2025-01-16 16:39:03,2025-01-16 17:15:24,1.0,11.1,1.0,N,138,230,1,48.5,7.5,0.5,13.54,6.94,1.0,82.98,2.5,1.75,0.75
1,2025-01-11 00:17:51,2025-01-11 00:38:31,,4.5,,,125,142,0,22.62,0.0,0.5,0.0,0.0,1.0,27.37,,,0.75
2,2025-01-02 16:42:59,2025-01-02 17:04:13,1.0,8.55,1.0,N,138,247,1,35.2,7.5,0.5,4.0,6.94,1.0,59.39,2.5,1.75,0.0
2,2025-01-28 14:25:29,2025-01-28 14:47:30,1.0,7.22,1.0,N,70,255,1,32.4,5.0,0.5,7.78,0.0,1.0,48.43,0.0,1.75,0.0
1,2025-01-22 20:52:26,2025-01-22 21:03:26,1.0,1.9,1.0,N,237,239,1,11.4,4.25,0.5,1.0,0.0,1.0,18.15,2.5,0.0,0.75
1,2025-01-25 18:32:10,2025-01-25 18:41:58,1.0,0.9,1.0,N,164,161,2,9.3,3.25,0.5,0.0,0.0,1.0,14.05,2.5,0.0,0.75
2,2025-01-28 16:57:23,2025-01-28 17:07:07,,0.01,,,48,238,0,15.1,0.0,0.5,0.0,0.0,1.0,19.85,,,0.75
2,2025-01-16 08:12:39,2025-01-16 08:24:52,,2.08,,,142,246,0,-4.75,0.0,0.5,0.0,0.0,1.0,3.59,,,0.75
2,2025-01-28 19:45:23,2025-01-28 20:19:55,2.0,18.2,2.0,N,132,75,1,70.0,5.0,0.5,17.04,6.94,1.0,102.23,0.0,1.75,0.0
1,2025-01-15 14:20:12,2025-01-15 14:26:48,2.0,0.7,1.0,N,141,237,1,7.9,3.25,0.5,2.22,0.0,1.0,14.87,2.5,0.0,0.75
2,2025-01-11 17:31:41,2025-01-11 18:10:19,,8.78,,,230,265,0,71.49,0.0,0.0,12.52,16.06,1.0,101.82,,,0.75
2,2025-01-04 16:02:59,2025-01-04 16:27:56,1.0,1.7,1.0,N,161,140,1,21.2,0.0,0.5,5.04,0.0,1.0,30.24,2.5,0.0,0.0
1,2025-01-05 17:02:40,2025-01-05 17:15:23,1.0,2.3,1.0,N,141,239,1,14.2,2.5,0.5,3.6,0.0,1.0,21.8,2.5,0.0,0.0
2,2025-01-11 12:45:44,2025-01-11 12:51:10,1.0,0.74,1.0,N,161,163,1,6.5,0.0,0.5,2.25,0.0,1.0,13.5,2.5,0.0,0.75
2,2025-01-08 23:44:09,2025-01-09 00:32:42,2.0,18.23,2.0,N,132,162,2,70.0,0.0,0.5,0.0,6.94,1.0,83.44,2.5,1.75,0.75
1,2025-01-10 16:26:58,2025-01-10 16:33:47,1.0,0.9,1.0,N,140,229,1,7.2,5.75,0.5,2.08,0.0,1.0,16.53,2.5,0.0,0.75
1,2025-01-21 18:54:00,2025-01-21 19:03:57,1.0,1.5,1.0,N,209,148,1,10.7,5.75,0.5,3.55,0.0,1.0,21.5,2.5,0.0,0.75
2,2025-01-16 17:48:53,2025-01-16 18:14:00,,0.0,,,238,164,0,32.71,0.0,0.5,0.0,0.0,1.0,37.46,,,0.75
2,2025-01-07 21:11:56,2025-01-07 21:25:32,4.0,2.01,1.0,N,186,141,1,14.2,1.0,0.5,3.99,0.0,1.0,23.94,2.5,0.0,0.75
1,2025-01-31 12:29:33,2025-01-31 12:48:06,1.0,3.0,1.0,N,231,40,1,18.4,3.25,0.5,4.65,0.0,1.0,27.8,2.5,0.0,0.75
2,2025-01-06 09:45:30,2025-01-06 09:52:03,1.0,1.22,1.0,N,164,224,1,8.6,0.0,0.5,2.67,0.0,1.0,16.02,2.5,0.0,0.75
1,2025-01-25 12:09:29,2025-01-25 12:15:29,1.0,0.4,1.0,N,161,161,1,7.2,3.25,0.5,2.35,0.0,1.0,14.3,2.5,0.0,0.75
1,2025-01-19 11:39:04,2025-01-19 11:42:52,1.0,0.4,1.0,N,140,262,1,5.1,2.5,0.5,3.0,0.0,1.0,12.1,2.5,0.0,0.0
2,2025-01-23 16:22:32,2025-01-23 17:17:25,2.0,16.4,2.0,N,170,132,4,70.0,5.0,0.5,0.0,6.94,1.0,86.69,2.5,0.0,0.75
1,2025-01-22 13:46:14,2025-01-22 14:03:57,1.0,1.6,1.0,N,143,237,1,15.6,3.25,0.5,4.05,0.0,1.0,24.4,2.5,0.0,0.75
1,2025-01-23 13:20:02,2025-01-23 13:31:15,1.0,1.8,1.0,N,246,234,1,11.4,3.25,0.5,2.9,0.0,1.0,19.05,2.5,0.0,0.75
2,2025-01-27 14:15:20,2025-01-27 14:37:21,2.0,1.89,1.0,N,161,68,1,19.8,0.0,0.5,3.5,0.0,1.0,28.05,2.5,0.0,0.75
1,2025-01-20 13:54:56,2025-01-20 14:01:16,1.0,1.4,1.0,N,229,141,1,8.6,3.25,0.5,0.5,0.0,1.0,13.85,2.5,0.0,0.75
1,2025-01-06 15:56:22,2025-01-06 16:02:44,1.0,0.6,1.0,N,140,237,2,7.2,2.5,0.5,0.0,0.0,1.0,11.2,2.5,0.0,0.0
2,2025-01-29 10:46:55,2025-01-29 11:00:46,1.0,1.48,1.0,N,249,107,1,13.5,0.0,0.5,3.65,0.0,1.0,21.9,2.5,0.0,0.75
1,2025-01-21 12:11:11,2025-01-21 12:27:26,1.0,3.1,1.0,N,262,233,1,17.0,3.25,0.5,2.2,0.0,1.0,23.95,2.5,0.0,0.75
2,2025-01-27 20:21:28,2025-01-27 20:47:41,1.0,6.93,1.0,N,125,236,1,33.8,1.0,0.5,9.89,0.0,1.0,49.44,2.5,0.0,0.75
2,2025-01-24 12:45:16,2025-01-24 12:50:38,1.0,0.85,1.0,N,142,142,1,7.2,0.0,0.5,2.24,0.0,1.0,13.44,2.5,0.0,0.0
2,2025-01-19 14:16:10,2025-01-19 14:23:07,1.0,1.22,1.0,N,236,263,1,9.3,0.0,0.5,2.66,0.0,1.0,15.96,2.5,0.0,0.0
2,2025-01-01 14:27:55,2025-01-01 14:45:54,1.0,3.79,1.0,N,48,13,2,20.5,0.0,0.5,0.0,0.0,1.0,24.5,2.5,0.0,0.0
1,2025-01-31 19:27:18,2025-01-31 19:46:06,,2.6,,,170,143,0,19.43,0.0,0.5,0.0,0.0,1.0,24.18,,,0.75
1,2025-01-09 17:24:08,2025-01-09 17:35:39,1.0,1.5,1.0,N,142,230,1,11.4,5.75,0.5,3.75,0.0,1.0,22.4,2.5,0.0,0.75
1,2025-01-22 08:07:13,2025-01-22 08:13:16,0.0,1.3,1.0,N,236,163,1,8.6,3.25,0.5,1.65,0.0,1.0,15.0,2.5,0.0,0.75
2,2025-01-07 07:50:28,2025-01-07 08:02:12,,2.46,,,239,68,0,18.86,0.0,0.5,0.0,0.0,1.0,23.61,,,0.75
2,2025-01-30 17:00:11,2025-01-30 17:02:22,1.0,0.45,1.0,N,24,151,2,4.4,2.5,0.5,0.0,0.0,1.0,8.4,0.0,0.0,0.0
1,2025-01-24 18:25:00,2025-01-24 18:33:18,,1.1,,,143,48,0,8.23,0.0,0.5,0.0,0.0,1.0,12.98,,,0.75
1,2025-01-12 15:46:16,2025-01-12 15:53:31,1.0,0.8,1.0,N,161,170,1,7.2,3.25,0.5,2.4,0.0,1.0,14.35,2.5,0.0,0.75
2,2025-01-30 12:44:29,2025-01-30 12:56:24,1.0,1.54,1.0,N,143,238,1,12.8,0.0,0.5,3.36,0.0,1.0,20.16,2.5,0.0,0.0
2,2025-01-20 11:47:02,2025-01-20 11:56:55,2.0,1.67,1.0,N,238,236,1,11.4,0.0,0.5,3.08,0.0,1.0,18.48,2.5,0.0,0.0
2,2025-01-30 17:51:20,2025-01-30 18:15:56,,0.0,,,236,138,0,39.68,0.0,0.5,10.12,6.94,1.0,60.74,,,0.0
2,2025-01-26 12:41:51,2025-01-26 12:54:12,,3.54,,,42,263,0,-4.0,0.0,0.5,0.0,0.0,1.0,3.04,,,0.0
2,2025-01-14 19:39:23,2025-01-14 19:49:20,1.0,1.63,1.0,N,249,164,1,11.4,2.5,0.5,3.73,0.0,1.0,22.38,2.5,0.0,0.75
2,2025-01-21 19:33:22,2025-01-21 19:36:55,1.0,0.83,1.0,N,238,238,2,5.8,2.5,0.5,0.0,0.0,1.0,12.3,2.5,0.0,0.0
2,2025-01-22 12:15:19,2025-01-22 12:20:00,1.0,0.37,1.0,N,170,233,2,5.8,0.0,0.5,0.0,0.0,1.0,10.55,2.5,0.0,0.75
2,2025-01-14 08:07:55,2025-01-14 08:11:28,1.0,0.64,1.0,N,116,116,2,5.8,0.0,0.5,0.0,0.0,1.0,7.3,0.0,0.0,0.0
2,2025-01-01 21:24:14,2025-01-01 21:34:26,2.0,1.4,1.0,N,158,144,1,10.7,1.0,0.5,3.14,0.0,1.0,18.84,2.5,0.0,0.0
2,2025-01-28 19:21:37,2025-01-28 19:40:46,1.0,10.25,1.0,N,138,79,1,40.8,7.5,0.5,10.61,0.0,1.0,65.41,2.5,1.75,0.75
2,2025-01-14 14:37:41,2025-01-14 14:54:00,1.0,1.76,1.0,N,239,237,1,15.6,0.0,0.5,1.96,0.0,1.0,21.56,2.5,0.0,0.0
2,2025-01-28 14:17:51,2025-01-28 14:24:22,1.0,1.06,1.0,N,68,234,1,7.9,0.0,0.5,2.53,0.0,1.0,15.18,2.5,0.0,0.75
2,2025-01-14 10:48:36,2025-01-14 10:53:47,1.0,1.08,1.0,N,170,234,1,7.2,0.0,0.5,0.0,0.0,1.0,11.95,2.5,0.0,0.75
2,2025-01-30 19:49:22,2025-01-30 20:23:33,1.0,19.32,2.0,N,132,140,1,70.0,5.0,0.5,17.19,6.94,1.0,103.13,2.5,0.0,0.0
2,2025-01-13 12:36:37,2025-01-13 12:55:50,3.0,2.64,1.0,N,164,141,1,18.4,0.0,0.5,4.63,0.0,1.0,27.78,2.5,0.0,0.75
2,2025-01-16 00:28:32,2025-01-16 00:39:28,2.0,2.18,1.0,N,148,90,2,13.5,1.0,0.5,0.0,0.0,1.0,19.25,2.5,0.0,0.75
2,2025-01-07 10:19:02,2025-01-07 10:33:47,1.0,1.88,1.0,N,143,141,1,14.9,0.0,0.5,2.0,0.0,1.0,20.9,2.5,0.0,0.0
2,2025-01-08 16:09:10,2025-01-08 16:28:09,1.0,3.99,1.0,N,230,13,1,21.9,2.5,0.5,5.83,0.0,1.0,34.98,2.5,0.0,0.75
2,2025-01-10 17:06:34,2025-01-10 17:20:52,,0.01,,,151,163,0,16.52,0.0,0.5,0.0,0.0,1.0,21.27,,,0.75
2,2025-01-28 20:33:01,2025-01-28 20:41:40,1.0,1.22,1.0,N,234,114,1,9.3,1.0,0.5,4.51,0.0,1.0,19.56,2.5,0.0,0.75
2,2025-01-23 18:47:33,2025-01-23 18:51:18,1.0,0.53,1.0,N,237,163,1,5.8,2.5,0.5,2.46,0.0,1.0,14.76,2.5,0.0,0.0
2,2025-01-26 14:36:25,2025-01-26 14:51:08,,4.04,,,224,263,0,22.81,0.0,0.5,0.0,0.0,1.0,27.56,,,0.75
2,2025-01-01 02:05:49,2025-01-01 02:17:46,1.0,1.15,1.0,N,48,68,1,12.1,1.0,0.5,4.9,0.0,1.0,22.0,2.5,0.0,0.0
2,2025-01-20 13:17:50,2025-01-20 13:25:58,1.0,1.31,1.0,N,68,164,1,10.0,0.0,0.5,2.95,0.0,1.0,17.7,2.5,0.0,0.75
2,2025-01-16 18:27:22,2025-01-16 18:38:59,,0.0,,,211,261,0,18.16,0.0,0.5,0.0,0.0,1.0,22.91,,,0.75
2,2025-01-17 10:33:14,2025-01-17 10:41:29,1.0,1.23,1.0,N,107,170,2,-9.3,0.0,-0.5,0.0,0.0,-1.0,-14.05,-2.5,0.0,0.0
2,2025-01-31 00:15:00,2025-01-31 00:31:48,1.0,3.73,1.0,N,148,25,1,20.5,1.0,0.5,7.88,0.0,1.0,34.13,2.5,0.0,0.75
2,2025-01-23 13:15:12,2025-01-23 13:23:34,3.0,1.38,1.0,N,161,142,1,10.0,0.0,0.5,3.69,0.0,1.0,18.44,2.5,0.0,0.75
2,2025-01-16 22:51:47,2025-01-16 23:11:37,1.0,5.66,1.0,N,132,124,1,27.5,1.0,0.5,0.0,0.0,1.0,31.75,0.0,1.75,0.0
2,2025-01-25 09:26:02,2025-01-25 09:44:37,,5.27,,,42,237,0,-4.0,0.0,0.5,0.0,0.0,1.0,4.23,,,0.0
2,2025-01-16 21:30:14,2025-01-16 21:44:10,1.0,1.95,1.0,N,234,163,1,14.2,1.0,0.5,0.0,0.0,1.0,19.95,2.5,0.0,0.75
2,2025-01-25 12:40:30,2025-01-25 12:53:26,1.0,2.01,1.0,N,162,246,2,13.5,0.0,0.5,0.0,0.0,1.0,18.25,2.5,0.0,0.75
2,2025-01-25 21:30:36,2025-01-25 21:43:16,,1.53,,,162,48,0,12.86,0.0,0.5,0.0,0.0,1.0,17.61,,,0.75
2,2025-01-16 08:32:21,2025-01-16 08:38:16,2.0,0.92,1.0,N,234,230,2,7.9,0.0,0.5,0.0,0.0,1.0,12.65,2.5,0.0,0.75
1,2025-01-14 19:49:00,2025-01-14 20:10:08,2.0,3.2,1.0,N,230,151,1,21.2,4.25,0.5,8.05,0.0,1.0,35.0,2.5,0.0,0.75
2,2025-01-16 19:10:03,2025-01-16 19:18:02,,1.2,,,170,186,0,10.0,0.0,0.5,0.0,0.0,1.0,14.75,,,0.75
2,2025-01-10 20:03:15,2025-01-10 20:18:10,2.0,3.28,1.0,N,161,151,1,17.7,1.0,0.5,4.69,0.0,1.0,28.14,2.5,0.0,0.75
2,2025-01-16 08:02:45,2025-01-16 08:06:57,1.0,0.76,1.0,N,113,234,1,6.5,0.0,0.5,1.0,0.0,1.0,12.25,2.5,0.0,0.75
2,2025-01-02 16:45:45,2025-01-02 17:11:52,1.0,2.83,1.0,N,161,211,4,22.6,2.5,0.5,0.0,0.0,1.0,29.1,2.5,0.0,0.0
2,2025-01-13 21:44:51,2025-01-13 21:51:11,1.0,0.88,1.0,N,231,148,1,7.9,1.0,0.5,2.73,0.0,1.0,16.38,2.5,0.0,0.75
2,2025-01-22 21:49:35,2025-01-22 22:02:09,,1.12,,,163,100,0,8.91,0.0,0.5,0.0,0.0,1.0,13.66,,,0.75
1,2025-01-30 16:08:24,2025-01-30 16:26:38,1.0,1.7,1.0,N,236,161,1,14.2,5.75,0.5,4.3,0.0,1.0,25.75,2.5,0.0,0.75
2,2025-01-11 00:15:11,2025-01-11 00:20:32,1.0,0.87,1.0,N,90,249,1,7.2,1.0,0.5,2.59,0.0,1.0,15.54,2.5,0.0,0.75
2,2025-01-15 08:57:51,2025-01-15 09:08:33,,1.48,,,246,113,0,15.61,0.0,0.5,4.07,0.0,1.0,24.43,,,0.75
1,2025-01-24 08:44:17,2025-01-24 08:53:02,1.0,1.3,1.0,N,141,161,1,9.3,3.25,0.5,2.8,0.0,1.0,16.85,2.5,0.0,0.75
2,2025-01-24 19:29:05,2025-01-24 19:40:06,1.0,1.63,1.0,N,237,236,1,12.8,2.5,0.5,2.9,0.0,1.0,22.2,2.5,0.0,0.0
2,2025-01-17 14:38:35,2025-01-17 14:58:41,3.0,2.84,1.0,N,164,143,1,19.1,0.0,0.5,2.0,0.0,1.0,25.85,2.5,0.0,0.75
2,2025-01-01 19:24:09,2025-01-01 19:35:19,2.0,2.03,1.0,N,45,107,1,12.8,0.0,0.5,4.2,0.0,1.0,21.0,2.5,0.0,0.0
2,2025-01-14 16:19:24,2025-01-14 17:15:45,1.0,17.11,2.0,N,132,256,1,70.0,5.0,0.5,19.12,0.0,1.0,97.37,0.0,1.75,0.0
2,2025-01-17 11:25:10,2025-01-17 11:27:59,1.0,0.59,1.0,N,170,107,1,5.1,0.0,0.5,1.97,0.0,1.0,11.82,2.5,0.0,0.75
2,2025-01-30 19:51:23,2025-01-30 20:06:27,2.0,1.81,1.0,N,234,148,1,14.2,2.5,0.5,0.0,0.0,1.0,21.45,2.5,0.0,0.75
1,2025-01-11 12:45:23,2025-01-11 13:10:17,1.0,4.0,1.0,N,151,162,1,25.4,3.25,0.5,1.0,0.0,1.0,31.15,2.5,0.0,0.75
2,2025-01-16 02:10:10,2025-01-16 02:19:37,1.0,2.29,1.0,N,100,141,1,12.1,1.0,0.5,3.57,0.0,1.0,21.42,2.5,0.0,0.75
2,2025-01-28 19:53:54,2025-01-28 20:07:05,2.0,2.3,1.0,N,162,246,1,14.9,2.5,0.5,4.43,0.0,1.0,26.58,2.5,0.0,0.75
2,2025-01-17 20:48:34,2025-01-17 21:06:43,3.0,4.8,1.0,N,68,166,1,24.7,1.0,0.5,4.57,0.0,1.0,35.02,2.5,0.0,0.75
2,2025-01-14 20:11:33,2025-01-14 20:25:57,2.0,1.84,1.0,N,211,186,1,14.2,1.0,0.5,3.99,0.0,1.0,23.94,2.5,0.0,0.75
2,2025-01-22 22:18:35,2025-01-22 22:26:00,,1.24,,,229,230,0,-4.75,0.0,0.5,0.0,0.0,1.0,3.0,,,0.75
2,2025-01-09 08:35:07,2025-01-09 08:49:54,,1.94,,,119,244,0,14.63,0.0,0.5,0.0,0.0,1.0,16.13,,,0.0
1,2025-01-07 15:55:11,2025-01-07 15:59:30,1.0,0.7,1.0,N,125,158,1,5.8,3.25,0.5,2.1,0.0,1.0,12.65,2.5,0.0,0.75
1,2025-01-29 10:43:53,2025-01-29 10:47:24,0.0,0.7,1.0,N,166,238,1,6.5,0.0,0.5,1.6,0.0,1.0,9.6,0.0,0.0,0.0
2,2025-01-22 22:04:28,2025-01-22 22:13:45,,1.47,,,142,230,0,11.46,0.0,0.5,0.0,0.0,1.0,16.21,,,0.75
2,2025-01-29 22:10:42,2025-01-29 22:20:52,1.0,2.16,1.0,N,164,158,1,12.8,1.0,0.5,3.71,0.0,1.0,22.26,2.5,0.0,0.75
2,2025-01-13 18:02:11,2025-01-13 18:10:04,1.0,1.14,1.0,N,75,262,1,9.3,2.5,0.5,3.16,0.0,1.0,18.96,2.5,0.0,0.0
2,2025-01-28 16:04:03,2025-01-28 16:19:07,1.0,1.16,1.0,N,170,186,1,13.5,2.5,0.5,4.15,0.0,1.0,24.9,2.5,0.0,0.75
2,2025-01-24 18:04:36,2025-01-24 18:58:18,1.0,20.84,1.0,N,132,65,1,83.5,2.5,0.5,5.0,0.0,1.0,94.25,0.0,1.75,0.0
2,2025-01-17 00:19:24,2025-01-17 00:24:19,1.0,1.75,1.0,N,249,246,1,9.3,1.0,0.5,3.01,0.0,1.0,18.06,2.5,0.0,0.75
2,2025-01-25 00:40:07,2025-01-25 01:00:24,1.0,4.42,1.0,N,229,255,1,24.0,1.0,0.5,5.95,0.0,1.0,35.7,2.5,0.0,0.75
2,2025-01-18 18:43:33,2025-01-18 18:49:45,,0.81,,,142,230,0,6.68,0.0,0.5,0.0,0.0,1.0,11.43,,,0.75
2,2025-01-01 01:58:00,2025-01-01 02:13:13,,2.86,,,113,229,0,19.67,0.0,0.5,0.0,0.0,1.0,23.67,,,0.0
2,2025-01-23 18:24:43,2025-01-23 18:42:53,1.0,2.18,1.0,N,262,162,1,17.7,2.5,0.5,2.5,0.0,1.0,27.45,2.5,0.0,0.75
2,2025-01-25 03:15:25,2025-01-25 03:37:28,,6.44,,,114,24,0,29.41,0.0,0.5,0.0,0.0,1.0,34.16,,,0.75
2,2025-01-29 20:37:42,2025-01-29 20:47:55,1.0,1.58,1.0,N,186,229,1,10.7,1.0,0.5,3.29,0.0,1.0,19.74,2.5,0.0,0.75
2,2025-01-11 23:37:36,2025-01-11 23:43:14,1.0,0.91,1.0,N,237,141,1,7.2,1.0,0.5,1.83,0.0,1.0,14.03,2.5,0.0,0.0
1,2025-01-04 15:03:25,2025-01-04 15:11:33,1.0,0.9,1.0,N,142,230,1,9.3,2.5,0.5,1.1,0.0,1.0,14.4,2.5,0.0,0.0
2,2025-01-17 07:07:03,2025-01-17 07:21:59,,2.7,,,130,205,0,15.38,0.0,0.5,0.0,0.0,1.0,16.88,,,0.0
2,2025-01-09 22:24:48,2025-01-09 22:39:33,1.0,3.41,1.0,N,230,43,1,18.4,1.0,0.5,7.02,0.0,1.0,31.17,2.5,0.0,0.75
2,2025-01-08 11:52:46,2025-01-08 12:12:09,2.0,2.95,1.0,N,140,48,1,19.8,0.0,0.5,3.0,0.0,1.0,27.55,2.5,0.0,0.75
2,2025-01-20 13:04:09,2025-01-20 13:18:13,,2.51,,,145,260,0,12.14,0.0,0.5,0.0,0.0,1.0,13.64,,,0.0
2,2025-01-03 18:24:47,2025-01-03 19:12:19,1.0,13.71,1.0,N,262,72,1,59.7,2.5,0.5,0.0,0.0,1.0,66.2,2.5,0.0,0.0
2,2025-01-09 14:01:22,2025-01-09 14:21:52,1.0,2.3,1.0,N,229,224,1,18.4,0.0,0.5,4.63,0.0,1.0,27.78,2.5,0.0,0.75
2,2025-01-18 10:38:37,2025-01-18 10:42:35,3.0,0.8,1.0,N,238,239,1,6.5,0.0,0.5,1.25,0.0,1.0,11.75,2.5,0.0,0.0
1,2025-01-16 10:44:23,2025-01-16 10:52:35,1.0,0.9,1.0,N,164,90,1,8.6,3.25,0.5,2.65,0.0,1.0,16.0,2.5,0.0,0.75
2,2025-01-18 12:12:10,2025-01-18 12:19:08,2.0,1.28,1.0,N,234,161,1,8.6,0.0,0.5,2.67,0.0,1.0,16.02,2.5,0.0,0.75
2,2025-01-23 01:17:07,2025-01-23 01:25:08,2.0,1.4,1.0,N,246,170,2,9.3,1.0,0.5,0.0,0.0,1.0,15.05,2.5,0.0,0.75
1,2025-01-27 14:44:53,2025-01-27 15:01:55,1.0,2.8,1.0,N,234,141,1,17.7,3.25,0.5,5.6,0.0,1.0,28.05,2.5,0.0,0.75
2,2025-01-29 18:18:18,2025-01-29 19:03:27,1.0,10.91,1.0,N,138,143,1,54.8,7.5,0.5,10.0,6.94,1.0,85.74,2.5,1.75,0.75
1,2025-01-10 12:07:51,2025-01-10 12:13:46,2.0,0.6,1.0,N,262,262,1,5.8,2.5,0.5,2.0,0.0,1.0,11.8,2.5,0.0,0.0
2,2025-01-12 01:30:16,2025-01-12 01:34:51,,0.57,,,148,79,0,-4.75,0.0,0.5,0.0,0.0,1.0,1.0,,,0.75
2,2025-01-25 18:54:23,2025-01-25 19:06:06,1.0,1.72,1.0,N,186,224,1,12.1,0.0,0.5,3.22,0.0,1.0,20.07,2.5,0.0,0.75
2,2025-01-18 12:48:49,2025-01-18 12:54:45,1.0,0.83,1.0,N,237,170,1,7.9,0.0,0.5,2.0,0.0,1.0,14.65,2.5,0.0,0.75
2,2025-01-14 16:26:41,2025-01-14 17:44:02,1.0,15.57,1.0,N,132,228,1,78.6,2.5,0.5,1.0,0.0,1.0,85.35,0.0,1.75,0.0
2,2025-01-09 15:07:05,2025-01-09 15:18:39,1.0,0.7,1.0,N,230,164,1,10.7,0.0,0.5,3.09,0.0,1.0,18.54,2.5,0.0,0.75
1,2025-01-27 08:12:54,2025-01-27 08:25:30,1.0,1.4,1.0,N,74,75,1,12.1,0.0,0.5,3.4,0.0,1.0,17.0,0.0,0.0,0.0
2,2025-01-07 02:35:57,2025-01-07 02:39:11,1.0,0.44,1.0,N,48,50,1,5.1,1.0,0.5,1.0,0.0,1.0,11.85,2.5,0.0,0.75
2,2025-01-05 18:59:13,2025-01-05 19:14:37,1.0,0.62,1.0,N,68,48,1,13.5,0.0,0.5,1.75,0.0,1.0,20.0,2.5,0.0,0.75
2,2025-01-06 21:07:59,2025-01-06 21:18:20,1.0,2.13,1.0,N,181,40,1,12.1,1.0,0.5,4.38,0.0,1.0,18.98,0.0,0.0,0.0
1,2025-01-20 12:45:03,2025-01-20 12:50:46,1.0,1.0,1.0,N,164,230,1,7.9,3.25,0.5,2.5,0.0,1.0,15.15,2.5,0.0,0.75
2,2025-01-29 16:55:32,2025-01-29 16:58:19,1.0,0.48,1.0,N,161,162,1,5.1,2.5,0.5,2.47,0.0,1.0,14.82,2.5,0.0,0.75
2,2025-01-22 14:00:56,2025-01-22 14:10:29,1.0,0.94,1.0,N,246,186,1,10.0,0.0,0.5,2.0,0.0,1.0,16.75,2.5,0.0,0.75
1,2025-01-16 07:22:02,2025-01-16 07:33:28,1.0,2.2,1.0,N,79,246,1,12.1,3.25,0.5,3.35,0.0,1.0,20.2,2.5,0.0,0.75
2,2025-01-25 19:07:13,2025-01-25 19:24:15,1.0,0.7,1.0,N,161,100,1,14.9,0.0,0.5,1.0,0.0,1.0,20.65,2.5,0.0,0.75
2,2025-01-26 14:05:13,2025-01-26 14:09:24,2.0,0.94,1.0,N,237,163,1,6.5,0.0,0.5,2.25,0.0,1.0,13.5,2.5,0.0,0.75
2,2025-01-12 17:24:29,2025-01-12 17:50:44,,3.59,,,141,50,0,21.65,0.0,0.5,0.0,0.0,1.0,26.4,,,0.75
2,2025-01-05 13:30:41,2025-01-05 13:54:16,1.0,2.15,1.0,N,48,170,1,21.2,0.0,0.5,5.19,0.0,1.0,31.14,2.5,0.0,0.75
2,2025-01-11 20:30:06,2025-01-11 21:04:09,3.0,20.53,1.0,N,132,66,1,75.8,1.0,0.5,16.16,0.0,1.0,98.71,2.5,1.75,0.0
2,2025-01-11 17:27:20,2025-01-11 17:37:39,1.0,1.34,1.0,N,234,246,1,11.4,0.0,0.5,0.0,0.0,1.0,16.15,2.5,0.0,0.75
1,2025-01-14 14:58:09,2025-01-14 15:07:09,1.0,0.7,1.0,N,236,75,1,9.3,2.5,0.5,2.0,0.0,1.0,15.3,2.5,0.0,0.0
1,2025-01-31 08:54:25,2025-01-31 08:59:14,,0.5,,,162,229,0,5.8,0.0,0.5,1.58,0.0,1.0,12.13,,,0.75
1,2025-01-17 11:41:05,2025-01-17 11:46:23,1.0,0.5,1.0,N,186,186,1,5.8,3.25,0.5,2.11,0.0,1.0,12.66,2.5,0.0,0.75
2,2025-01-09 14:25:52,2025-01-09 14:41:59,,2.05,,,234,144,0,14.52,0.0,0.5,0.0,0.0,1.0,19.27,,,0.75
2,2025-01-24 23:13:51,2025-01-24 23:28:13,1.0,2.67,1.0,N,107,142,1,15.6,1.0,0.5,4.27,0.0,1.0,25.62,2.5,0.0,0.75
2,2025-01-26 20:16:20,2025-01-26 20:29:30,1.0,1.84,1.0,N,162,249,1,13.5,1.0,0.5,3.85,0.0,1.0,23.1,2.5,0.0,0.75
2,2025-01-13 16:06:36,2025-01-13 17:01:13,1.0,21.48,2.0,N,132,231,1,70.0,5.0,0.5,9.0,0.0,1.0,90.5,2.5,1.75,0.75
1,2025-01-08 17:50:32,2025-01-08 17:59:37,1.0,1.4,1.0,N,90,114,1,9.3,5.75,0.5,3.3,0.0,1.0,19.85,2.5,0.0,0.75
2,2025-01-19 19:22:02,2025-01-19 19:22:07,4.0,0.03,5.0,N,132,132,1,110.0,0.0,0.0,0.0,0.0,1.0,112.75,0.0,1.75,0.0
1,2025-01-24 18:12:06,2025-01-24 18:23:35,1.0,1.1,1.0,N,230,186,1,10.0,5.75,0.5,4.3,0.0,1.0,21.55,2.5,0.0,0.75
2,2025-01-05 13:10:13,2025-01-05 13:28:19,3.0,1.28,1.0,N,68,48,1,15.6,0.0,0.5,0.0,0.0,1.0,20.35,2.5,0.0,0.75
2,2025-01-13 08:43:31,2025-01-13 09:03:41,,3.81,,,213,126,0,18.41,0.0,0.5,0.0,0.0,1.0,19.91,,,0.0
2,2025-01-30 17:26:26,2025-01-30 17:36:03,,1.2,,,231,249,0,15.43,0.0,0.5,0.0,0.0,1.0,20.18,,,0.75
2,2025-01-24 21:09:38,2025-01-24 21:26:44,1.0,1.82,1.0,N,79,158,2,15.6,1.0,0.5,0.0,0.0,1.0,21.35,2.5,0.0,0.75
2,2025-01-07 18:13:33,2025-01-07 18:29:23,,0.0,,,68,239,0,-4.75,0.0,0.5,0.0,0.0,1.0,5.95,,,0.75
2,2025-01-24 11:51:11,2025-01-24 12:06:07,1.0,1.6,1.0,N,229,107,1,14.9,0.0,0.5,0.0,0.0,1.0,19.65,2.5,0.0,0.75
2,2025-01-28 17:23:09,2025-01-28 17:36:43,1.0,2.11,1.0,N,161,236,1,14.9,2.5,0.5,4.43,0.0,1.0,26.58,2.5,0.0,0.75
2,2025-01-08 17:09:12,2025-01-08 17:31:23,1.0,2.77,1.0,N,236,230,1,20.5,2.5,0.5,4.16,0.0,1.0,31.91,2.5,0.0,0.75
2,2025-01-12 01:34:33,2025-01-12 01:39:27,,0.55,,,148,144,0,7.05,0.0,0.5,0.0,0.0,1.0,11.8,,,0.75
2,2025-01-27 15:16:01,2025-01-27 15:29:51,1.0,1.14,1.0,N,236,262,1,12.8,0.0,0.5,4.2,0.0,1.0,21.0,2.5,0.0,0.0
2,2025-01-24 08:39:36,2025-01-24 08:54:10,,2.23,,,239,161,0,17.87,0.0,0.5,0.0,0.0,1.0,22.62,,,0.75
2,2025-01-30 19:56:56,2025-01-30 20:03:37,2.0,1.16,1.0,N,229,137,1,8.6,2.5,0.5,3.17,0.0,1.0,19.02,2.5,0.0,0.75
2,2025-01-22 18:07:28,2025-01-22 18:10:16,1.0,0.59,1.0,N,238,239,1,5.1,2.5,0.5,2.32,0.0,1.0,13.92,2.5,0.0,0.0
1,2025-01-28 21:38:25,2025-01-28 21:57:26,1.0,1.6,1.0,N,100,233,1,14.9,4.25,0.5,5.15,0.0,1.0,25.8,2.5,0.0,0.75
2,2025-01-13 20:25:46,2025-01-13 20:28:26,1.0,0.66,1.0,N,237,140,1,5.1,1.0,0.5,1.21,0.0,1.0,11.31,2.5,0.0,0.0
2,2025-01-29 20:54:06,2025-01-29 21:22:41,2.0,5.14,1.0,N,107,179,1,29.6,1.0,0.5,7.07,0.0,1.0,42.42,2.5,0.0,0.75
2,2025-01-25 19:40:24,2025-01-25 20:02:33,,4.07,,,24,162,0,-4.75,0.0,0.5,0.0,0.0,1.0,5.94,,,0.75
2,2025-01-04 10:42:15,2025-01-04 11:01:06,2.0,3.83,1.0,N,68,13,2,21.9,0.0,0.5,0.0,0.0,1.0,25.9,2.5,0.0,0.0
2,2025-01-28 14:57:58,2025-01-28 15:14:12,1.0,1.89,1.0,N,151,143,1,15.6,0.0,0.5,2.0,0.0,1.0,21.6,2.5,0.0,0.0
2,2025-01-06 16:33:41,2025-01-06 17:14:16,1.0,10.58,1.0,N,161,138,1,49.2,7.5,0.5,13.68,6.94,1.0,82.07,2.5,0.0,0.75
2,2025-01-07 15:17:53,2025-01-07 15:23:00,1.0,0.69,1.0,N,246,164,1,6.5,0.0,0.5,2.25,0.0,1.0,13.5,2.5,0.0,0.75
2,2025-01-17 18:35:16,2025-01-17 18:39:10,1.0,0.64,1.0,N,48,50,1,6.5,2.5,0.5,2.75,0.0,1.0,16.5,2.5,0.0,0.75
2,2025-01-11 07:42:57,2025-01-11 07:47:56,1.0,0.69,1.0,N,186,246,2,7.2,0.0,0.5,0.0,0.0,1.0,11.95,2.5,0.0,0.75
2,2025-01-27 18:26:40,2025-01-27 18:39:28,1.0,1.6,1.0,N,229,48,1,12.8,2.5,0.5,4.01,0.0,1.0,24.06,2.5,0.0,0.75
2,2025-01-25 12:33:25,2025-01-25 12:45:27,1.0,2.34,1.0,N,100,237,1,14.2,0.0,0.5,3.79,0.0,1.0,22.74,2.5,0.0,0.75
2,2025-01-23 18:18:22,2025-01-23 18:31:02,2.0,1.52,1.0,N,142,237,1,12.8,2.5,0.5,4.01,0.0,1.0,24.06,2.5,0.0,0.75
2,2025-01-25 12:06:16,2025-01-25 12:12:00,,1.09,,,166,238,0,12.3,0.0,0.5,3.26,0.0,1.0,19.56,,,0.0
2,2025-01-02 13:40:48,2025-01-02 13:57:45,1.0,0.98,1.0,N,246,48,2,14.9,0.0,0.5,0.0,0.0,1.0,18.9,2.5,0.0,0.0
2,2025-01-22 22:01:10,2025-01-22 22:10:20,3.0,2.24,1.0,N,230,158,2,11.4,1.0,0.5,0.0,0.0,1.0,17.15,2.5,0.0,0.75
2,2025-01-16 09:30:51,2025-01-16 09:46:05,1.0,1.68,1.0,N,229,164,2,14.9,0.0,0.5,0.0,0.0,1.0,19.65,2.5,0.0,0.75
2,2025-01-19 16:52:23,2025-01-19 16:58:48,1.0,1.0,1.0,N,230,229,1,7.9,0.0,0.5,3.79,0.0,1.0,16.44,2.5,0.0,0.75
2,2025-01-29 06:23:17,2025-01-29 06:27:30,1.0,0.88,1.0,N,100,230,1,6.5,0.0,0.5,2.25,0.0,1.0,13.5,2.5,0.0,0.75
2,2025-01-08 20:50:23,2025-01-08 20:55:13,2.0,0.8,1.0,N,48,48,2,6.5,1.0,0.5,0.0,0.0,1.0,12.25,2.5,0.0,0.75
2,2025-01-26 02:35:40,2025-01-26 02:43:04,1.0,1.45,1.0,N,107,211,1,10.0,1.0,0.5,2.0,0.0,1.0,17.75,2.5,0.0,0.75
2,2025-01-03 14:35:31,2025-01-03 14:44:43,1.0,1.5,1.0,N,68,125,1,10.0,0.0,0.5,2.8,0.0,1.0,16.8,2.5,0.0,0.0
2,2025-01-23 22:56:10,2025-01-23 23:07:00,1.0,2.0,1.0,N,164,48,1,12.1,1.0,0.5,3.57,0.0,1.0,21.42,2.5,0.0,0.75
2,2025-01-14 22:14:04,2025-01-14 22:32:27,1.0,4.4,1.0,N,261,255,1,22.6,1.0,0.5,5.67,0.0,1.0,34.02,2.5,0.0,0.75
1,2025-01-31 15:16:07,2025-01-31 15:20:08,1.0,0.3,1.0,N,237,237,1,5.8,2.5,0.5,1.95,0.0,1.0,11.75,2.5,0.0,0.0
2,2025-01-23 19:09:36,2025-01-23 19:21:41,2.0,1.74,1.0,N,48,143,1,12.8,2.5,0.5,4.01,0.0,1.0,24.06,2.5,0.0,0.75
1,2025-01-25 17:30:13,2025-01-25 17:37:54,1.0,1.3,1.0,N,246,68,4,9.3,3.25,0.5,0.0,0.0,1.0,14.05,2.5,0.0,0.75
2,2025-01-15 08:02:05,2025-01-15 08:09:52,,1.31,,,211,113,0,8.15,0.0,0.5,0.0,0.0,1.0,12.9,,,0.75
1,2025-01-23 09:41:03,2025-01-23 10:00:32,1.0,1.9,1.0,N,246,163,1,13.5,3.25,0.5,3.65,0.0,1.0,21.9,2.5,0.0,0.75
1,2025-01-04 13:06:07,2025-01-04 13:35:16,3.0,10.1,1.0,N,138,161,1,44.3,9.25,0.5,12.0,6.94,1.0,73.99,2.5,1.75,0.0
2,2025-01-23 17:59:42,2025-01-23 18:04:48,1.0,0.67,1.0,N,142,143,1,7.2,2.5,0.5,2.89,0.0,1.0,17.34,2.5,0.0,0.75
1,2025-01-27 15:16:33,2025-01-27 15:27:58,1.0,1.4,1.0,N,161,141,1,11.4,3.25,0.5,3.2,0.0,1.0,19.35,2.5,0.0,0.75
2,2025-01-09 15:14:00,2025-01-09 15:56:00,,5.68,,,238,224,0,-4.75,0.0,0.5,0.0,0.0,1.0,4.39,,,0.75
2,2025-01-08 08:18:01,2025-01-08 08:26:00,1.0,0.66,1.0,N,237,141,1,8.6,0.0,0.5,2.52,0.0,1.0,15.12,2.5,0.0,0.0
1,2025-01-16 09:14:04,2025-01-16 09:25:45,1.0,0.6,1.0,N,170,230,1,10.0,3.25,0.5,2.95,0.0,1.0,17.7,2.5,0.0,0.75
2,2025-01-17 08:57:39,2025-01-17 08:58:56,1.0,0.01,1.0,N,186,186,4,-3.7,0.0,-0.5,0.0,0.0,-1.0,-8.45,-2.5,0.0,0.0
2,2025-01-19 16:45:05,2025-01-19 16:54:21,1.0,1.47,1.0,N,161,164,1,10.0,0.0,0.5,2.0,0.0,1.0,16.75,2.5,0.0,0.75
2,2025-01-23 19:17:36,2025-01-23 20:03:09,2.0,17.59,2.0,N,132,230,1,70.0,5.0,0.5,17.34,6.94,1.0,105.78,2.5,1.75,0.75
2,2025-01-17 15:35:47,2025-01-17 15:43:54,1.0,1.21,1.0,N,107,161,1,9.3,0.0,0.5,4.0,0.0,1.0,18.05,2.5,0.0,0.75
1,2025-01-03 20:46:27,2025-01-03 20:59:18,4.0,1.3,1.0,N,161,163,2,12.1,3.5,0.5,0.0,0.0,1.0,17.1,2.5,0.0,0.0
2,2025-01-18 00:12:21,2025-01-18 00:34:57,2.0,9.76,1.0,N,132,37,1,40.1,1.0,0.5,5.0,0.0,1.0,51.85,2.5,1.75,0.0
2,2025-01-07 23:30:16,2025-01-07 23:42:30,1.0,2.62,1.0,N,231,68,1,14.9,1.0,0.5,3.0,0.0,1.0,23.65,2.5,0.0,0.75
2,2025-01-31 14:04:13,2025-01-31 14:11:23,,1.24,,,216,197,0,8.39,0.0,0.5,0.0,0.0,1.0,9.89,,,0.0
2,2025-01-27 08:30:26,2025-01-27 08:43:42,,1.29,,,50,170,0,-4.75,0.0,0.5,0.0,0.0,1.0,3.43,,,0.75
2,2025-01-09 12:20:37,2025-01-09 12:22:01,1.0,0.75,1.0,N,239,143,1,6.5,0.0,0.5,1.58,0.0,1.0,12.08,2.5,0.0,0.0
2,2025-01-30 11:52:53,2025-01-30 12:58:56,1.0,21.05,2.0,N,132,45,2,70.0,0.0,0.5,0.0,6.94,1.0,83.44,2.5,1.75,0.75
2,2025-01-14 20:29:03,2025-01-14 20:32:52,,0.58,,,13,231,0,4.98,0.0,0.5,0.0,0.0,1.0,9.73,,,0.75
2,2025-01-14 06:34:31,2025-01-14 06:46:36,,2.37,,,75,42,0,11.58,0.0,0.5,0.0,0.0,1.0,13.08,,,0.0
2,2025-01-28 18:35:21,2025-01-28 18:47:51,1.0,2.3,1.0,N,68,143,1,14.2,2.5,0.5,4.29,0.0,1.0,25.74,2.5,0.0,0.75
2,2025-01-23 20:22:59,2025-01-23 20:53:50,1.0,21.54,1.0,N,132,14,2,79.3,1.0,0.5,0.0,0.0,1.0,83.55,0.0,1.75,0.0
1,2025-01-24 18:51:34,2025-01-24 19:07:25,1.0,5.1,1.0,N,209,162,1,24.0,5.75,0.5,2.0,0.0,1.0,33.25,2.5,0.0,0.75
2,2025-01-27 22:57:11,2025-01-27 23:21:38,1.0,13.52,1.0,N,170,170,2,51.3,1.0,0.5,0.0,0.0,1.0,57.05,2.5,0.0,0.75
2,2025-01-07 17:32:15,2025-01-07 18:00:09,2.0,10.33,1.0,N,138,232,1,44.3,7.5,0.5,0.0,0.0,1.0,58.3,2.5,1.75,0.75
2,2025-01-20 13:09:26,2025-01-20 13:18:09,1.0,1.2,1.0,N,142,237,1,10.0,0.0,0.5,1.0,0.0,1.0,15.0,2.5,0.0,0.0
2,2025-01-09 18:29:49,2025-01-09 18:32:48,,0.0,,,140,262,0,4.8,0.0,0.5,0.0,0.0,1.0,8.8,,,0.0
2,2025-01-12 15:11:12,2025-01-12 15:26:28,1.0,2.44,1.0,N,158,100,1,16.3,0.0,0.5,4.21,0.0,1.0,25.26,2.5,0.0,0.75
2,2025-01-31 08:22:27,2025-01-31 08:36:52,,2.24,,,68,161,0,-4.75,0.0,0.5,0.0,0.0,1.0,5.78,,,0.75
2,2025-01-30 15:17:20,2025-01-30 15:36:57,1.0,2.23,1.0,N,142,140,1,18.4,0.0,0.5,4.63,0.0,1.0,27.78,2.5,0.0,0.75
1,2025-01-08 21:41:55,2025-01-08 21:45:13,1.0,0.4,1.0,N,87,261,2,5.1,4.25,0.5,0.0,0.0,1.0,10.85,2.5,0.0,0.75
2,2025-01-08 11:51:46,2025-01-08 11:58:52,1.0,0.9,1.0,N,236,237,1,8.6,0.0,0.5,2.52,0.0,1.0,15.12,2.5,0.0,0.0
1,2025-01-02 08:13:51,2025-01-02 08:26:51,1.0,2.4,1.0,N,231,68,2,13.5,2.5,0.5,0.0,0.0,1.0,17.5,2.5,0.0,0.0
2,2025-01-29 17:56:20,2025-01-29 18:18:50,,8.47,,,14,33,0,30.94,0.0,0.5,0.0,0.0,1.0,32.44,,,0.0
2,2025-01-10 14:56:41,2025-01-10 16:05:46,1.0,17.34,1.0,N,186,71,1,81.4,0.0,0.5,0.01,5.2,1.0,91.36,2.5,0.0,0.75
2,2025-01-26 17:21:08,2025-01-26 17:25:38,1.0,0.86,1.0,N,262,262,1,7.2,0.0,0.5,2.24,0.0,1.0,13.44,2.5,0.0,0.0
2,2025-01-24 16:36:27,2025-01-24 16:50:38,1.0,2.38,1.0,N,143,236,1,14.9,2.5,0.5,4.43,0.0,1.0,26.58,2.5,0.0,0.75
1,2025-01-17 14:49:57,2025-01-17 14:57:54,2.0,1.4,1.0,N,140,75,1,10.0,2.5,0.5,1.0,0.0,1.0,15.0,2.5,0.0,0.0
2,2025-01-10 19:41:20,2025-01-10 19:53:33,2.0,1.32,1.0,N,170,163,1,12.1,2.5,0.5,3.87,0.0,1.0,23.22,2.5,0.0,0.75
1,2025-01-07 20:49:04,2025-01-07 21:02:01,1.0,3.1,1.0,N,238,74,1,14.9,3.5,0.5,0.0,0.0,1.0,19.9,2.5,0.0,0.0
2,2025-01-29 21:24:25,2025-01-29 21:29:03,1.0,0.86,1.0,N,263,236,1,6.5,1.0,0.5,1.72,0.0,1.0,13.22,2.5,0.0,0.0
2,2025-01-23 18:06:36,2025-01-23 18:29:20,,0.0,,,186,224,0,-4.75,0.0,0.5,0.0,0.0,1.0,5.65,,,0.75
2,2025-01-19 04:31:51,2025-01-19 04:49:21,1.0,4.39,1.0,N,90,80,2,22.6,1.0,0.5,0.0,0.0,1.0,28.35,2.5,0.0,0.75
2,2025-01-05 11:40:12,2025-01-05 11:47:13,1.0,1.54,1.0,N,237,239,1,9.3,0.0,0.5,2.66,0.0,1.0,15.96,2.5,0.0,0.0
2,2025-01-29 23:43:47,2025-01-29 23:51:02,1.0,1.27,1.0,N,233,186,1,9.3,1.0,0.5,7.0,0.0,1.0,22.05,2.5,0.0,0.75
2,2025-01-17 09:22:14,2025-01-17 09:35:08,,3.98,,,143,41,0,25.0,0.0,0.5,5.8,0.0,1.0,34.8,,,0.0
1,2025-01-12 08:46:09,2025-01-12 09:17:36,1.0,15.3,99.0,N,92,14,1,49.5,0.0,0.5,0.0,0.0,0.0,50.0,0.0,0.0,0.0
2,2025-01-01 01:56:04,2025-01-01 02:01:34,1.0,1.21,1.0,N,141,262,1,7.9,1.0,0.5,1.0,0.0,1.0,13.9,2.5,0.0,0.0
2,2025-01-01 19:07:29,2025-01-01 19:35:24,4.0,2.64,1.0,N,144,79,1,24.0,0.0,0.5,2.0,0.0,1.0,30.0,2.5,0.0,0.0
2,2025-01-08 19:18:47,2025-01-08 19:28:21,,1.23,,,144,87,0,10.36,0.0,0.5,0.0,0.0,1.0,15.11,,,0.75
2,2025-01-18 01:04:27,2025-01-18 01:21:22,1.0,2.76,1.0,N,148,68,1,17.7,1.0,0.5,4.69,0.0,1.0,28.14,2.5,0.0,0.75
1,2025-01-25 12:52:57,2025-01-25 12:55:27,1.0,0.3,1.0,N,141,237,2,3.7,2.5,0.5,0.0,0.0,1.0,7.7,2.5,0.0,0.0
2,2025-01-06 20:34:37,2025-01-06 20:47:48,2.0,1.9,1.0,N,140,142,1,13.5,1.0,0.5,1.85,0.0,1.0,20.35,2.5,0.0,0.0
2,2025-01-01 17:47:04,2025-01-01 18:01:37,1.0,8.47,1.0,N,138,170,1,33.1,5.0,0.5,10.16,6.94,1.0,60.95,2.5,1.75,0.0
2,2025-01-20 15:22:10,2025-01-20 15:28:41,2.0,1.22,1.0,N,43,163,1,8.6,0.0,0.5,2.67,0.0,1.0,16.02,2.5,0.0,0.75
1,2025-01-29 22:09:22,2025-01-29 22:23:35,,2.6,,,4,209,0,12.44,0.0,0.5,0.0,0.0,1.0,17.19,,,0.75
1,2025-01-30 20:18:01,2025-01-30 20:31:18,1.0,1.7,1.0,N,142,264,1,13.5,4.25,0.5,3.85,0.0,1.0,23.1,2.5,0.0,0.75
2,2025-01-15 15:19:23,2025-01-15 15:35:45,1.0,2.71,1.0,N,162,75,1,17.0,0.0,0.5,5.44,0.0,1.0,27.19,2.5,0.0,0.75
1,2025-01-17 09:00:50,2025-01-17 09:14:19,,18.2,,,87,90,0,17.78,0.0,0.5,0.0,0.0,1.0,22.53,,,0.75
2,2025-01-19 08:24:39,2025-01-19 08:30:49,1.0,0.71,1.0,N,230,48,2,7.2,0.0,0.5,0.0,0.0,1.0,11.95,2.5,0.0,0.75
2,2025-01-19 08:41:07,2025-01-19 08:48:55,1.0,1.68,1.0,N,261,114,1,10.7,0.0,0.5,1.0,0.0,1.0,16.45,2.5,0.0,0.75
2,2025-01-25 17:21:05,2025-01-25 17:43:04,1.0,3.5,1.0,N,234,43,1,22.6,0.0,0.5,2.74,0.0,1.0,30.09,2.5,0.0,0.75
2,2025-01-23 17:40:59,2025-01-23 17:50:44,1.0,0.62,1.0,N,161,230,1,10.0,2.5,0.5,3.45,0.0,1.0,20.7,2.5,0.0,0.75
2,2025-01-27 16:49:59,2025-01-27 17:35:32,,0.0,,,166,112,0,52.67,0.0,0.5,2.3,0.0,1.0,59.72,,,0.75
1,2025-01-13 14:43:25,2025-01-13 14:48:27,1.0,0.5,1.0,N,238,238,1,5.8,2.5,0.5,2.0,0.0,1.0,11.8,2.5,0.0,0.0
2,2025-01-31 08:23:04,2025-01-31 08:31:29,1.0,1.59,1.0,N,43,143,1,10.7,0.0,0.5,2.3,0.0,1.0,17.0,2.5,0.0,0.0
2,2025-01-03 20:03:39,2025-01-03 20:07:38,1.0,0.76,1.0,N,148,79,1,6.5,2.5,0.5,2.0,0.0,1.0,15.0,2.5,0.0,0.0
1,2025-01-26 15:16:06,2025-01-26 15:35:53,1.0,3.3,1.0,N,246,231,1,21.2,3.25,0.5,0.0,0.0,1.0,25.95,2.5,0.0,0.75
2,2025-01-08 18:32:54,2025-01-08 18:42:35,1.0,1.77,1.0,N,87,231,1,11.4,2.5,0.5,2.0,0.0,1.0,20.65,2.5,0.0,0.75
2,2025-01-14 11:18:51,2025-01-14 11:27:41,1.0,0.53,1.0,N,161,164,4,9.3,0.0,0.5,0.0,0.0,1.0,14.05,2.5,0.0,0.75
2,2025-01-12 12:49:54,2025-01-12 13:19:41,1.0,10.02,1.0,N,162,228,1,43.6,0.0,0.5,7.0,0.0,1.0,55.35,2.5,0.0,0.75
2,2025-01-31 06:52:13,2025-01-31 07:06:57,1.0,3.87,1.0,N,262,100,1,19.8,0.0,0.5,4.4,0.0,1.0,28.95,2.5,0.0,0.75
2,2025-01-03 07:09:11,2025-01-03 07:14:59,1.0,0.87,1.0,N,24,42,2,7.2,0.0,0.5,0.0,0.0,1.0,8.7,0.0,0.0,0.0
2,2025-01-21 21:15:36,2025-01-21 21:20:57,1.0,3.37,1.0,N,138,7,1,14.9,6.0,0.5,4.48,0.0,1.0,28.63,0.0,1.75,0.0
2,2025-01-27 20:33:08,2025-01-27 20:40:19,1.0,0.98,1.0,N,68,164,1,8.6,1.0,0.5,2.87,0.0,1.0,17.22,2.5,0.0,0.75
2,2025-01-29 18:35:24,2025-01-29 18:36:39,1.0,0.0,1.0,N,100,100,4,-3.7,-2.5,-0.5,0.0,0.0,-1.0,-10.95,-2.5,0.0,-0.75
1,2025-01-02 21:54:20,2025-01-02 22:07:24,2.0,5.0,1.0,N,132,218,2,21.9,2.75,0.5,0.0,0.0,1.0,26.15,0.0,1.75,0.0
2,2025-01-02 16:12:00,2025-01-02 16:24:49,6.0,1.63,1.0,N,236,161,1,12.8,2.5,0.5,2.9,0.0,1.0,22.2,2.5,0.0,0.0
2,2025-01-16 13:35:00,2025-01-16 13:58:59,1.0,3.22,1.0,N,236,100,1,22.6,0.0,0.5,2.0,0.0,1.0,29.35,2.5,0.0,0.75
1,2025-01-29 15:00:03,2025-01-29 15:10:51,3.0,0.8,1.0,N,170,161,1,10.7,3.25,0.5,3.05,0.0,1.0,18.5,2.5,0.0,0.75
2,2025-01-03 20:46:34,2025-01-03 21:09:27,4.0,5.28,1.0,N,236,158,1,26.8,1.0,0.5,5.0,0.0,1.0,36.8,2.5,0.0,0.0
2,2025-01-16 21:26:54,2025-01-16 21:45:46,2.0,5.83,1.0,N,142,168,1,27.5,1.0,0.5,4.88,0.0,1.0,37.38,2.5,0.0,0.0
2,2025-01-22 20:11:59,2025-01-22 20:14:54,1.0,0.59,1.0,N,263,236,1,5.1,1.0,0.5,2.02,0.0,1.0,12.12,2.5,0.0,0.0
1,2025-01-21 12:18:59,2025-01-21 12:44:50,1.0,3.1,1.0,N,142,249,2,19.8,3.25,0.5,0.0,0.0,1.0,24.55,2.5,0.0,0.75
2,2025-01-21 17:24:32,2025-01-21 17:34:14,1.0,0.64,1.0,N,161,163,1,10.0,2.5,0.5,2.59,0.0,1.0,19.84,2.5,0.0,0.75
2,2025-01-13 17:28:48,2025-01-13 17:39:47,1.0,1.51,1.0,N,164,237,1,11.4,2.5,0.5,3.73,0.0,1.0,22.38,2.5,0.0,0.75
2,2025-01-22 10:24:26,2025-01-22 10:38:09,1.0,0.81,1.0,N,163,161,1,12.8,0.0,0.5,3.51,0.0,1.0,21.06,2.5,0.0,0.75
2,2025-01-11 16:19:57,2025-01-11 16:24:27,1.0,0.61,1.0,N,239,239,2,6.5,0.0,0.5,0.0,0.0,1.0,10.5,2.5,0.0,0.0
2,2025-01-25 01:40:17,2025-01-25 01:47:41,,1.73,,,79,170,0,11.74,0.0,0.5,0.0,0.0,1.0,16.49,,,0.75
2,2025-01-18 23:03:11,2025-01-18 23:07:53,4.0,0.92,1.0,N,158,249,1,7.2,1.0,0.5,2.44,0.0,1.0,15.39,2.5,0.0,0.75
2,2025-01-10 09:05:05,2025-01-10 09:08:57,1.0,0.82,1.0,N,90,68,1,6.5,0.0,0.5,2.25,0.0,1.0,13.5,2.5,0.0,0.75
2,2025-01-18 23:11:48,2025-01-18 23:59:17,1.0,19.69,1.0,N,148,256,1,84.2,1.0,0.5,9.0,0.0,1.0,98.95,2.5,0.0,0.75
2,2025-01-19 18:51:52,2025-01-19 18:58:59,3.0,1.38,1.0,N,233,164,1,9.3,0.0,0.5,0.0,0.0,1.0,14.05,2.5,0.0,0.75
2,2025-01-17 17:01:00,2025-01-17 17:15:38,1.0,1.52,1.0,N,161,236,1,14.2,2.5,0.5,3.22,0.0,1.0,24.67,2.5,0.0,0.75
2,2025-01-17 13:00:33,2025-01-17 13:30:58,1.0,4.32,1.0,N,231,237,1,28.2,0.0,0.5,9.89,0.0,1.0,42.84,2.5,0.0,0.75
1,2025-01-19 13:45:04,2025-01-19 14:00:08,1.0,2.3,1.0,N,148,68,1,14.2,3.25,0.5,3.0,0.0,1.0,21.95,2.5,0.0,0.75
2,2025-01-02 02:27:14,2025-01-02 02:47:08,,5.05,,,114,262,0,27.16,0.0,0.5,4.67,0.0,1.0,35.83,,,0.0
2,2025-01-05 04:16:01,2025-01-05 04:33:31,1.0,10.04,1.0,N,132,56,2,39.4,1.0,0.5,0.0,0.0,1.0,43.65,0.0,1.75,0.0
2,2025-01-28 19:12:49,2025-01-28 19:21:13,1.0,1.2,1.0,N,142,237,1,10.0,2.5,0.5,3.3,0.0,1.0,19.8,2.5,0.0,0.0
2,2025-01-09 07:25:12,2025-01-09 08:07:43,,15.42,,,147,33,0,63.22,0.0,0.5,0.0,6.94,1.0,74.16,,,0.0
2,2025-01-22 09:26:37,2025-01-22 09:44:31,,2.36,,,168,75,0,18.41,0.0,0.5,0.0,0.0,1.0,19.91,,,0.0
2,2025-01-20 13:16:47,2025-01-20 13:23:03,1.0,2.06,1.0,N,140,233,1,10.7,0.0,0.5,1.0,0.0,1.0,15.7,2.5,0.0,0.0
2,2025-01-20 20:33:38,2025-01-20 20:42:59,,2.36,,,249,161,0,-4.75,0.0,0.5,0.0,0.0,1.0,5.15,,,0.75
2,2025-01-16 07:40:32,2025-01-16 08:17:12,,6.45,,,232,143,0,37.17,0.0,0.5,0.0,0.0,1.0,41.92,,,0.75
2,2025-01-16 10:40:57,2025-01-16 10:46:33,,0.84,,,161,163,0,9.38,0.0,0.5,0.0,0.0,1.0,14.13,,,0.75
2,2025-01-26 18:25:28,2025-01-26 18:39:23,5.0,2.86,1.0,N,237,151,1,15.6,0.0,0.5,3.92,0.0,1.0,23.52,2.5,0.0,0.0
2,2025-01-06 20:31:17,2025-01-06 20:35:15,1.0,0.97,1.0,N,142,239,1,6.5,1.0,0.5,2.3,0.0,1.0,13.8,2.5,0.0,0.0
2,2025-01-28 21:44:40,2025-01-28 22:25:15,1.0,19.83,1.0,N,132,106,1,77.9,1.0,0.5,16.43,0.0,1.0,98.58,0.0,1.75,0.0
1,2025-01-04 08:13:28,2025-01-04 08:21:53,1.0,1.7,99.0,N,41,42,1,19.5,0.0,0.5,0.0,0.0,0.0,20.0,0.0,0.0,0.0
2,2025-01-22 10:22:14,2025-01-22 10:50:16,1.0,2.66,1.0,N,163,68,2,24.7,0.0,0.5,0.0,0.0,1.0,29.45,2.5,0.0,0.75
1,2025-01-07 08:44:47,2025-01-07 08:55:49,1.0,0.6,1.0,N,141,161,1,9.3,3.25,0.5,2.8,0.0,1.0,16.85,2.5,0.0,0.75
2,2025-01-19 14:54:42,2025-01-19 14:58:29,3.0,0.59,1.0,N,236,141,1,5.8,0.0,0.5,1.96,0.0,1.0,11.76,2.5,0.0,0.0
2,2025-01-18 22:15:55,2025-01-18 22:27:01,1.0,1.29,1.0,N,230,233,1,11.4,1.0,0.5,3.43,0.0,1.0,20.58,2.5,0.0,0.75
2,2025-01-17 21:40:16,2025-01-17 21:53:37,,1.49,,,239,48,0,10.5,0.0,0.5,0.0,0.0,1.0,15.25,,,0.75
2,2025-01-19 19:02:13,2025-01-19 19:12:33,1.0,1.97,1.0,N,246,107,1,11.4,0.0,0.5,3.23,0.0,1.0,19.38,2.5,0.0,0.75
2,2025-01-19 20:07:00,2025-01-19 20:19:00,,1.6,,,79,249,0,12.87,0.0,0.5,0.0,0.0,1.0,17.62,,,0.75
2,2025-01-30 18:04:03,2025-01-30 18:18:48,,0.02,,,143,90,0,24.6,0.0,0.5,0.0,0.0,1.0,29.35,,,0.75
2,2025-01-07 20:43:00,2025-01-07 20:47:07,1.0,0.55,1.0,N,140,237,1,5.8,1.0,0.5,2.16,0.0,1.0,12.96,2.5,0.0,0.0
2,2025-01-07 10:58:01,2025-01-07 11:15:42,2.0,10.21,1.0,N,132,196,2,38.7,0.0,0.5,0.0,0.0,1.0,41.95,0.0,1.75,0.0
2,2025-01-29 15:22:59,2025-01-29 15:41:30,1.0,1.69,1.0,N,246,164,1,17.0,0.0,0.5,5.44,0.0,1.0,27.19,2.5,0.0,0.75
2,2025-01-16 21:27:27,2025-01-16 21:48:22,1.0,4.62,1.0,N,79,49,1,23.3,1.0,0.5,5.81,0.0,1.0,34.86,2.5,0.0,0.75
2,2025-01-18 23:53:12,2025-01-19 00:03:46,1.0,2.61,1.0,N,230,236,1,13.5,1.0,0.5,3.85,0.0,1.0,23.1,2.5,0.0,0.75
2,2025-01-24 18:33:47,2025-01-24 18:46:09,,0.0,,,236,151,0,12.51,0.0,0.5,0.0,0.0,1.0,16.51,,,0.0
2,2025-01-27 10:29:31,2025-01-27 11:01:04,1.0,4.76,1.0,N,237,125,1,29.6,0.0,0.5,5.0,0.0,1.0,39.35,2.5,0.0,0.75
2,2025-01-16 18:06:01,2025-01-16 18:23:33,1.0,2.21,1.0,N,90,163,1,16.3,2.5,0.5,4.71,0.0,1.0,28.26,2.5,0.0,0.75
2,2025-01-24 09:29:21,2025-01-24 09:40:29,1.0,1.74,1.0,N,68,107,2,12.1,0.0,0.5,0.0,0.0,1.0,16.85,2.5,0.0,0.75
2,2025-01-28 12:53:07,2025-01-28 13:01:35,1.0,0.91,1.0,N,224,137,1,9.3,0.0,0.5,2.81,0.0,1.0,16.86,2.5,0.0,0.75
2,2025-01-04 01:33:12,2025-01-04 01:57:09,1.0,5.63,1.0,N,158,75,1,27.5,1.0,0.5,6.5,0.0,1.0,39.0,2.5,0.0,0.0
2,2025-01-26 22:58:59,2025-01-26 23:25:16,4.0,17.27,2.0,N,132,100,1,70.0,0.0,0.5,16.56,6.94,1.0,100.0,2.5,1.75,0.75
2,2025-01-30 15:58:30,2025-01-30 16:06:16,1.0,0.99,1.0,N,43,140,1,8.6,0.0,0.5,1.8,0.0,1.0,14.4,2.5,0.0,0.0
2,2025-01-04 15:00:51,2025-01-04 15:46:30,4.0,29.41,2.0,N,132,13,2,70.0,0.0,0.5,0.0,6.94,1.0,82.69,2.5,1.75,0.0
1,2025-01-26 21:43:52,2025-01-26 21:52:38,1.0,1.0,1.0,N,186,264,1,10.0,4.25,0.5,0.0,0.0,1.0,15.75,2.5,0.0,0.75
2,2025-01-27 11:14:22,2025-01-27 11:21:05,1.0,1.47,1.0,N,249,246,1,9.3,0.0,0.5,1.95,0.0,1.0,16.0,2.5,0.0,0.75
2,2025-01-25 19:56:25,2025-01-25 20:03:57,1.0,1.36,1.0,N,141,236,1,9.3,0.0,0.5,2.0,0.0,1.0,15.3,2.5,0.0,0.0
1,2025-01-27 21:42:01,2025-01-27 21:49:23,4.0,0.9,1.0,N,230,162,1,8.6,4.25,0.5,0.0,0.0,1.0,14.35,2.5,0.0,0.75
1,2025-01-14 13:25:39,2025-01-14 13:44:23,,1.1,,,162,140,0,16.3,0.0,0.5,2.11,0.0,1.0,23.16,,,0.75
1,2025-01-31 16:53:31,2025-01-31 17:04:25,,1.8,,,48,186,0,10.65,0.0,0.5,0.0,0.0,1.0,15.4,,,0.75
2,2025-01-11 10:20:50,2025-01-11 10:34:17,1.0,1.78,1.0,N,161,68,1,13.5,0.0,0.5,3.65,0.0,1.0,21.9,2.5,0.0,0.75
2,2025-01-03 12:20:19,2025-01-03 12:37:15,1.0,3.89,1.0,N,230,231,1,20.5,0.0,0.5,4.9,0.0,1.0,29.4,2.5,0.0,0.0
2,2025-01-20 10:36:34,2025-01-20 10:43:10,2.0,1.48,1.0,N,238,141,1,9.3,0.0,0.5,3.32,0.0,1.0,16.62,2.5,0.0,0.0
2,2025-01-01 19:33:17,2025-01-01 20:07:44,,12.45,,,83,258,0,-7.26,0.0,0.5,0.0,0.0,1.0,9.24,,,0.0
2,2025-01-30 13:17:25,2025-01-30 13:43:06,,7.89,,,124,134,0,-1.5,0.0,0.5,0.0,0.0,1.0,6.9,,,0.0
2,2025-01-29 18:43:12,2025-01-29 18:56:34,1.0,2.0,1.0,N,263,142,1,14.2,2.5,0.5,0.0,0.0,1.0,20.7,2.5,0.0,0.0
2,2025-01-10 17:28:34,2025-01-10 17:37:17,1.0,1.09,1.0,N,239,142,2,10.0,2.5,0.5,0.0,0.0,1.0,16.5,2.5,0.0,0.0
2,2025-01-10 10:40:55,2025-01-10 10:48:37,6.0,1.18,1.0,N,90,68,2,8.6,0.0,0.5,0.0,0.0,1.0,13.35,2.5,0.0,0.75
2,2025-01-11 20:52:47,2025-01-11 21:16:42,1.0,4.52,1.0,N,100,145,1,24.7,1.0,0.5,3.0,0.0,1.0,33.45,2.5,0.0,0.75
2,2025-01-21 19:19:58,2025-01-21 19:23:24,1.0,0.68,1.0,N,107,137,1,5.8,2.5,0.5,2.61,0.0,1.0,15.66,2.5,0.0,0.75
2,2025-01-15 18:55:13,2025-01-15 19:07:31,1.0,1.95,1.0,N,170,237,1,13.5,2.5,0.5,3.0,0.0,1.0,23.75,2.5,0.0,0.75
2,2025-01-22 14:48:46,2025-01-22 15:01:06,1.0,1.34,1.0,N,237,230,1,12.1,0.0,0.5,3.37,0.0,1.0,20.22,2.5,0.0,0.75
2,2025-01-13 10:32:27,2025-01-13 11:00:27,1.0,5.65,1.0,N,114,238,1,31.0,0.0,0.5,5.36,0.0,1.0,41.11,2.5,0.0,0.75
1,2025-01-22 07:37:03,2025-01-22 07:48:26,,1.5,,,141,161,0,11.92,0.0,0.5,0.0,0.0,1.0,16.67,,,0.75
1,2025-01-06 16:34:53,2025-01-06 16:52:45,1.0,4.2,1.0,N,87,164,1,21.2,5.0,0.5,5.55,0.0,1.0,33.25,2.5,0.0,0.0
2,2025-01-04 22:15:20,2025-01-04 22:18:15,1.0,0.55,1.0,N,107,107,1,5.1,1.0,0.5,2.02,0.0,1.0,12.12,2.5,0.0,0.0
2,2025-01-23 09:56:10,2025-01-23 09:57:57,1.0,0.26,1.0,N,142,143,1,4.4,0.0,0.5,1.83,0.0,1.0,10.98,2.5,0.0,0.75
2,2025-01-29 00:45:13,2025-01-29 00:53:41,1.0,1.34,1.0,N,144,4,2,10.0,1.0,0.5,0.0,0.0,1.0,15.75,2.5,0.0,0.75
2,2025-01-08 22:08:26,2025-01-08 22:17:48,1.0,2.47,1.0,N,68,239,1,13.5,1.0,0.5,3.85,0.0,1.0,23.1,2.5,0.0,0.75
1,2025-01-03 16:37:37,2025-01-03 16:45:46,1.0,0.6,1.0,N,100,186,1,7.2,5.0,0.5,2.75,0.0,1.0,16.45,2.5,0.0,0.0
2,2025-01-01 18:56:09,2025-01-01 19:05:15,2.0,1.21,1.0,N,249,107,1,10.0,0.0,0.5,2.8,0.0,1.0,16.8,2.5,0.0,0.0
1,2025-01-14 17:05:27,2025-01-14 17:23:29,1.0,1.6,1.0,N,163,163,1,16.3,5.75,0.5,0.0,0.0,1.0,23.55,2.5,0.0,0.75
1,2025-01-30 20:12:12,2025-01-30 20:24:48,1.0,1.7,1.0,N,234,162,1,12.8,4.25,0.5,3.7,0.0,1.0,22.25,2.5,0.0,0.75
2,2025-01-23 22:01:11,2025-01-23 22:25:07,,4.97,,,249,141,0,30.96,0.0,0.5,0.0,0.0,1.0,35.71,,,0.75
2,2025-01-22 18:57:37,2025-01-22 19:09:55,,0.0,,,161,48,0,11.47,0.0,0.5,0.0,0.0,1.0,16.22,,,0.75
2,2025-01-11 17:38:42,2025-01-11 17:50:12,1.0,1.56,1.0,N,142,141,1,12.1,0.0,0.5,1.0,0.0,1.0,17.85,2.5,0.0,0.75
2,2025-01-14 19:42:08,2025-01-14 20:24:36,1.0,18.47,2.0,N,132,163,2,70.0,5.0,0.5,0.0,6.94,1.0,88.44,2.5,1.75,0.75
2,2025-01-29 15:59:31,2025-01-29 16:04:13,1.0,0.8,1.0,N,161,234,1,6.5,0.0,0.5,2.25,0.0,1.0,13.5,2.5,0.0,0.75
2,2025-01-02 21:38:06,2025-01-02 21:53:16,1.0,2.64,1.0,N,158,232,1,15.6,1.0,0.5,10.0,0.0,1.0,30.6,2.5,0.0,0.0
2,2025-01-18 00:53:17,2025-01-18 01:01:15,,1.46,,,100,50,0,9.58,0.0,0.5,0.0,0.0,1.0,14.33,,,0.75
2,2025-01-23 22:55:22,2025-01-23 23:03:55,1.0,1.88,1.0,N,249,13,1,11.4,1.0,0.5,3.43,0.0,1.0,20.58,2.5,0.0,0.75
1,2025-01-13 11:10:22,2025-01-13 11:19:25,1.0,0.8,1.0,N,230,233,1,8.6,3.25,0.5,2.65,0.0,1.0,16.0,2.5,0.0,0.75
1,2025-01-10 17:27:24,2025-01-10 17:38:33,1.0,1.4,1.0,N,79,158,1,11.4,5.75,0.5,0.0,0.0,1.0,18.65,2.5,0.0,0.75
2,2025-01-23 22:09:02,2025-01-23 22:32:34,,7.33,,,88,263,0,25.46,0.0,0.5,0.0,0.0,1.0,30.21,,,0.75
2,2025-01-24 18:46:01,2025-01-24 19:09:12,1.0,5.78,1.0,N,226,95,2,25.4,2.5,0.5,0.0,0.0,1.0,29.4,0.0,0.0,0.0
2,2025-01-03 13:58:24,2025-01-03 14:11:54,3.0,0.81,1.0,N,162,161,1,12.8,0.0,0.5,5.0,0.0,1.0,21.8,2.5,0.0,0.0
2,2025-01-20 09:57:32,2025-01-20 10:12:03,,6.13,,,175,95,0,21.07,0.0,0.5,0.0,0.0,1.0,22.57,,,0.0
1,2025-01-29 17:55:19,2025-01-29 18:08:56,1.0,1.4,1.0,N,100,237,1,12.1,5.75,0.5,3.85,0.0,1.0,23.2,2.5,0.0,0.75
2,2025-01-17 10:56:20,2025-01-17 11:25:34,5.0,10.53,1.0,N,68,138,1,45.7,5.0,0.5,12.48,6.94,1.0,74.87,2.5,0.0,0.75
1,2025-01-30 06:34:56,2025-01-30 06:54:28,1.0,10.0,1.0,N,79,138,2,39.4,8.25,0.5,0.0,0.0,1.0,49.15,2.5,0.0,0.75
2,2025-01-12 14:59:42,2025-01-12 15:23:17,2.0,5.67,1.0,N,163,148,1,28.9,0.0,0.5,6.73,0.0,1.0,40.38,2.5,0.0,0.75
2,2025-01-24 23:34:30,2025-01-24 23:45:10,,1.58,,,100,162,0,10.08,0.0,0.5,0.0,0.0,1.0,14.83,,,0.75
1,2025-01-28 21:49:55,2025-01-28 22:03:21,1.0,3.5,1.0,N,161,148,1,18.4,4.25,0.5,4.83,0.0,1.0,28.98,2.5,0.0,0.75
1,2025-01-01 18:52:00,2025-01-01 19:34:59,4.0,19.1,1.0,N,132,181,3,75.8,0.0,0.5,0.0,0.0,1.0,77.3,0.0,0.0,0.0
2,2025-01-25 16:48:45,2025-01-25 17:15:44,1.0,9.05,1.0,N,186,243,1,40.8,0.0,0.5,9.11,0.0,1.0,54.66,2.5,0.0,0.75
2,2025-01-10 15:46:15,2025-01-10 15:52:16,1.0,0.81,1.0,N,100,163,2,7.2,0.0,0.5,0.0,0.0,1.0,11.95,2.5,0.0,0.75
2,2025-01-12 20:51:46,2025-01-12 21:29:39,1.0,12.28,1.0,N,255,244,2,54.8,1.0,0.5,0.0,0.0,1.0,59.8,2.5,0.0,0.0
2,2025-01-06 10:50:40,2025-01-06 10:58:50,1.0,1.49,1.0,N,239,237,2,10.0,0.0,0.5,0.0,0.0,1.0,14.0,2.5,0.0,0.0
2,2025-01-31 15:39:18,2025-01-31 15:46:35,1.0,1.17,1.0,N,162,140,1,8.6,0.0,0.5,3.34,0.0,1.0,16.69,2.5,0.0,0.75
2,2025-01-13 06:57:06,2025-01-13 07:03:00,1.0,0.71,1.0,N,163,50,1,7.2,0.0,0.5,2.39,0.0,1.0,14.34,2.5,0.0,0.75
2,2025-01-28 17:55:52,2025-01-28 18:34:22,1.0,11.43,1.0,N,138,164,1,52.0,7.5,0.5,14.59,6.94,1.0,87.53,2.5,1.75,0.75
2,2025-01-14 11:47:08,2025-01-14 11:50:24,1.0,0.49,1.0,N,236,236,1,5.1,0.0,0.5,1.82,0.0,1.0,10.92,2.5,0.0,0.0
2,2025-01-04 13:14:21,2025-01-04 13:28:12,1.0,1.86,1.0,N,162,90,1,14.2,0.0,0.5,3.64,0.0,1.0,21.84,2.5,0.0,0.0
2,2025-01-11 01:41:54,2025-01-11 01:56:15,,4.32,,,114,141,0,22.4,0.0,0.5,0.0,0.0,1.0,27.15,,,0.75
1,2025-01-09 18:03:41,2025-01-09 18:16:31,1.0,1.5,1.0,N,161,237,1,12.1,5.75,0.5,3.5,0.0,1.0,22.85,2.5,0.0,0.75
2,2025-01-31 12:04:09,2025-01-31 12:14:07,1.0,1.8,1.0,N,48,68,1,11.4,0.0,0.5,2.26,0.0,1.0,18.41,2.5,0.0,0.75
2,2025-01-17 21:13:08,2025-01-17 21:22:31,1.0,1.65,1.0,N,239,166,1,11.4,1.0,0.5,3.28,0.0,1.0,19.68,2.5,0.0,0.0
2,2025-01-23 08:31:19,2025-01-23 09:36:48,1.0,17.7,2.0,N,132,230,2,70.0,0.0,0.5,0.0,6.94,1.0,83.44,2.5,1.75,0.75
2,2025-01-05 13:34:09,2025-01-05 13:47:24,,1.85,,,231,234,0,12.84,0.0,0.5,0.0,0.0,1.0,17.59,,,0.75
2,2025-01-28 14:43:54,2025-01-28 15:04:04,1.0,2.56,1.0,N,107,141,1,19.1,0.0,0.5,4.77,0.0,1.0,28.62,2.5,0.0,0.75
1,2025-01-25 19:56:14,2025-01-25 20:08:07,2.0,1.4,1.0,N,141,170,1,11.4,4.25,0.5,3.4,0.0,1.0,20.55,2.5,0.0,0.75
2,2025-01-29 21:05:36,2025-01-29 21:20:39,1.0,2.27,1.0,N,163,236,1,15.6,1.0,0.5,4.27,0.0,1.0,25.62,2.5,0.0,0.75
2,2025-01-22 18:11:41,2025-01-22 18:34:45,,0.0,,,142,231,0,-4.75,0.0,0.5,0.0,0.0,1.0,4.7,,,0.75
2,2025-01-07 12:36:09,2025-01-07 12:54:55,1.0,1.93,1.0,N,164,43,1,17.0,0.0,0.5,4.35,0.0,1.0,26.1,2.5,0.0,0.75
2,2025-01-28 18:13:05,2025-01-28 18:30:12,,0.0,,,107,186,0,12.92,0.0,0.5,0.0,0.0,1.0,17.67,,,0.75
2,2025-01-30 17:55:23,2025-01-30 18:09:04,,0.0,,,158,79,0,-4.75,0.0,0.5,0.0,0.0,1.0,5.97,,,0.75
1,2025-01-17 20:03:46,2025-01-17 20:21:06,1.0,3.1,1.0,N,238,229,1,16.3,4.25,0.5,4.4,0.0,1.0,26.45,2.5,0.0,0.75
1,2025-01-15 22:57:21,2025-01-15 23:06:13,1.0,0.8,1.0,N,161,230,1,7.9,4.25,0.5,2.75,0.0,1.0,16.4,2.5,0.0,0.75
2,2025-01-13 17:22:33,2025-01-13 17:55:44,3.0,5.45,1.0,N,231,142,2,31.7,2.5,0.5,0.0,0.0,1.0,38.95,2.5,0.0,0.75
2,2025-01-29 21:59:11,2025-01-29 22:06:01,1.0,1.07,1.0,N,142,48,1,8.6,1.0,0.5,2.87,0.0,1.0,17.22,2.5,0.0,0.75
2,2025-01-04 13:26:53,2025-01-04 13:32:54,1.0,0.48,1.0,N,162,161,1,7.2,0.0,0.5,2.24,0.0,1.0,13.44,2.5,0.0,0.0
1,2025-01-29 18:21:00,2025-01-29 18:26:03,1.0,0.6,1.0,N,236,237,1,5.8,5.0,0.5,2.45,0.0,1.0,14.75,2.5,0.0,0.0
2,2025-01-18 13:42:33,2025-01-18 13:51:49,2.0,1.3,1.0,N,236,141,2,10.0,0.0,0.5,0.0,0.0,1.0,14.0,2.5,0.0,0.0
2,2025-01-06 13:34:09,2025-01-06 13:53:39,1.0,10.22,2.0,N,93,233,1,70.0,0.0,0.5,12.25,6.94,1.0,93.94,2.5,0.0,0.75
2,2025-01-12 01:05:43,2025-01-12 01:10:50,1.0,1.4,1.0,N,137,229,1,8.6,1.0,0.5,2.87,0.0,1.0,17.22,2.5,0.0,0.75
2,2025-01-10 20:44:47,2025-01-10 20:56:35,1.0,2.07,1.0,N,164,141,2,12.8,1.0,0.5,0.0,0.0,1.0,18.55,2.5,0.0,0.75
2,2025-01-01 02:23:00,2025-01-01 02:33:16,,2.02,,,90,144,0,15.15,0.0,0.5,0.0,0.0,1.0,19.15,,,0.0
2,2025-01-18 03:41:21,2025-01-18 03:43:39,1.0,0.56,1.0,N,137,107,1,5.1,1.0,0.5,3.0,0.0,1.0,13.85,2.5,0.0,0.75
2,2025-01-22 17:39:41,2025-01-22 17:45:08,1.0,0.74,1.0,N,246,68,1,7.2,2.5,0.5,2.89,0.0,1.0,17.34,2.5,0.0,0.75
2,2025-01-22 07:18:54,2025-01-22 07:32:56,,3.47,,,263,170,0,14.17,0.0,0.5,0.0,0.0,1.0,18.92,,,0.75
2,2025-01-31 18:04:25,2025-01-31 18:29:43,,0.0,,,48,79,0,-4.75,0.0,0.5,0.0,0.0,1.0,3.39,,,0.75
2,2025-01-17 17:50:08,2025-01-17 18:01:30,1.0,1.56,1.0,N,162,107,2,12.1,2.5,0.5,0.0,0.0,1.0,19.35,2.5,0.0,0.75
2,2025-01-31 23:15:26,2025-01-31 23:36:00,,7.12,,,231,151,0,28.04,0.0,0.5,0.0,0.0,1.0,32.79,,,0.75
2,2025-01-27 14:47:03,2025-01-27 14:52:00,1.0,0.92,1.0,N,238,166,1,7.2,0.0,0.5,2.24,0.0,1.0,13.44,2.5,0.0,0.0
2,2025-01-18 22:51:27,2025-01-18 23:01:10,1.0,1.96,1.0,N,239,141,1,12.1,1.0,0.5,3.42,0.0,1.0,20.52,2.5,0.0,0.0
1,2025-01-10 23:34:31,2025-01-10 23:51:44,,1.9,,,246,107,0,9.29,0.0,0.5,0.0,0.0,1.0,14.04,,,0.75
2,2025-01-05 11:29:05,2025-01-05 11:36:28,1.0,1.86,1.0,N,125,261,1,10.0,0.0,0.5,5.0,0.0,1.0,19.75,2.5,0.0,0.75
2,2025-01-04 14:33:25,2025-01-04 14:39:20,1.0,1.09,1.0,N,141,237,1,7.9,0.0,0.5,2.0,0.0,1.0,13.9,2.5,0.0,0.0
2,2025-01-14 20:17:47,2025-01-14 20:50:32,1.0,0.0,99.0,N,137,137,3,0.0,0.0,-0.5,0.0,0.0,-1.0,-4.75,-2.5,0.0,0.0
1,2025-01-07 11:21:44,2025-01-07 11:25:55,,0.6,,,238,239,0,5.8,0.0,0.5,1.47,0.0,1.0,11.27,,,0.0
1,2025-01-10 08:02:35,2025-01-10 08:17:12,1.0,0.0,1.0,N,151,50,1,12.8,3.25,0.5,1.45,0.0,1.0,19.0,2.5,0.0,0.75
2,2025-01-03 14:06:57,2025-01-03 14:27:46,1.0,2.38,1.0,N,144,164,1,19.8,0.0,0.5,5.0,0.0,1.0,28.8,2.5,0.0,0.0
2,2025-01-17 17:29:45,2025-01-17 17:34:56,2.0,0.68,1.0,N,141,236,1,6.5,2.5,0.5,3.25,0.0,1.0,16.25,2.5,0.0,0.0
2,2025-01-14 16:39:09,2025-01-14 17:14:50,2.0,11.31,1.0,N,138,32,1,49.9,7.5,0.5,13.17,6.94,1.0,80.76,0.0,1.75,0.0
2,2025-01-30 03:06:57,2025-01-30 03:11:17,,1.09,,,129,129,0,6.42,0.0,0.5,0.0,0.0,1.0,7.92,,,0.0
2,2025-01-06 15:00:13,2025-01-06 15:10:36,1.0,1.2,1.0,N,140,233,1,11.4,0.0,0.5,3.23,0.0,1.0,19.38,2.5,0.0,0.75
2,2025-01-21 19:12:31,2025-01-21 19:24:26,1.0,2.47,1.0,N,249,246,1,14.9,2.5,0.5,4.43,0.0,1.0,26.58,2.5,0.0,0.75
2,2025-01-23 16:04:26,2025-01-23 16:12:23,1.0,0.81,1.0,N,229,233,1,8.6,0.0,0.5,2.67,0.0,1.0,16.02,2.5,0.0,0.75
2,2025-01-21 15:19:20,2025-01-21 15:25:28,1.0,1.29,1.0,N,143,48,1,8.6,0.0,0.5,2.0,0.0,1.0,15.35,2.5,0.0,0.75
2,2025-01-25 18:22:58,2025-01-25 18:33:24,1.0,1.23,1.0,N,170,234,1,10.7,0.0,0.5,0.0,0.0,1.0,15.45,2.5,0.0,0.75
2,2025-01-21 15:46:15,2025-01-21 15:53:52,1.0,3.17,1.0,N,209,224,1,14.9,0.0,0.5,4.91,0.0,1.0,24.56,2.5,0.0,0.75
2,2025-01-16 18:32:59,2025-01-16 19:02:11,1.0,6.09,1.0,N,230,256,1,32.4,2.5,0.5,7.93,0.0,1.0,47.58,2.5,0.0,0.75
1,2025-01-16 16:03:13,2025-01-16 16:15:56,1.0,3.2,1.0,N,151,48,1,16.3,5.75,0.5,1.0,0.0,1.0,24.55,2.5,0.0,0.75
2,2025-01-18 08:53:24,2025-01-18 09:07:32,,7.53,,,95,16,0,-1.5,0.0,0.5,0.0,0.0,1.0,5.0,,,0.0
2,2025-01-16 22:22:59,2025-01-16 22:35:28,1.0,1.82,1.0,N,162,246,1,12.8,1.0,0.5,3.71,0.0,1.0,22.26,2.5,0.0,0.75
2,2025-01-17 12:28:32,2025-01-17 12:38:17,1.0,1.25,1.0,N,170,68,1,10.7,0.0,0.5,0.0,0.0,1.0,15.45,2.5,0.0,0.75
2,2025-01-08 17:44:27,2025-01-08 17:59:13,1.0,1.62,1.0,N,100,68,1,14.2,2.5,0.5,4.29,0.0,1.0,25.74,2.5,0.0,0.75
1,2025-01-03 14:34:25,2025-01-03 14:46:26,1.0,1.0,1.0,N,161,230,1,10.0,2.5,0.5,3.5,0.0,1.0,17.5,2.5,0.0,0.0
1,2025-01-08 15:44:08,2025-01-08 15:48:06,1.0,0.5,1.0,N,162,161,1,5.8,3.25,0.5,2.11,0.0,1.0,12.66,2.5,0.0,0.75
2,2025-01-24 17:29:33,2025-01-24 17:42:12,2.0,1.53,1.0,N,79,170,1,12.8,2.5,0.5,4.01,0.0,1.0,24.06,2.5,0.0,0.75
1,2025-01-23 18:24:28,2025-01-23 18:52:54,2.0,3.1,1.0,N,163,114,1,25.4,5.75,0.5,5.0,0.0,1.0,37.65,2.5,0.0,0.75
2,2025-01-14 09:13:26,2025-01-14 09:33:28,1.0,1.4,1.0,N,233,230,1,17.7,0.0,0.5,4.49,0.0,1.0,26.94,2.5,0.0,0.75
2,2025-01-16 14:17:10,2025-01-16 14:27:22,1.0,1.47,1.0,N,230,143,1,11.4,0.0,0.5,0.0,0.0,1.0,16.15,2.5,0.0,0.75
1,2025-01-25 01:53:07,2025-01-25 01:59:26,1.0,0.7,1.0,N,113,264,1,7.2,4.25,0.5,2.55,0.0,1.0,15.5,2.5,0.0,0.75
2,2025-01-10 16:13:09,2025-01-10 16:18:19,1.0,0.81,1.0,N,238,151,2,7.2,2.5,0.5,0.0,0.0,1.0,11.2,0.0,0.0,0.0
2,2025-01-22 20:25:29,2025-01-22 20:31:14,1.0,0.91,1.0,N,79,148,4,-7.9,-1.0,-0.5,0.0,0.0,-1.0,-13.65,-2.5,0.0,0.0
2,2025-01-31 19:24:01,2025-01-31 20:01:57,1.0,10.68,1.0,N,70,181,1,48.5,7.5,0.5,14.81,0.0,1.0,74.06,0.0,1.75,0.0
2,2025-01-10 22:21:24,2025-01-10 22:43:35,2.0,7.14,1.0,N,141,244,2,33.1,1.0,0.5,0.0,0.0,1.0,38.85,2.5,0.0,0.75
2,2025-01-29 18:23:42,2025-01-29 18:32:24,1.0,1.45,1.0,N,144,158,1,10.0,2.5,0.5,3.45,0.0,1.0,20.7,2.5,0.0,0.75
2,2025-01-07 18:35:31,2025-01-07 18:49:16,1.0,1.82,1.0,N,162,142,1,13.5,2.5,0.5,3.32,0.0,1.0,24.07,2.5,0.0,0.75
2,2025-01-21 14:51:00,2025-01-21 15:16:00,,7.9,,,92,145,0,32.92,0.0,0.5,0.0,0.0,1.0,34.42,,,0.0
2,2025-01-13 14:32:37,2025-01-13 14:44:26,1.0,1.66,1.0,N,163,236,1,12.1,0.0,0.5,3.37,0.0,1.0,20.22,2.5,0.0,0.75
1,2025-01-29 17:06:57,2025-01-29 17:14:23,2.0,0.7,1.0,N,237,162,1,7.2,5.75,0.5,1.0,0.0,1.0,15.45,2.5,0.0,0.75
2,2025-01-23 10:41:55,2025-01-23 10:55:58,1.0,1.95,1.0,N,148,170,1,14.2,0.0,0.5,4.74,0.0,1.0,23.69,2.5,0.0,0.75
2,2025-01-20 15:35:35,2025-01-20 15:54:36,1.0,5.76,1.0,N,24,249,1,27.5,0.0,0.5,6.45,0.0,1.0,38.7,2.5,0.0,0.75
1,2025-01-11 20:52:36,2025-01-11 21:03:47,1.0,1.3,1.0,N,79,114,1,11.4,4.25,0.5,3.43,0.0,1.0,20.58,2.5,0.0,0.75
2,2025-01-22 11:41:33,2025-01-22 12:12:18,1.0,2.88,1.0,N,75,162,1,26.8,0.0,0.5,0.0,0.0,1.0,31.55,2.5,0.0,0.75
2,2025-01-08 09:48:20,2025-01-08 10:01:01,1.0,3.2,1.0,N,90,13,1,17.0,0.0,0.5,0.0,0.0,1.0,21.75,2.5,0.0,0.75
2,2025-01-14 12:15:06,2025-01-14 12:32:59,1.0,2.24,1.0,N,239,161,1,17.0,0.0,0.5,3.0,0.0,1.0,24.75,2.5,0.0,0.75
1,2025-01-26 03:01:58,2025-01-26 03:09:11,1.0,1.2,1.0,N,148,249,1,9.3,4.25,0.5,0.0,0.0,1.0,15.05,2.5,0.0,0.75
2,2025-01-25 18:15:59,2025-01-25 18:32:01,1.0,2.38,1.0,N,142,170,1,16.3,0.0,0.5,4.0,0.0,1.0,25.05,2.5,0.0,0.75
2,2025-01-07 15:55:58,2025-01-07 16:06:32,1.0,1.19,1.0,N,170,234,1,10.7,0.0,0.5,1.0,0.0,1.0,16.45,2.5,0.0,0.75
2,2025-01-31 20:10:14,2025-01-31 20:29:04,,4.34,,,231,143,0,21.84,0.0,0.5,0.0,0.0,1.0,26.59,,,0.75
1,2025-01-03 06:21:57,2025-01-03 07:14:54,1.0,16.9,2.0,N,132,48,4,70.0,4.25,0.5,0.0,6.94,1.0,82.69,2.5,1.75,0.0
2,2025-01-15 19:40:10,2025-01-15 19:51:03,1.0,1.58,1.0,N,161,113,1,11.4,2.5,0.5,0.0,0.0,1.0,18.65,2.5,0.0,0.75
2,2025-01-19 13:23:31,2025-01-19 13:58:49,1.0,16.06,1.0,N,186,259,2,63.9,0.0,0.5,0.0,0.0,1.0,68.65,2.5,0.0,0.75
1,2025-01-24 10:10:11,2025-01-24 10:23:52,,4.4,,,261,107,0,23.24,0.0,0.5,0.0,0.0,1.0,27.99,,,0.75
2,2025-01-04 20:43:03,2025-01-04 20:47:57,2.0,1.2,1.0,N,237,75,1,7.9,1.0,0.5,2.58,0.0,1.0,15.48,2.5,0.0,0.0
2,2025-01-30 07:36:00,2025-01-30 07:59:00,,8.69,,,263,13,0,32.68,0.0,0.5,0.0,0.0,1.0,37.43,,,0.75
2,2025-01-10 00:01:52,2025-01-10 00:07:39,1.0,1.23,1.0,N,79,107,1,8.6,1.0,0.5,0.0,0.0,1.0,14.35,2.5,0.0,0.75
2,2025-01-20 14:42:26,2025-01-20 15:00:16,1.0,2.11,1.0,N,249,170,1,17.0,0.0,0.5,2.18,0.0,1.0,23.93,2.5,0.0,0.75
2,2025-01-21 15:16:52,2025-01-21 15:25:46,,1.24,,,236,238,0,10.61,0.0,0.5,0.0,0.0,1.0,14.61,,,0.0
2,2025-01-02 16:23:02,2025-01-02 16:28:26,1.0,0.78,1.0,N,141,141,1,6.5,2.5,0.5,2.6,0.0,1.0,15.6,2.5,0.0,0.0
1,2025-01-22 23:33:39,2025-01-22 23:53:28,,4.4,,,191,101,0,19.08,0.0,0.5,0.0,0.0,1.0,20.58,,,0.0
2,2025-01-15 15:04:40,2025-01-15 15:13:39,1.0,1.15,1.0,N,246,246,1,10.0,0.0,0.5,2.95,0.0,1.0,17.7,2.5,0.0,0.75
1,2025-01-25 15:32:11,2025-01-25 15:54:55,1.0,7.3,1.0,N,88,263,2,31.7,3.25,0.5,0.0,0.0,1.0,36.45,2.5,0.0,0.75
2,2025-01-24 11:30:13,2025-01-24 12:12:19,,9.36,,,186,243,0,36.69,0.0,0.5,0.0,0.0,1.0,41.44,,,0.75
2,2025-01-19 21:24:04,2025-01-19 21:27:35,,0.65,,,263,263,0,4.8,0.0,0.5,0.0,0.0,1.0,8.8,,,0.0
1,2025-01-12 18:53:09,2025-01-12 18:58:58,1.0,0.6,1.0,N,162,237,1,6.5,3.25,0.5,2.0,0.0,1.0,13.25,2.5,0.0,0.75
2,2025-01-26 08:23:16,2025-01-26 08:55:34,,12.73,,,215,62,0,46.68,0.0,0.5,0.0,0.0,1.0,48.18,,,0.0
1,2025-01-27 19:59:31,2025-01-27 20:06:09,1.0,0.9,1.0,N,48,162,2,7.2,5.75,0.5,0.0,0.0,1.0,14.45,2.5,0.0,0.75
2,2025-01-30 12:15:20,2025-01-30 12:31:45,1.0,1.63,1.0,N,161,141,1,14.9,0.0,0.5,3.93,0.0,1.0,23.58,2.5,0.0,0.75
2,2025-01-21 18:35:04,2025-01-21 18:53:21,1.0,2.81,1.0,N,170,262,2,17.7,2.5,0.5,0.0,0.0,1.0,24.95,2.5,0.0,0.75
2,2025-01-27 16:35:26,2025-01-27 16:46:13,1.0,1.82,1.0,N,141,74,2,11.4,2.5,0.5,0.0,0.0,1.0,17.9,2.5,0.0,0.0
2,2025-01-25 16:27:30,2025-01-25 16:45:52,2.0,0.99,1.0,N,100,230,1,15.6,0.0,0.5,3.0,0.0,1.0,23.35,2.5,0.0,0.75
1,2025-01-28 07:13:49,2025-01-28 07:20:34,1.0,1.5,1.0,N,236,162,2,9.3,3.25,0.5,0.0,0.0,1.0,14.05,2.5,0.0,0.75
2,2025-01-07 11:46:04,2025-01-07 12:13:10,1.0,11.25,1.0,N,138,231,1,45.0,5.0,0.5,10.95,0.0,1.0,67.45,2.5,1.75,0.75
2,2025-01-08 18:55:58,2025-01-08 19:03:20,1.0,0.94,1.0,N,162,233,4,7.9,2.5,0.5,0.0,0.0,1.0,15.15,2.5,0.0,0.75
2,2025-01-30 16:41:34,2025-01-30 17:17:06,1.0,7.14,1.0,N,68,61,1,37.3,2.5,0.5,8.91,0.0,1.0,53.46,2.5,0.0,0.75
1,2025-01-03 14:41:48,2025-01-03 14:50:06,0.0,0.7,1.0,N,141,163,3,8.6,2.5,0.5,0.0,0.0,1.0,12.6,2.5,0.0,0.0
2,2025-01-13 22:53:39,2025-01-13 23:04:12,1.0,2.32,1.0,N,233,79,2,12.8,1.0,0.5,0.0,0.0,1.0,18.55,2.5,0.0,0.75
2,2025-01-25 22:29:44,2025-01-25 22:45:04,,1.68,,,186,162,0,16.39,0.0,0.5,0.0,0.0,1.0,21.14,,,0.75
2,2025-01-05 14:33:28,2025-01-05 15:04:21,2.0,9.32,1.0,N,138,161,1,43.6,5.0,0.5,12.41,6.94,1.0,74.45,2.5,1.75,0.75
2,2025-01-04 14:41:13,2025-01-04 15:06:45,2.0,3.28,1.0,N,236,236,1,24.7,0.0,0.5,7.17,0.0,1.0,35.87,2.5,0.0,0.0
2,2025-01-12 13:15:38,2025-01-12 13:30:37,1.0,2.75,1.0,N,234,236,1,17.0,0.0,0.5,4.35,0.0,1.0,26.1,2.5,0.0,0.75
1,2025-01-24 15:14:33,2025-01-24 15:19:01,1.0,0.7,1.0,N,68,90,1,6.5,3.25,0.5,1.0,0.0,1.0,12.25,2.5,0.0,0.75
2,2025-01-06 21:21:08,2025-01-06 21:27:06,1.0,2.14,1.0,N,237,107,1,10.0,1.0,0.5,3.15,0.0,1.0,18.9,2.5,0.0,0.75
2,2025-01-22 16:47:14,2025-01-22 16:53:05,1.0,0.73,1.0,N,170,164,1,7.2,2.5,0.5,2.0,0.0,1.0,16.45,2.5,0.0,0.75
2,2025-01-19 00:06:47,2025-01-19 00:29:23,1.0,4.82,1.0,N,79,181,1,26.1,1.0,0.5,7.96,0.0,1.0,39.81,2.5,0.0,0.75
1,2025-01-19 12:42:37,2025-01-19 12:55:29,,1.5,,,229,230,0,16.01,0.0,0.5,0.0,0.0,1.0,20.76,,,0.75
2,2025-01-18 15:50:24,2025-01-18 15:58:38,2.0,1.0,1.0,N,114,231,1,9.3,0.0,0.5,2.81,0.0,1.0,16.86,2.5,0.0,0.75
1,2025-01-16 16:39:05,2025-01-16 16:39:05,1.0,0.0,1.0,N,68,264,2,3.0,3.25,0.5,0.0,0.0,1.0,7.75,2.5,0.0,0.75
2,2025-01-01 14:45:09,2025-01-01 14:58:36,1.0,2.65,1.0,N,162,144,1,16.3,0.0,0.5,2.0,0.0,1.0,22.3,2.5,0.0,0.0
2,2025-01-10 10:08:58,2025-01-10 10:12:20,1.0,0.48,1.0,N,140,263,2,5.1,0.0,0.5,0.0,0.0,1.0,9.1,2.5,0.0,0.0
2,2025-01-28 22:01:17,2025-01-28 22:12:54,1.0,1.84,1.0,N,142,229,1,12.8,1.0,0.5,3.71,0.0,1.0,22.26,2.5,0.0,0.75
1,2025-01-14 11:22:29,2025-01-14 11:46:02,1.0,0.9,1.0,N,246,100,1,19.1,3.25,0.5,4.75,0.0,1.0,28.6,2.5,0.0,0.75
2,2025-01-15 08:58:20,2025-01-15 09:09:04,,1.82,,,141,236,0,15.78,0.0,0.5,0.0,0.0,1.0,19.78,,,0.0
2,2025-01-16 07:20:05,2025-01-16 07:27:53,1.0,0.87,1.0,N,137,100,2,8.6,0.0,0.5,0.0,0.0,1.0,13.35,2.5,0.0,0.75
1,2025-01-08 14:24:12,2025-01-08 14:38:41,,1.2,,,236,262,0,11.92,0.0,0.5,0.0,0.0,1.0,15.92,,,0.0
2,2025-01-11 17:59:53,2025-01-11 18:04:11,1.0,0.87,1.0,N,24,238,1,7.2,0.0,0.5,2.24,0.0,1.0,13.44,2.5,0.0,0.0
2,2025-01-13 14:41:59,2025-01-13 14:59:43,1.0,2.46,1.0,N,246,113,1,17.7,0.0,0.5,1.0,0.0,1.0,23.45,2.5,0.0,0.75
2,2025-01-13 18:33:39,2025-01-13 18:40:55,1.0,0.96,1.0,N,170,100,1,7.9,2.5,0.5,3.03,0.0,1.0,18.18,2.5,0.0,0.75
1,2025-01-13 22:08:34,2025-01-13 22:27:16,1.0,4.8,1.0,N,142,193,1,24.0,4.25,0.5,3.0,0.0,1.0,32.75,2.5,0.0,0.75
2,2025-01-04 23:04:41,2025-01-04 23:15:56,4.0,1.41,1.0,N,230,164,1,11.4,1.0,0.5,4.1,0.0,1.0,20.5,2.5,0.0,0.0
2,2025-01-30 17:04:39,2025-01-30 17:10:16,2.0,0.99,1.0,N,141,262,1,7.2,2.5,0.5,2.0,0.0,1.0,15.7,2.5,0.0,0.0
1,2025-01-18 16:03:06,2025-01-18 16:08:25,1.0,0.5,1.0,N,230,142,1,6.5,3.25,0.5,1.69,0.0,1.0,12.94,2.5,0.0,0.75
2,2025-01-08 19:14:49,2025-01-08 19:29:49,1.0,2.43,1.0,N,237,238,1,16.3,2.5,0.5,4.56,0.0,1.0,27.36,2.5,0.0,0.0
1,2025-01-27 09:55:00,2025-01-27 10:22:41,1.0,5.5,1.0,N,230,88,2,28.2,3.25,0.5,0.0,0.0,1.0,32.95,2.5,0.0,0.75
1,2025-01-25 09:14:51,2025-01-25 09:17:43,2.0,0.6,1.0,N,237,140,1,5.1,2.5,0.5,1.8,0.0,1.0,10.9,2.5,0.0,0.0
2,2025-01-14 21:35:42,2025-01-14 21:59:07,1.0,4.33,1.0,N,68,141,1,24.7,1.0,0.5,6.09,0.0,1.0,36.54,2.5,0.0,0.75
2,2025-01-21 14:54:36,2025-01-21 15:09:47,1.0,2.01,1.0,N,233,234,1,14.9,0.0,0.5,2.95,0.0,1.0,22.6,2.5,0.0,0.75
2,2025-01-03 17:13:49,2025-01-03 17:25:13,1.0,1.6,1.0,N,237,142,1,12.1,2.5,0.5,1.86,0.0,1.0,20.46,2.5,0.0,0.0
2,2025-01-11 11:17:36,2025-01-11 11:36:53,3.0,3.09,1.0,N,161,238,1,19.8,0.0,0.5,3.0,0.0,1.0,27.55,2.5,0.0,0.75
2,2025-01-12 11:42:54,2025-01-12 11:56:18,1.0,1.61,1.0,N,246,161,1,13.5,0.0,0.5,3.65,0.0,1.0,21.9,2.5,0.0,0.75
2,2025-01-27 15:31:43,2025-01-27 15:37:45,1.0,0.88,1.0,N,234,113,2,7.9,0.0,0.5,0.0,0.0,1.0,12.65,2.5,0.0,0.75
2,2025-01-08 22:09:09,2025-01-08 22:34:37,1.0,16.09,1.0,N,132,123,1,60.4,1.0,0.5,0.0,0.0,1.0,64.65,0.0,1.75,0.0
2,2025-01-18 15:58:56,2025-01-18 16:14:26,,2.69,,,256,79,0,17.44,0.0,0.5,0.0,0.0,1.0,22.19,,,0.75
1,2025-01-24 11:51:38,2025-01-24 12:22:58,1.0,2.4,99.0,N,170,249,1,20.5,0.0,0.5,0.0,0.0,0.0,21.0,0.0,0.0,0.0
2,2025-01-29 08:15:51,2025-01-29 08:20:48,1.0,0.56,1.0,N,170,164,1,6.5,0.0,0.5,2.25,0.0,1.0,13.5,2.5,0.0,0.75
1,2025-01-30 20:19:51,2025-01-30 20:40:19,1.0,3.1,1.0,N,161,79,1,18.4,4.25,0.5,1.0,0.0,1.0,25.15,2.5,0.0,0.75
2,2025-01-12 01:07:27,2025-01-12 01:13:46,1.0,1.32,1.0,N,249,90,1,8.6,1.0,0.5,2.87,0.0,1.0,17.22,2.5,0.0,0.75
2,2025-01-15 17:19:21,2025-01-15 17:34:18,1.0,1.67,1.0,N,125,4,1,14.2,2.5,0.5,4.29,0.0,1.0,25.74,2.5,0.0,0.75
2,2025-01-24 21:43:24,2025-01-24 21:50:50,1.0,0.95,1.0,N,230,161,2,8.6,1.0,0.5,0.0,0.0,1.0,14.35,2.5,0.0,0.75
2,2025-01-29 16:17:04,2025-01-29 16:31:06,1.0,2.16,1.0,N,237,107,1,14.9,2.5,0.5,4.43,0.0,1.0,26.58,2.5,0.0,0.75
2,2025-01-16 18:32:38,2025-01-16 18:54:51,4.0,8.7,1.0,N,138,164,1,37.3,7.5,0.5,11.3,6.94,1.0,69.54,2.5,1.75,0.75
2,2025-01-10 07:20:30,2025-01-10 07:29:58,1.0,1.68,1.0,N,162,186,1,10.7,0.0,0.5,0.0,0.0,1.0,15.45,2.5,0.0,0.75
2,2025-01-02 15:14:31,2025-01-02 15:18:23,1.0,0.64,1.0,N,107,107,1,5.8,0.0,0.5,1.96,0.0,1.0,11.76,2.5,0.0,0.0
2,2025-01-08 16:22:00,2025-01-08 16:38:00,,4.28,,,13,50,0,28.06,0.0,0.5,0.0,0.0,1.0,32.81,,,0.75
2,2025-01-26 00:34:00,2025-01-26 00:41:00,,1.04,,,79,234,0,14.32,0.0,0.5,0.0,0.0,1.0,19.07,,,0.75
2,2025-01-13 21:20:45,2025-01-13 21:30:55,,1.84,,,163,107,0,11.93,0.0,0.5,0.0,0.75,1.0,17.43,,,0.75
2,2025-01-14 21:28:31,2025-01-14 21:34:35,1.0,1.13,1.0,N,234,100,1,7.9,1.0,0.5,2.73,0.0,1.0,16.38,2.5,0.0,0.75
1,2025-01-25 19:04:00,2025-01-25 19:38:27,1.0,9.6,99.0,N,95,203,1,39.5,0.0,0.5,0.0,0.0,1.0,41.0,0.0,0.0,0.0
2,2025-01-22 13:03:07,2025-01-22 13:19:24,1.0,1.5,1.0,N,161,140,1,14.9,0.0,0.5,3.93,0.0,1.0,23.58,2.5,0.0,0.75
2,2025-01-22 08:12:24,2025-01-22 09:00:02,,16.41,,,107,132,0,70.63,0.0,0.5,16.46,6.94,1.0,98.78,,,0.75
2,2025-01-19 19:10:39,2025-01-19 19:22:55,,2.76,,,80,198,0,14.45,0.0,0.5,0.0,0.0,1.0,15.95,,,0.0
2,2025-01-31 09:08:50,2025-01-31 09:25:42,1.0,1.82,1.0,N,239,48,1,16.3,0.0,0.5,4.21,0.0,1.0,25.26,2.5,0.0,0.75
2,2025-01-01 23:48:59,2025-01-01 23:59:20,1.0,2.28,1.0,N,164,148,1,12.8,1.0,0.5,5.34,0.0,1.0,23.14,2.5,0.0,0.0
2,2025-01-08 13:11:25,2025-01-08 13:15:35,2.0,0.3,1.0,N,239,143,2,5.8,0.0,0.5,0.0,0.0,1.0,9.8,2.5,0.0,0.0
2,2025-01-26 07:54:47,2025-01-26 08:05:05,1.0,1.78,1.0,N,161,142,2,12.8,0.0,0.5,0.0,0.0,1.0,17.55,2.5,0.0,0.75
2,2025-01-09 12:20:59,2025-01-09 12:42:04,1.0,2.42,1.0,N,79,186,1,19.1,0.0,0.5,4.77,0.0,1.0,28.62,2.5,0.0,0.75
1,2025-01-29 16:40:14,2025-01-29 17:47:10,1.0,17.8,99.0,N,186,86,1,60.5,0.0,0.5,0.0,6.94,0.0,67.94,0.0,0.0,0.0
2,2025-01-20 10:28:12,2025-01-20 10:39:53,1.0,1.34,1.0,N,43,141,2,12.1,0.0,0.5,0.0,0.0,1.0,16.85,2.5,0.0,0.75
2,2025-01-30 12:35:59,2025-01-30 13:15:58,1.0,16.57,2.0,N,132,170,2,70.0,0.0,0.5,0.0,6.94,1.0,83.44,2.5,1.75,0.75
2,2025-01-05 14:11:56,2025-01-05 14:15:58,1.0,0.62,1.0,N,237,237,1,5.8,0.0,0.5,1.96,0.0,1.0,11.76,2.5,0.0,0.0
2,2025-01-11 20:23:36,2025-01-11 20:33:23,1.0,1.22,1.0,N,164,68,1,10.0,1.0,0.5,3.15,0.0,1.0,18.9,2.5,0.0,0.75
2,2025-01-16 18:30:27,2025-01-16 18:43:51,1.0,1.91,1.0,N,161,249,1,14.2,2.5,0.5,4.29,0.0,1.0,25.74,2.5,0.0,0.75
2,2025-01-31 18:29:09,2025-01-31 18:43:44,1.0,1.41,1.0,N,161,246,1,13.5,2.5,0.5,4.0,0.0,1.0,24.75,2.5,0.0,0.75
2,2025-01-31 16:12:21,2025-01-31 16:30:28,1.0,1.78,1.0,N,186,137,1,16.3,0.0,0.5,4.0,0.0,1.0,25.05,2.5,0.0,0.75
1,2025-01-13 08:51:07,2025-01-13 09:04:15,1.0,1.0,1.0,N,230,246,1,12.8,3.25,0.5,4.39,0.0,1.0,21.94,2.5,0.0,0.75
2,2025-01-23 21:05:05,2025-01-23 21:31:10,1.0,4.78,1.0,N,234,238,1,27.5,1.0,0.5,6.65,0.0,1.0,39.9,2.5,0.0,0.75
1,2025-01-19 21:20:23,2025-01-19 22:01:42,1.0,19.8,2.0,N,132,238,1,70.0,4.25,0.5,13.5,6.94,1.0,96.19,2.5,1.75,0.0
2,2025-01-07 14:03:43,2025-01-07 14:37:19,1.0,4.73,1.0,N,24,164,1,31.0,0.0,0.5,7.15,0.0,1.0,42.9,2.5,0.0,0.75
1,2025-01-28 07:59:32,2025-01-28 08:03:31,1.0,0.8,1.0,N,68,68,1,6.5,3.25,0.5,2.25,0.0,1.0,13.5,2.5,0.0,0.75
2,2025-01-06 17:40:46,2025-01-06 18:11:49,2.0,6.33,1.0,N,137,97,1,31.7,2.5,0.5,7.79,0.0,1.0,46.74,2.5,0.0,0.75
2,2025-01-25 00:47:32,2025-01-25 01:16:43,1.0,14.68,1.0,N,132,85,2,58.3,1.0,0.5,0.0,0.0,1.0,62.55,0.0,1.75,0.0
2,2025-01-08 10:38:57,2025-01-08 10:40:42,1.0,0.45,1.0,N,233,137,1,4.4,0.0,0.5,1.83,0.0,1.0,10.98,2.5,0.0,0.75
2,2025-01-26 03:06:00,2025-01-26 03:21:00,,4.65,,,68,238,0,20.01,0.0,0.5,0.0,0.0,1.0,24.76,,,0.75
2,2025-01-22 20:43:29,2025-01-22 20:56:05,1.0,1.72,1.0,N,234,158,2,12.8,1.0,0.5,0.0,0.0,1.0,18.55,2.5,0.0,0.75
1,2025-01-18 19:54:04,2025-01-18 20:04:10,,1.6,,,233,79,0,11.11,0.0,0.5,0.0,0.0,1.0,15.86,,,0.75
2,2025-01-31 19:31:15,2025-01-31 20:15:36,2.0,15.19,2.0,N,132,145,1,70.0,5.0,0.5,16.69,6.94,1.0,101.88,0.0,1.75,0.0
2,2025-01-01 04:15:00,2025-01-01 04:38:00,,5.38,,,37,181,0,5.53,0.0,0.5,0.0,0.0,1.0,10.03,,,0.0
2,2025-01-02 16:47:19,2025-01-02 17:15:00,2.0,1.75,1.0,N,186,164,1,22.6,2.5,0.5,5.82,0.0,1.0,34.92,2.5,0.0,0.0
1,2025-01-09 09:06:28,2025-01-09 09:11:33,1.0,0.5,1.0,N,50,50,1,5.8,3.25,0.5,2.1,0.0,1.0,12.65,2.5,0.0,0.75
2,2025-01-20 16:47:37,2025-01-20 16:54:37,4.0,0.99,1.0,N,148,4,1,8.6,0.0,0.5,2.67,0.0,1.0,16.02,2.5,0.0,0.75
2,2025-01-28 11:04:52,2025-01-28 11:18:26,1.0,1.53,1.0,N,113,114,1,12.8,0.0,0.5,3.51,0.0,1.0,21.06,2.5,0.0,0.75
2,2025-01-24 14:08:31,2025-01-24 14:17:48,1.0,0.9,1.0,N,48,161,1,10.0,0.0,0.5,2.95,0.0,1.0,17.7,2.5,0.0,0.75
2,2025-01-10 19:01:59,2025-01-10 19:09:08,5.0,0.91,1.0,N,262,140,1,8.6,2.5,0.5,3.02,0.0,1.0,18.12,2.5,0.0,0.0
1,2025-01-14 07:26:34,2025-01-14 07:34:32,1.0,1.3,1.0,N,43,237,1,9.3,2.5,0.5,1.5,0.0,1.0,14.8,2.5,0.0,0.0
2,2025-01-22 17:15:28,2025-01-22 17:33:09,2.0,2.94,1.0,N,230,263,1,18.4,2.5,0.5,5.13,0.0,1.0,30.78,2.5,0.0,0.75
2,2025-01-18 22:59:04,2025-01-18 23:07:29,1.0,1.59,1.0,N,48,237,1,10.0,1.0,0.5,2.36,0.0,1.0,18.11,2.5,0.0,0.75
2,2025-01-05 19:14:03,2025-01-05 19:30:47,1.0,1.55,1.0,N,113,249,1,14.9,0.0,0.5,20.0,0.0,1.0,39.65,2.5,0.0,0.75
2,2025-01-23 13:58:20,2025-01-23 14:10:37,1.0,0.72,1.0,N,141,263,2,7.2,0.0,0.5,0.0,0.0,1.0,11.2,2.5,0.0,0.0
2,2025-01-17 23:47:07,2025-01-17 23:52:08,2.0,0.92,1.0,N,90,246,1,7.2,1.0,0.5,2.59,0.0,1.0,15.54,2.5,0.0,0.75
2,2025-01-08 12:20:40,2025-01-08 12:30:33,1.0,0.87,1.0,N,163,161,1,10.0,0.0,0.5,2.95,0.0,1.0,17.7,2.5,0.0,0.75
2,2025-01-08 14:58:45,2025-01-08 15:03:50,1.0,0.66,1.0,N,148,211,2,6.5,0.0,0.5,0.0,0.0,1.0,11.25,2.5,0.0,0.75
2,2025-01-28 18:21:40,2025-01-28 18:24:57,1.0,0.98,1.0,N,162,137,1,6.5,2.5,0.5,2.75,0.0,1.0,16.5,2.5,0.0,0.75
2,2025-01-10 20:10:39,2025-01-10 20:22:06,1.0,1.07,1.0,N,158,234,1,11.4,1.0,0.5,3.43,0.0,1.0,20.58,2.5,0.0,0.75
2,2025-01-18 23:31:54,2025-01-18 23:42:53,1.0,1.78,1.0,N,142,100,1,12.1,1.0,0.5,1.0,0.0,1.0,18.85,2.5,0.0,0.75
1,2025-01-23 12:29:43,2025-01-23 12:37:55,1.0,0.5,1.0,N,141,236,2,6.5,2.5,0.5,0.0,0.0,1.0,10.5,2.5,0.0,0.0
2,2025-01-11 15:25:36,2025-01-11 15:33:39,2.0,1.41,1.0,N,161,107,1,10.0,0.0,0.5,2.95,0.0,1.0,17.7,2.5,0.0,0.75
2,2025-01-30 13:35:55,2025-01-30 13:43:47,1.0,0.38,1.0,N,230,186,2,7.9,0.0,0.5,0.0,0.0,1.0,12.65,2.5,0.0,0.75
2,2025-01-05 18:34:49,2025-01-05 19:10:09,1.0,3.75,1.0,N,186,4,4,28.9,0.0,0.5,0.0,0.0,1.0,32.9,2.5,0.0,0.0
2,2025-01-18 17:14:27,2025-01-18 17:19:50,2.0,0.98,1.0,N,140,237,1,7.9,0.0,0.5,1.43,0.0,1.0,13.33,2.5,0.0,0.0
1,2025-01-28 21:35:11,2025-01-28 21:48:46,,2.9,,,230,4,0,18.62,0.0,0.5,0.0,0.0,1.0,23.37,,,0.75
2,2025-01-11 12:41:25,2025-01-11 13:05:19,1.0,6.66,1.0,N,166,158,1,32.4,0.0,0.5,7.43,0.0,1.0,44.58,2.5,0.0,0.75
2,2025-01-30 14:41:10,2025-01-30 15:45:39,1.0,15.68,5.0,N,132,230,1,87.0,0.0,0.0,19.64,6.94,1.0,119.58,2.5,1.75,0.75
2,2025-01-17 21:53:03,2025-01-17 22:19:12,4.0,5.02,1.0,N,231,163,1,28.2,1.0,0.5,6.79,0.0,1.0,40.74,2.5,0.0,0.75
2,2025-01-31 22:12:32,2025-01-31 22:26:04,2.0,2.51,1.0,N,236,161,1,14.9,1.0,0.5,7.0,0.0,1.0,27.65,2.5,0.0,0.75
1,2025-01-22 11:35:35,2025-01-22 11:57:11,1.0,3.0,99.0,N,170,232,1,22.5,0.0,0.5,0.0,0.0,0.0,23.0,0.0,0.0,0.0
2,2025-01-29 16:01:45,2025-01-29 16:35:56,,3.83,,,141,234,0,-4.75,0.0,0.5,0.0,0.0,1.0,3.33,,,0.75
2,2025-01-21 18:46:15,2025-01-21 18:55:29,1.0,1.43,1.0,N,236,237,2,10.0,2.5,0.5,0.0,0.0,1.0,16.5,2.5,0.0,0.0
2,2025-01-24 08:11:02,2025-01-24 08:27:10,,1.35,,,43,140,0,-4.75,0.0,0.5,0.0,0.0,1.0,2.74,,,0.75
2,2025-01-30 20:57:00,2025-01-30 21:03:33,2.0,1.0,1.0,N,237,236,1,8.6,1.0,0.5,2.72,0.0,1.0,16.32,2.5,0.0,0.0
2,2025-01-19 13:11:14,2025-01-19 14:18:25,2.0,14.42,1.0,N,163,39,4,-73.0,0.0,-0.5,0.0,0.0,-1.0,-77.75,-2.5,0.0,0.0
2,2025-01-29 00:22:28,2025-01-29 00:26:04,1.0,0.69,1.0,N,79,107,1,5.8,1.0,0.5,40.0,0.0,1.0,51.55,2.5,0.0,0.75
1,2025-01-13 13:53:39,2025-01-13 13:59:16,1.0,0.9,1.0,N,234,170,1,7.2,3.25,0.5,2.4,0.0,1.0,14.35,2.5,0.0,0.75
1,2025-01-25 18:45:54,2025-01-25 19:01:43,1.0,1.9,1.0,N,142,233,2,14.9,3.25,0.5,0.0,0.0,1.0,19.65,2.5,0.0,0.75
2,2025-01-15 16:50:04,2025-01-15 17:02:29,1.0,1.22,1.0,N,211,87,1,11.4,2.5,0.5,2.0,0.0,1.0,20.65,2.5,0.0,0.75
2,2025-01-07 14:37:08,2025-01-07 14:46:44,1.0,1.49,1.0,N,237,142,1,10.7,0.0,0.5,2.0,0.0,1.0,17.45,2.5,0.0,0.75
2,2025-01-23 08:22:09,2025-01-23 08:42:18,,5.02,,,151,244,0,-1.5,0.0,0.5,0.0,0.0,1.0,5.32,,,0.0
2,2025-01-08 18:00:57,2025-01-08 18:57:36,1.0,17.04,1.0,N,132,17,4,-75.1,-2.5,-0.5,0.0,0.0,-1.0,-80.85,0.0,-1.75,0.0
1,2025-01-24 09:37:21,2025-01-24 09:43:24,1.0,0.8,1.0,N,237,236,1,7.2,2.5,0.5,2.24,0.0,1.0,13.44,2.5,0.0,0.0
2,2025-01-03 22:13:26,2025-01-03 22:22:02,1.0,2.61,1.0,N,163,75,2,12.8,1.0,0.5,0.0,0.0,1.0,17.8,2.5,0.0,0.0
1,2025-01-16 19:13:17,2025-01-16 19:18:06,,0.2,,,236,236,0,5.8,2.5,0.5,1.84,0.0,1.0,14.14,,,0.0
2,2025-01-19 13:51:26,2025-01-19 13:54:34,1.0,0.56,1.0,N,137,107,1,5.8,0.0,0.5,1.0,0.0,1.0,11.55,2.5,0.0,0.75
2,2025-01-14 19:22:24,2025-01-14 19:27:18,1.0,0.99,1.0,N,237,249,1,7.2,2.5,0.5,3.42,0.0,1.0,17.12,2.5,0.0,0.0
2,2025-01-28 11:38:23,2025-01-28 11:47:33,,1.29,,,224,234,0,10.88,0.0,0.5,0.0,0.0,1.0,15.63,,,0.75
2,2025-01-25 22:41:47,2025-01-25 22:56:01,1.0,2.24,1.0,N,100,48,1,14.9,1.0,0.5,4.13,0.0,1.0,24.78,2.5,0.0,0.75
1,2025-01-24 21:11:51,2025-01-24 21:45:59,1.0,21.0,2.0,N,132,237,1,70.0,4.25,0.5,12.4,6.94,1.0,95.09,2.5,1.75,0.0
2,2025-01-09 14:26:43,2025-01-09 14:31:54,1.0,0.71,1.0,N,236,263,1,7.2,0.0,0.5,2.8,0.0,1.0,14.0,2.5,0.0,0.0
2,2025-01-25 00:39:19,2025-01-25 00:46:45,,1.01,,,79,144,0,14.09,0.0,0.5,0.0,0.0,1.0,18.84,,,0.75
1,2025-01-14 18:12:25,2025-01-14 18:30:45,1.0,2.4,1.0,N,234,232,4,17.0,5.75,0.5,0.0,0.0,1.0,24.25,2.5,0.0,0.75
2,2025-01-04 14:32:33,2025-01-04 14:47:09,2.0,0.88,1.0,N,163,161,2,13.5,0.0,0.5,0.0,0.0,1.0,17.5,2.5,0.0,0.0
2,2025-01-08 12:15:15,2025-01-08 12:30:07,1.0,1.14,1.0,N,75,236,2,13.5,0.0,0.5,0.0,0.0,1.0,17.5,2.5,0.0,0.0
2,2025-01-14 05:04:34,2025-01-14 05:14:26,1.0,4.39,1.0,N,132,10,1,19.1,1.0,0.5,4.67,0.0,1.0,28.02,0.0,1.75,0.0
1,2025-01-31 02:35:34,2025-01-31 02:47:40,4.0,3.4,1.0,N,148,255,1,17.0,4.25,0.5,2.0,0.0,1.0,24.75,2.5,0.0,0.75
2,2025-01-28 15:39:30,2025-01-28 15:47:01,,1.05,,,43,141,0,11.57,0.0,0.5,0.0,0.0,1.0,15.57,,,0.0
2,2025-01-29 11:06:56,2025-01-29 11:27:51,1.0,9.47,1.0,N,164,138,1,38.0,5.0,0.5,10.94,6.94,1.0,65.63,2.5,0.0,0.75
2,2025-01-09 20:47:49,2025-01-09 20:59:17,1.0,4.79,1.0,N,132,10,1,20.5,1.0,0.5,4.6,0.0,1.0,29.35,0.0,1.75,0.0
2,2025-01-01 03:40:28,2025-01-01 03:48:24,,1.52,,,68,164,0,-12.67,0.0,0.5,0.0,0.0,1.0,-8.67,,,0.0
2,2025-01-11 07:54:46,2025-01-11 08:14:14,,12.06,,,242,131,0,35.15,0.0,0.5,0.0,6.94,1.0,43.59,,,0.0
2,2025-01-05 16:28:19,2025-01-05 16:32:44,1.0,0.58,1.0,N,237,237,1,6.5,0.0,0.5,3.15,0.0,1.0,13.65,2.5,0.0,0.0
2,2025-01-30 07:23:06,2025-01-30 08:34:13,1.0,18.81,2.0,N,132,246,1,70.0,0.0,0.5,5.0,6.94,1.0,88.44,2.5,1.75,0.75
1,2025-01-23 09:13:40,2025-01-23 09:23:56,1.0,1.5,1.0,N,236,237,1,11.4,2.5,0.5,2.0,0.0,1.0,17.4,2.5,0.0,0.0
1,2025-01-16 16:25:31,2025-01-16 16:32:48,1.0,1.2,1.0,N,4,107,1,9.3,5.75,0.5,3.3,0.0,1.0,19.85,2.5,0.0,0.75
1,2025-01-18 19:15:48,2025-01-18 19:30:43,3.0,0.6,1.0,N,230,163,1,13.5,3.25,0.5,0.0,0.0,1.0,18.25,2.5,0.0,0.75
2,2025-01-08 21:47:13,2025-01-08 21:48:48,1.0,0.1,1.0,N,142,142,4,3.7,1.0,0.5,0.0,0.0,1.0,8.7,2.5,0.0,0.0
2,2025-01-13 18:27:46,2025-01-13 18:32:13,1.0,0.66,1.0,N,90,246,1,6.5,2.5,0.5,2.75,0.0,1.0,16.5,2.5,0.0,0.75
1,2025-01-18 23:26:26,2025-01-18 23:45:32,,9.1,,,97,223,0,28.68,0.0,0.5,0.0,0.0,1.0,30.18,,,0.0
1,2025-01-27 09:09:30,2025-01-27 09:17:01,1.0,1.1,1.0,N,75,236,1,8.6,2.5,0.5,0.0,0.0,1.0,12.6,2.5,0.0,0.0
2,2025-01-25 02:30:39,2025-01-25 02:38:13,1.0,1.32,1.0,N,144,234,1,9.3,1.0,0.5,0.5,0.0,1.0,15.55,2.5,0.0,0.75
2,2025-01-16 07:20:55,2025-01-16 07:47:12,,10.91,,,113,138,0,43.86,0.0,0.5,7.29,0.0,1.0,55.9,,,0.75
1,2025-01-07 13:31:54,2025-01-07 13:42:03,2.0,0.8,1.0,N,164,170,1,10.0,3.25,0.5,2.95,0.0,1.0,17.7,2.5,0.0,0.75
2,2025-01-15 14:23:02,2025-01-15 14:37:56,1.0,2.26,1.0,N,231,234,1,14.9,0.0,0.5,3.93,0.0,1.0,23.58,2.5,0.0,0.75
2,2025-01-23 08:45:27,2025-01-23 08:59:16,1.0,1.72,1.0,N,231,234,1,13.5,0.0,0.5,3.65,0.0,1.0,21.9,2.5,0.0,0.75
2,2025-01-09 09:52:57,2025-01-09 10:08:51,1.0,1.67,1.0,N,161,68,1,14.9,0.0,0.5,3.93,0.0,1.0,23.58,2.5,0.0,0.75
2,2025-01-14 14:49:56,2025-01-14 15:08:19,3.0,3.03,1.0,N,143,143,1,18.4,0.0,0.5,10.0,0.0,1.0,32.4,2.5,0.0,0.0
2,2025-01-16 18:24:42,2025-01-16 18:39:31,1.0,2.14,1.0,N,151,163,1,14.9,2.5,0.5,3.0,0.0,1.0,25.15,2.5,0.0,0.75
1,2025-01-26 12:53:55,2025-01-26 13:00:25,1.0,0.6,1.0,N,246,68,1,7.2,3.25,0.5,2.4,0.0,1.0,14.35,2.5,0.0,0.75
2,2025-01-05 23:28:42,2025-01-05 23:57:09,4.0,17.7,2.0,N,132,79,1,70.0,0.0,0.5,14.95,0.0,1.0,89.7,2.5,0.0,0.75
2,2025-01-25 19:32:00,2025-01-25 19:49:18,,0.0,,,263,48,0,19.98,0.0,0.5,0.0,0.0,1.0,24.73,,,0.75
2,2025-01-03 08:55:13,2025-01-03 09:09:22,1.0,1.79,1.0,N,162,140,1,14.9,0.0,0.5,2.0,0.0,1.0,20.9,2.5,0.0,0.0
2,2025-01-06 19:41:39,2025-01-06 19:49:31,1.0,0.8,1.0,N,234,224,1,8.6,2.5,0.5,3.17,0.0,1.0,19.02,2.5,0.0,0.75
2,2025-01-21 15:17:30,2025-01-21 15:37:37,1.0,2.44,1.0,N,161,236,1,19.1,0.0,0.5,4.77,0.0,1.0,28.62,2.5,0.0,0.75
2,2025-01-14 21:26:46,2025-01-14 21:28:53,1.0,0.55,1.0,N,113,234,1,4.4,1.0,0.5,2.03,0.0,1.0,12.18,2.5,0.0,0.75
2,2025-01-01 18:23:39,2025-01-01 18:31:26,,2.49,,,260,223,0,2.56,0.0,0.5,0.0,0.0,1.0,7.06,,,0.0
2,2025-01-18 17:13:54,2025-01-18 17:25:03,1.0,3.01,1.0,N,140,224,1,15.6,0.0,0.5,4.07,0.0,1.0,24.42,2.5,0.0,0.75
2,2025-01-22 21:06:43,2025-01-22 21:11:39,1.0,0.91,1.0,N,237,141,1,6.5,1.0,0.5,1.5,0.0,1.0,13.0,2.5,0.0,0.0
2,2025-01-10 09:34:56,2025-01-10 09:38:13,1.0,0.4,1.0,N,237,162,2,5.1,0.0,0.5,0.0,0.0,1.0,9.85,2.5,0.0,0.75
2,2025-01-10 22:44:12,2025-01-10 22:55:13,1.0,1.96,1.0,N,141,238,1,12.8,1.0,0.5,3.56,0.0,1.0,21.36,2.5,0.0,0.0
2,2025-01-12 17:30:26,2025-01-12 17:39:24,1.0,0.62,1.0,N,186,246,1,9.3,0.0,0.5,1.5,0.0,1.0,15.55,2.5,0.0,0.75
2,2025-01-22 07:38:01,2025-01-22 07:46:12,1.0,1.68,1.0,N,158,246,1,10.7,0.0,0.5,3.09,0.0,1.0,18.54,2.5,0.0,0.75
2,2025-01-07 11:22:46,2025-01-07 11:34:31,1.0,1.54,1.0,N,238,236,1,12.8,0.0,0.5,2.0,0.0,1.0,18.8,2.5,0.0,0.0
2,2025-01-20 19:51:57,2025-01-20 20:06:13,1.0,11.67,2.0,N,130,194,2,70.0,0.0,0.5,0.0,6.94,1.0,78.44,0.0,0.0,0.0
1,2025-01-20 07:33:24,2025-01-20 07:38:11,0.0,0.7,1.0,N,161,43,1,6.5,3.25,0.5,2.25,0.0,1.0,13.5,2.5,0.0,0.75
2,2025-01-30 19:39:30,2025-01-30 19:57:08,1.0,3.29,1.0,N,144,229,1,18.4,2.5,0.5,4.0,0.0,1.0,29.65,2.5,0.0,0.75
2,2025-01-30 14:07:10,2025-01-30 14:25:04,1.0,2.06,1.0,N,236,162,1,17.0,0.0,0.5,4.35,0.0,1.0,26.1,2.5,0.0,0.75
2,2025-01-26 09:15:16,2025-01-26 09:43:54,2.0,14.14,1.0,N,230,138,1,56.2,5.0,0.5,14.58,6.94,1.0,87.47,2.5,0.0,0.75
2,2025-01-04 14:32:33,2025-01-04 14:50:38,2.0,2.56,1.0,N,186,237,2,18.4,0.0,0.5,0.0,0.0,1.0,22.4,2.5,0.0,0.0
2,2025-01-22 00:07:16,2025-01-22 00:52:30,1.0,19.39,2.0,N,132,239,1,70.0,0.0,0.5,5.0,0.0,1.0,80.75,2.5,1.75,0.0
2,2025-01-14 00:24:46,2025-01-14 00:28:29,1.0,1.14,1.0,N,239,143,1,7.2,1.0,0.5,2.59,0.0,1.0,15.54,2.5,0.0,0.75
2,2025-01-14 21:48:15,2025-01-14 21:58:52,1.0,1.37,1.0,N,234,161,1,11.4,1.0,0.5,1.0,0.0,1.0,18.15,2.5,0.0,0.75
2,2025-01-26 21:42:12,2025-01-26 21:45:18,1.0,1.09,1.0,N,141,162,1,6.5,1.0,0.5,2.45,0.0,1.0,14.7,2.5,0.0,0.75
2,2025-01-01 22:16:24,2025-01-01 22:27:51,3.0,3.46,1.0,N,164,236,1,16.3,1.0,0.5,2.0,0.0,1.0,23.3,2.5,0.0,0.0
2,2025-01-16 23:39:08,2025-01-16 23:57:22,1.0,5.37,1.0,N,233,166,1,24.0,1.0,0.5,5.95,0.0,1.0,35.7,2.5,0.0,0.75
2,2025-01-01 01:51:09,2025-01-01 02:06:00,2.0,2.2,1.0,N,237,239,1,14.9,1.0,0.5,3.98,0.0,1.0,23.88,2.5,0.0,0.0
2,2025-01-13 09:39:00,2025-01-13 09:47:11,1.0,3.85,1.0,N,107,88,1,17.7,0.0,0.5,4.49,0.0,1.0,26.94,2.5,0.0,0.75
1,2025-01-09 08:43:11,2025-01-09 09:00:23,1.0,2.4,1.0,N,163,68,1,14.9,3.25,0.5,2.0,0.0,1.0,21.65,2.5,0.0,0.75
2,2025-01-04 17:46:17,2025-01-04 18:21:32,1.0,3.35,1.0,N,75,100,1,30.3,0.0,0.5,7.5,0.0,1.0,41.8,2.5,0.0,0.0
2,2025-01-27 20:10:53,2025-01-27 20:25:59,1.0,2.24,1.0,N,211,170,1,15.6,1.0,0.5,4.27,0.0,1.0,25.62,2.5,0.0,0.75
2,2025-01-02 11:19:05,2025-01-02 11:47:59,1.0,7.1,1.0,N,231,48,2,35.9,0.0,0.5,0.0,0.0,1.0,39.9,2.5,0.0,0.0
2,2025-01-25 01:10:12,2025-01-25 01:19:22,,1.12,,,79,232,0,11.1,0.0,0.5,0.0,0.0,1.0,15.85,,,0.75
2,2025-01-14 21:28:46,2025-01-14 21:47:45,1.0,6.08,1.0,N,164,66,1,27.5,1.0,0.5,6.65,0.0,1.0,39.9,2.5,0.0,0.75
2,2025-01-04 15:31:34,2025-01-04 15:40:31,1.0,1.05,1.0,N,125,90,1,9.3,0.0,0.5,3.0,0.0,1.0,16.3,2.5,0.0,0.0
2,2025-01-18 22:54:07,2025-01-18 23:05:55,1.0,2.08,1.0,N,224,100,1,13.5,1.0,0.5,2.0,0.0,1.0,21.25,2.5,0.0,0.75
2,2025-01-13 09:23:40,2025-01-13 09:35:49,1.0,2.11,1.0,N,140,162,1,14.2,0.0,0.5,3.0,0.0,1.0,21.95,2.5,0.0,0.75
2,2025-01-06 12:54:57,2025-01-06 13:03:33,1.0,1.0,1.0,N,239,151,1,9.3,0.0,0.5,1.0,0.0,1.0,14.3,2.5,0.0,0.0
2,2025-01-21 11:53:19,2025-01-21 12:02:12,1.0,0.84,1.0,N,170,107,1,9.3,0.0,0.5,2.81,0.0,1.0,16.86,2.5,0.0,0.75
2,2025-01-16 22:04:02,2025-01-16 22:27:28,1.0,5.64,1.0,N,90,166,1,28.9,1.0,0.5,6.93,0.0,1.0,41.58,2.5,0.0,0.75
2,2025-01-04 08:55:53,2025-01-04 09:23:12,2.0,17.29,2.0,N,100,132,1,70.0,0.0,0.5,16.19,6.94,1.0,97.13,2.5,0.0,0.0
2,2025-01-30 23:24:39,2025-01-30 23:36:49,3.0,2.38,1.0,N,161,224,1,14.2,1.0,0.5,2.0,0.0,1.0,21.95,2.5,0.0,0.75
2,2025-01-12 02:08:42,2025-01-12 02:28:59,,7.78,,,148,151,0,28.33,0.0,0.5,0.0,0.0,1.0,33.08,,,0.75
2,2025-01-12 19:40:14,2025-01-12 20:10:22,1.0,5.69,1.0,N,186,7,1,31.7,0.0,0.5,10.85,6.94,1.0,54.24,2.5,0.0,0.75
1,2025-01-14 20:07:27,2025-01-14 20:17:02,1.0,1.7,1.0,N,230,68,1,10.0,4.25,0.5,3.15,0.0,1.0,18.9,2.5,0.0,0.75
2,2025-01-19 01:44:03,2025-01-19 01:50:45,1.0,1.1,1.0,N,68,234,4,8.6,1.0,0.5,0.0,0.0,1.0,14.35,2.5,0.0,0.75
2,2025-01-01 01:47:18,2025-01-01 01:57:00,1.0,1.75,1.0,N,141,163,2,11.4,1.0,0.5,0.0,0.0,1.0,16.4,2.5,0.0,0.0
2,2025-01-11 19:56:13,2025-01-11 20:02:40,,1.6,,,151,142,0,14.78,0.0,0.5,2.82,0.0,1.0,21.6,,,0.0
2,2025-01-23 17:50:22,2025-01-23 18:07:23,,1.49,,,246,230,0,16.17,0.0,0.5,0.0,0.0,1.0,20.92,,,0.75
1,2025-01-28 17:08:57,2025-01-28 18:09:12,1.0,15.6,99.0,N,191,230,1,49.5,0.0,0.5,0.0,6.94,0.0,56.94,0.0,0.0,0.0
2,2025-01-12 14:17:26,2025-01-12 15:04:16,2.0,12.81,1.0,N,163,138,1,61.1,5.0,0.5,15.56,6.94,1.0,93.35,2.5,0.0,0.75
2,2025-01-05 13:22:59,2025-01-05 13:31:59,6.0,0.83,1.0,N,161,100,1,9.3,0.0,0.5,2.81,0.0,1.0,16.86,2.5,0.0,0.75
2,2025-01-16 07:04:48,2025-01-16 07:16:02,,2.29,,,170,125,0,-4.75,0.0,0.5,0.0,0.0,1.0,2.49,,,0.75
2,2025-01-13 09:38:18,2025-01-13 09:49:11,1.0,0.98,1.0,N,48,246,1,10.7,0.0,0.5,4.55,0.0,1.0,20.0,2.5,0.0,0.75
2,2025-01-29 23:27:33,2025-01-29 23:54:53,1.0,5.79,1.0,N,161,80,1,31.0,1.0,0.5,7.35,0.0,1.0,44.1,2.5,0.0,0.75
2,2025-01-10 13:04:56,2025-01-10 13:11:20,1.0,0.83,1.0,N,143,50,2,7.9,0.0,0.5,0.0,0.0,1.0,12.65,2.5,0.0,0.75
2,2025-01-29 07:34:29,2025-01-29 07:52:35,1.0,2.16,1.0,N,48,137,1,17.0,0.0,0.5,0.0,0.0,1.0,21.75,2.5,0.0,0.75
2,2025-01-29 07:40:46,2025-01-29 07:50:26,1.0,1.82,1.0,N,141,75,1,12.1,0.0,0.5,3.22,0.0,1.0,19.32,2.5,0.0,0.0
2,2025-01-11 12:18:19,2025-01-11 12:27:21,1.0,1.66,1.0,N,68,125,1,10.7,0.0,0.5,3.09,0.0,1.0,18.54,2.5,0.0,0.75
2,2025-01-05 12:41:53,2025-01-05 12:52:32,1.0,1.74,1.0,N,262,238,1,11.4,0.0,0.5,3.0,0.0,1.0,18.4,2.5,0.0,0.0
1,2025-01-31 14:09:22,2025-01-31 14:36:08,1.0,4.3,1.0,N,237,246,1,24.7,3.25,0.5,3.0,0.0,1.0,32.45,2.5,0.0,0.75
1,2025-01-12 20:06:33,2025-01-12 20:19:25,1.0,3.0,1.0,N,25,209,1,15.6,4.25,0.5,4.25,0.0,1.0,25.6,2.5,0.0,0.75
2,2025-01-29 21:22:57,2025-01-29 21:50:39,,10.58,,,102,233,0,32.76,0.0,0.5,0.0,6.94,1.0,44.45,,,0.75
1,2025-01-21 11:01:45,2025-01-21 11:29:19,1.0,2.0,1.0,N,68,233,1,21.2,3.25,0.5,5.2,0.0,1.0,31.15,2.5,0.0,0.75
2,2025-01-08 21:29:01,2025-01-08 21:36:49,,1.58,,,186,107,0,-4.75,0.0,0.5,0.0,0.0,1.0,1.0,,,0.75
1,2025-01-04 18:35:02,2025-01-04 18:43:59,1.0,1.1,1.0,N,48,143,2,10.0,2.5,0.5,0.0,0.0,1.0,14.0,2.5,0.0,0.0
1,2025-01-20 15:08:06,2025-01-20 15:12:59,1.0,0.4,1.0,N,263,262,2,5.8,2.5,0.5,0.0,0.0,1.0,9.8,2.5,0.0,0.0
2,2025-01-04 22:49:20,2025-01-04 23:04:59,2.0,1.66,1.0,N,230,143,1,14.9,1.0,0.5,1.0,0.0,1.0,20.9,2.5,0.0,0.0
2,2025-01-27 17:38:15,2025-01-27 17:58:04,1.0,2.91,1.0,N,164,236,1,20.5,2.5,0.5,6.94,0.0,1.0,34.69,2.5,0.0,0.75
1,2025-01-12 13:52:15,2025-01-12 14:07:23,0.0,2.4,1.0,N,151,143,1,16.3,2.5,0.5,4.05,0.0,1.0,24.35,2.5,0.0,0.0
2,2025-01-23 22:16:18,2025-01-23 22:23:30,,1.59,,,48,246,0,13.73,0.0,0.5,0.0,0.0,1.0,18.48,,,0.75
1,2025-01-23 15:22:15,2025-01-23 15:41:04,1.0,3.3,1.0,N,107,231,1,20.5,5.75,0.5,5.55,0.0,1.0,33.3,2.5,0.0,0.75
1,2025-01-18 23:03:45,2025-01-18 23:17:27,2.0,2.0,1.0,N,114,107,1,14.9,4.25,0.5,0.0,0.0,1.0,20.65,2.5,0.0,0.75
2,2025-01-20 13:35:02,2025-01-20 13:43:17,1.0,1.31,1.0,N,45,87,1,9.3,0.0,0.5,2.81,0.0,1.0,16.86,2.5,0.0,0.75
2,2025-01-31 11:57:37,2025-01-31 12:30:50,1.0,10.92,1.0,N,163,138,1,47.1,5.0,0.5,8.0,6.94,1.0,71.79,2.5,0.0,0.75
2,2025-01-20 00:09:43,2025-01-20 00:28:14,,7.75,,,244,237,0,27.01,0.0,0.5,0.0,0.0,1.0,31.01,,,0.0
2,2025-01-01 02:12:14,2025-01-01 02:21:53,,3.03,,,74,140,0,-22.77,0.0,0.5,0.0,0.0,1.0,-18.77,,,0.0
2,2025-01-10 18:28:00,2025-01-10 18:44:23,1.0,1.83,1.0,N,170,249,1,15.6,2.5,0.5,3.43,0.0,1.0,26.28,2.5,0.0,0.75
1,2025-01-11 00:27:53,2025-01-11 00:33:24,1.0,0.7,1.0,N,114,148,1,6.5,4.25,0.5,2.45,0.0,1.0,14.7,2.5,0.0,0.75
2,2025-01-01 06:20:54,2025-01-01 06:36:33,,6.21,,,33,26,0,-25.08,0.0,0.5,0.0,0.0,1.0,-23.58,,,0.0
2,2025-01-25 18:16:11,2025-01-25 18:28:06,5.0,1.22,1.0,N,236,236,1,12.1,0.0,0.5,3.22,0.0,1.0,19.32,2.5,0.0,0.0
2,2025-01-07 18:00:48,2025-01-07 18:18:52,1.0,4.87,1.0,N,132,10,1,21.2,2.5,0.5,0.0,0.0,1.0,26.95,0.0,1.75,0.0
2,2025-01-16 17:44:10,2025-01-16 17:56:55,,0.0,,,263,151,0,14.04,0.0,0.5,0.0,0.0,1.0,18.04,,,0.0
1,2025-01-02 13:20:57,2025-01-02 13:27:44,1.0,0.6,1.0,N,238,239,1,7.2,2.5,0.5,2.25,0.0,1.0,13.45,2.5,0.0,0.0
1,2025-01-16 16:54:02,2025-01-16 17:05:28,1.0,1.6,1.0,N,238,141,1,11.4,5.0,0.5,3.58,0.0,1.0,21.48,2.5,0.0,0.0
2,2025-01-25 03:17:00,2025-01-25 03:34:00,,4.15,,,255,249,0,22.08,0.0,0.5,0.0,0.0,1.0,26.83,,,0.75
2,2025-01-31 15:36:18,2025-01-31 16:03:53,1.0,3.63,1.0,N,263,234,2,24.7,0.0,0.5,0.0,0.0,1.0,29.45,2.5,0.0,0.75
2,2025-01-25 11:52:50,2025-01-25 12:04:34,1.0,1.57,1.0,N,238,43,1,12.1,0.0,0.5,1.61,0.0,1.0,17.71,2.5,0.0,0.0
1,2025-01-31 20:14:18,2025-01-31 20:19:33,1.0,0.6,1.0,N,236,237,1,5.8,3.5,0.5,2.7,0.0,1.0,13.5,2.5,0.0,0.0
2,2025-01-07 16:20:28,2025-01-07 16:30:24,1.0,1.43,1.0,N,170,224,1,10.7,2.5,0.5,3.59,0.0,1.0,21.54,2.5,0.0,0.75
2,2025-01-09 14:08:46,2025-01-09 14:14:29,1.0,1.51,1.0,N,68,142,1,8.6,0.0,0.5,2.0,0.0,1.0,15.35,2.5,0.0,0.75
2,2025-01-20 23:45:42,2025-01-21 00:41:09,1.0,18.57,2.0,N,132,163,1,70.0,0.0,0.5,0.0,6.94,1.0,83.44,2.5,1.75,0.75
2,2025-01-03 16:22:27,2025-01-03 16:32:59,2.0,1.75,1.0,N,140,162,1,12.1,2.5,0.5,4.65,0.0,1.0,23.25,2.5,0.0,0.0
2,2025-01-19 22:21:29,2025-01-19 22:33:37,,1.87,,,79,87,0,18.44,0.0,0.5,0.0,0.0,1.0,23.19,,,0.75
2,2025-01-24 13:25:35,2025-01-24 13:51:41,1.0,10.06,1.0,N,138,237,1,43.6,5.0,0.5,14.88,6.94,1.0,76.17,2.5,1.75,0.0
2,2025-01-03 21:27:48,2025-01-03 21:41:59,1.0,0.78,1.0,N,161,186,1,12.8,1.0,0.5,3.56,0.0,1.0,21.36,2.5,0.0,0.0
2,2025-01-14 07:33:56,2025-01-14 08:33:10,1.0,21.81,4.0,N,132,265,1,103.1,0.0,0.5,22.31,6.94,1.0,135.6,0.0,1.75,0.0
2,2025-01-30 08:40:37,2025-01-30 09:00:51,,2.86,,,143,234,0,24.56,0.0,0.5,0.0,0.0,1.0,29.31,,,0.75
2,2025-01-26 14:03:31,2025-01-26 14:23:32,2.0,7.71,1.0,N,70,41,1,32.4,5.0,0.5,7.5,6.94,1.0,58.34,2.5,1.75,0.75
2,2025-01-23 18:52:00,2025-01-23 19:16:00,,3.23,,,37,255,0,21.93,0.0,0.5,0.0,0.0,1.0,23.43,,,0.0
2,2025-01-08 22:35:33,2025-01-08 22:43:18,1.0,1.13,1.0,N,107,114,1,9.3,1.0,0.5,3.01,0.0,1.0,18.06,2.5,0.0,0.75
2,2025-01-11 19:09:12,2025-01-11 19:32:56,4.0,1.03,1.0,N,48,161,1,19.8,0.0,0.5,4.91,0.0,1.0,29.46,2.5,0.0,0.75
2,2025-01-30 07:50:50,2025-01-30 08:04:45,1.0,2.28,1.0,N,137,163,1,14.9,0.0,0.5,3.93,0.0,1.0,23.58,2.5,0.0,0.75
2,2025-01-21 12:31:55,2025-01-21 12:43:58,1.0,1.31,1.0,N,170,90,1,12.1,0.0,0.5,3.37,0.0,1.0,20.22,2.5,0.0,0.75
2,2025-01-19 12:40:11,2025-01-19 12:51:57,1.0,2.44,1.0,N,140,238,1,14.2,0.0,0.5,2.73,0.0,1.0,20.93,2.5,0.0,0.0
2,2025-01-18 13:25:34,2025-01-18 13:32:23,1.0,1.75,1.0,N,43,236,1,9.3,0.0,0.5,3.99,0.0,1.0,18.04,2.5,0.0,0.75
2,2025-01-24 20:47:00,2025-01-24 20:55:40,1.0,1.63,1.0,N,142,141,1,10.7,1.0,0.5,2.36,0.0,1.0,18.06,2.5,0.0,0.0
2,2025-01-17 22:04:27,2025-01-17 22:27:02,3.0,3.88,1.0,N,107,65,1,24.0,1.0,0.5,2.98,0.0,1.0,32.73,2.5,0.0,0.75
1,2025-01-07 08:16:02,2025-01-07 08:24:04,1.0,1.2,1.0,N,142,238,1,10.0,2.5,0.5,2.8,0.0,1.0,16.8,2.5,0.0,0.0
2,2025-01-15 20:05:49,2025-01-15 20:22:16,1.0,2.3,1.0,N,230,249,1,15.6,1.0,0.5,4.27,0.0,1.0,25.62,2.5,0.0,0.75
2,2025-01-14 14:36:04,2025-01-14 14:56:39,1.0,2.16,1.0,N,186,144,1,18.4,0.0,0.5,6.95,0.0,1.0,30.1,2.5,0.0,0.75
2,2025-01-24 17:10:05,2025-01-24 17:29:45,1.0,3.43,1.0,N,13,100,1,21.2,2.5,0.5,5.69,0.0,1.0,34.14,2.5,0.0,0.75
1,2025-01-13 15:59:06,2025-01-13 16:06:39,3.0,1.3,1.0,N,234,100,1,8.6,3.25,0.5,0.0,0.0,1.0,13.35,2.5,0.0,0.75
2,2025-01-28 23:05:43,2025-01-28 23:26:46,,4.11,,,246,232,0,20.66,0.0,0.5,0.0,0.0,1.0,25.41,,,0.75
2,2025-01-22 14:27:14,2025-01-22 14:31:00,1.0,0.42,1.0,N,142,239,1,5.1,0.0,0.5,1.82,0.0,1.0,10.92,2.5,0.0,0.0
1,2025-01-22 18:17:51,2025-01-22 18:30:18,1.0,1.3,1.0,N,161,239,1,11.4,5.75,0.5,1.0,0.0,1.0,19.65,2.5,0.0,0.75
2,2025-01-13 08:27:19,2025-01-13 08:31:26,1.0,0.94,1.0,N,237,162,1,6.5,0.0,0.5,2.25,0.0,1.0,13.5,2.5,0.0,0.75
2,2025-01-29 15:06:43,2025-01-29 15:12:46,2.0,0.52,1.0,N,237,141,1,7.2,0.0,0.5,2.24,0.0,1.0,13.44,2.5,0.0,0.0
2,2025-01-18 23:02:33,2025-01-18 23:25:29,2.0,3.72,1.0,N,232,181,1,24.0,1.0,0.5,5.0,0.0,1.0,34.75,2.5,0.0,0.75
2,2025-01-20 16:27:41,2025-01-20 16:39:04,3.0,1.91,1.0,N,144,164,1,12.8,0.0,0.5,1.0,0.0,1.0,18.55,2.5,0.0,0.75
2,2025-01-03 22:27:38,2025-01-03 22:46:48,2.0,9.38,1.0,N,138,238,1,37.3,6.0,0.5,0.0,6.94,1.0,55.99,2.5,1.75,0.0
1,2025-01-12 01:10:54,2025-01-12 01:16:27,,1.0,,,125,234,0,11.56,0.0,0.5,0.0,0.0,1.0,16.31,,,0.75
2,2025-01-26 22:02:49,2025-01-26 22:13:43,4.0,1.69,1.0,N,125,234,1,12.1,1.0,0.5,3.57,0.0,1.0,21.42,2.5,0.0,0.75
1,2025-01-31 22:07:53,2025-01-31 22:16:17,1.0,1.1,1.0,N,239,48,2,10.0,4.25,0.5,0.0,0.0,1.0,15.75,2.5,0.0,0.75
2,2025-01-15 12:05:08,2025-01-15 12:13:17,1.0,1.07,1.0,N,237,262,2,9.3,0.0,0.5,0.0,0.0,1.0,13.3,2.5,0.0,0.0
2,2025-01-19 01:06:32,2025-01-19 01:16:24,2.0,1.81,1.0,N,114,162,1,11.4,1.0,0.5,3.43,0.0,1.0,20.58,2.5,0.0,0.75
2,2025-01-17 22:00:32,2025-01-17 22:15:48,1.0,0.99,1.0,N,68,107,1,14.2,1.0,0.5,3.99,0.0,1.0,23.94,2.5,0.0,0.75
2,2025-01-15 07:50:25,2025-01-15 08:25:03,1.0,8.96,1.0,N,138,162,1,41.5,5.0,0.5,14.36,6.94,1.0,73.55,2.5,1.75,0.0
2,2025-01-05 11:52:52,2025-01-05 12:15:33,1.0,3.46,1.0,N,186,263,1,23.3,0.0,0.5,5.61,0.0,1.0,33.66,2.5,0.0,0.75
2,2025-01-16 10:33:24,2025-01-16 10:43:07,2.0,0.89,1.0,N,237,140,1,10.0,0.0,0.5,4.0,0.0,1.0,18.0,2.5,0.0,0.0
2,2025-01-10 15:54:55,2025-01-10 16:40:02,1.0,6.6,1.0,N,68,129,1,40.8,0.0,0.5,0.0,0.0,1.0,45.55,2.5,0.0,0.75
1,2025-01-01 12:36:21,2025-01-01 13:01:14,2.0,9.9,1.0,N,70,161,1,41.5,9.25,0.5,12.0,6.94,1.0,71.19,2.5,1.75,0.0
2,2025-01-12 02:44:28,2025-01-12 02:49:14,1.0,0.73,1.0,N,148,231,1,6.5,1.0,0.5,1.5,0.0,1.0,13.75,2.5,0.0,0.75
2,2025-01-13 14:00:20,2025-01-13 14:05:38,1.0,0.86,1.0,N,170,107,1,7.2,0.0,0.5,2.39,0.0,1.0,14.34,2.5,0.0,0.75
2,2025-01-01 09:44:00,2025-01-01 10:05:00,,4.36,,,62,165,0,6.73,0.0,0.5,0.0,0.0,1.0,8.23,,,0.0
2,2025-01-05 16:13:39,2025-01-05 17:03:43,2.0,21.29,2.0,N,132,13,1,70.0,0.0,0.5,16.69,6.94,1.0,100.13,2.5,1.75,0.75
2,2025-01-22 16:42:48,2025-01-22 17:23:04,1.0,16.72,2.0,N,132,107,1,70.0,5.0,0.5,10.0,6.94,1.0,98.44,2.5,1.75,0.75
2,2025-01-03 10:21:58,2025-01-03 10:35:33,4.0,2.63,1.0,N,230,43,1,15.6,0.0,0.5,3.92,0.0,1.0,23.52,2.5,0.0,0.0
2,2025-01-01 00:16:06,2025-01-01 00:29:44,2.0,2.31,1.0,N,151,163,1,16.3,1.0,0.5,4.26,0.0,1.0,25.56,2.5,0.0,0.0
2,2025-01-16 23:46:00,2025-01-16 23:58:11,1.0,1.68,1.0,N,234,79,1,12.8,1.0,0.5,3.71,0.0,1.0,22.26,2.5,0.0,0.75
2,2025-01-05 23:56:08,2025-01-05 23:56:21,1.0,0.0,5.0,N,28,28,1,39.0,0.0,0.0,0.0,0.0,1.0,40.0,0.0,0.0,0.0
2,2025-01-03 13:38:07,2025-01-03 13:46:47,1.0,0.98,1.0,N,229,162,1,9.3,0.0,0.5,2.66,0.0,1.0,15.96,2.5,0.0,0.0
1,2025-01-18 22:21:14,2025-01-18 22:31:45,,1.5,,,68,48,0,9.15,0.0,0.5,0.0,0.0,1.0,13.9,,,0.75
2,2025-01-02 14:20:00,2025-01-02 14:39:00,,2.58,,,164,68,0,19.34,0.0,0.5,4.67,0.0,1.0,28.01,,,0.0
1,2025-01-25 10:14:12,2025-01-25 10:21:44,1.0,1.6,1.0,N,107,249,2,10.0,3.25,0.5,0.0,0.0,1.0,14.75,2.5,0.0,0.75
1,2025-01-02 14:36:43,2025-01-02 14:39:43,2.0,0.4,1.0,N,161,162,2,5.1,2.5,0.5,0.0,0.0,1.0,9.1,2.5,0.0,0.0
2,2025-01-30 18:57:12,2025-01-30 19:02:32,1.0,0.0,1.0,N,90,249,1,6.5,2.5,0.5,2.75,0.0,1.0,16.5,2.5,0.0,0.75
2,2025-01-04 18:17:23,2025-01-04 18:33:51,1.0,2.53,1.0,N,263,162,1,16.3,0.0,0.5,4.06,0.0,1.0,24.36,2.5,0.0,0.0
2,2025-01-26 21:11:26,2025-01-26 21:15:00,2.0,0.71,1.0,N,100,230,1,5.8,1.0,0.5,2.31,0.0,1.0,13.86,2.5,0.0,0.75
2,2025-01-16 19:23:10,2025-01-16 19:42:12,1.0,2.28,1.0,N,170,236,1,17.7,2.5,0.5,0.0,0.0,1.0,24.95,2.5,0.0,0.75
1,2025-01-02 19:27:35,2025-01-02 19:47:17,1.0,1.1,1.0,N,186,246,1,17.0,5.0,0.5,4.7,0.0,1.0,28.2,2.5,0.0,0.0
1,2025-01-02 12:55:42,2025-01-02 13:28:15,1.0,9.9,99.0,N,174,236,1,36.5,0.0,0.5,0.0,6.94,0.0,43.94,0.0,0.0,0.0
2,2025-01-08 20:58:39,2025-01-08 21:17:35,,3.3,,,230,211,0,21.26,0.0,0.5,0.0,0.0,1.0,26.01,,,0.75
2,2025-01-05 13:51:01,2025-01-05 13:58:17,1.0,1.47,1.0,N,261,211,1,9.3,0.0,0.5,2.81,0.0,1.0,16.86,2.5,0.0,0.75
2,2025-01-30 18:47:55,2025-01-30 19:12:18,2.0,6.17,2.0,N,260,144,1,70.0,5.0,0.5,0.0,9.0,1.0,88.75,2.5,0.0,0.75
2,2025-01-21 10:48:47,2025-01-21 10:56:55,1.0,1.28,1.0,N,90,246,1,10.0,0.0,0.5,2.95,0.0,1.0,17.7,2.5,0.0,0.75
2,2025-01-29 11:35:08,2025-01-29 12:02:30,1.0,3.68,1.0,N,166,162,1,26.1,0.0,0.5,7.71,0.0,1.0,38.56,2.5,0.0,0.75
2,2025-01-20 10:52:50,2025-01-20 11:29:12,1.0,16.69,2.0,N,132,68,1,70.0,0.0,0.5,16.34,6.94,1.0,99.78,2.5,1.75,0.75
1,2025-01-27 15:54:28,2025-01-27 16:00:43,1.0,0.4,1.0,N,230,100,1,5.8,3.25,0.5,1.0,0.0,1.0,11.55,2.5,0.0,0.75
2,2025-01-31 13:45:04,2025-01-31 13:53:20,1.0,1.31,1.0,N,161,68,1,9.3,0.0,0.5,2.81,0.0,1.0,16.86,2.5,0.0,0.75
1,2025-01-08 21:44:24,2025-01-08 21:57:20,1.0,2.6,1.0,N,163,246,1,13.5,4.25,0.5,3.0,0.0,1.0,22.25,2.5,0.0,0.75
2,2025-01-30 16:04:28,2025-01-30 16:23:49,1.0,2.46,1.0,N,141,238,2,18.4,2.5,0.5,0.0,0.0,1.0,25.65,2.5,0.0,0.75
2,2025-01-09 17:48:54,2025-01-09 17:52:55,1.0,0.67,1.0,N,90,107,1,5.8,2.5,0.5,2.61,0.0,1.0,15.66,2.5,0.0,0.75
2,2025-01-18 22:36:49,2025-01-18 22:57:19,2.0,2.46,1.0,N,161,249,1,19.1,1.0,0.5,4.97,0.0,1.0,29.82,2.5,0.0,0.75
2,2025-01-30 12:13:34,2025-01-30 12:30:46,,1.9,,,239,162,0,-4.75,0.0,0.5,0.0,0.0,1.0,4.6,,,0.75
2,2025-01-28 17:53:35,2025-01-28 18:00:34,2.0,0.83,1.0,N,166,166,1,7.9,2.5,0.5,2.98,0.0,1.0,14.88,0.0,0.0,0.0
1,2025-01-16 14:54:10,2025-01-16 14:59:31,1.0,0.4,1.0,N,237,161,1,6.5,3.25,0.5,2.25,0.0,1.0,13.5,2.5,0.0,0.75
2,2025-01-04 17:52:14,2025-01-04 18:02:58,3.0,1.51,1.0,N,230,239,2,11.4,0.0,0.5,0.0,0.0,1.0,15.4,2.5,0.0,0.0
1,2025-01-29 18:35:33,2025-01-29 19:02:51,1.0,3.2,1.0,N,162,249,1,24.0,5.75,0.5,6.25,0.0,1.0,37.5,2.5,0.0,0.75
2,2025-01-14 19:02:14,2025-01-14 19:12:40,1.0,0.88,1.0,N,186,230,1,10.7,2.5,0.5,3.44,0.0,1.0,21.39,2.5,0.0,0.75
1,2025-01-26 16:39:38,2025-01-26 16:52:05,1.0,1.7,1.0,N,162,141,1,12.8,3.25,0.5,3.5,0.0,1.0,21.05,2.5,0.0,0.75
1,2025-01-10 08:07:45,2025-01-10 08:16:17,2.0,1.2,1.0,N,48,239,1,8.6,3.25,0.5,1.0,0.0,1.0,14.35,2.5,0.0,0.75
1,2025-01-15 14:01:06,2025-01-15 14:07:45,1.0,1.2,1.0,N,238,24,1,8.6,0.0,0.5,2.0,0.0,1.0,12.1,0.0,0.0,0.0
2,2025-01-30 07:18:27,2025-01-30 07:48:53,,5.94,,,63,89,0,32.99,0.0,0.5,0.0,0.0,1.0,34.49,,,0.0
2,2025-01-11 08:35:27,2025-01-11 08:45:02,1.0,1.69,1.0,N,141,238,1,11.4,0.0,0.5,3.5,0.0,1.0,18.9,2.5,0.0,0.0
2,2025-01-18 22:18:23,2025-01-18 22:32:58,2.0,2.02,1.0,N,230,68,1,14.9,1.0,0.5,4.13,0.0,1.0,24.78,2.5,0.0,0.75
2,2025-01-30 14:03:47,2025-01-30 14:28:29,1.0,2.94,1.0,N,229,113,1,23.3,0.0,0.5,8.41,0.0,1.0,36.46,2.5,0.0,0.75
2,2025-01-19 15:25:11,2025-01-19 15:27:37,1.0,0.64,1.0,N,163,237,1,5.1,0.0,0.5,1.97,0.0,1.0,11.82,2.5,0.0,0.75
2,2025-01-16 21:27:39,2025-01-16 21:44:52,1.0,2.61,1.0,N,186,141,1,17.0,1.0,0.5,5.0,0.0,1.0,27.75,2.5,0.0,0.75
2,2025-01-23 21:50:40,2025-01-23 22:03:34,2.0,1.86,1.0,N,43,233,1,13.5,1.0,0.5,1.92,0.0,1.0,21.17,2.5,0.0,0.75
2,2025-01-22 08:54:00,2025-01-22 08:58:00,,1.46,,,66,45,0,-4.75,0.0,0.5,0.0,0.0,1.0,6.72,,,0.75
1,2025-01-21 16:09:39,2025-01-21 16:21:28,1.0,1.6,1.0,N,238,143,1,11.4,5.0,0.5,3.55,0.0,1.0,21.45,2.5,0.0,0.0
1,2025-01-03 14:37:25,2025-01-03 14:43:41,2.0,1.7,1.0,N,161,164,1,10.7,2.5,0.5,2.9,0.0,1.0,17.6,2.5,0.0,0.0
2,2025-01-16 11:06:25,2025-01-16 11:25:39,1.0,1.82,1.0,N,113,170,1,17.7,0.0,0.5,4.49,0.0,1.0,26.94,2.5,0.0,0.75
2,2025-01-24 18:09:58,2025-01-24 18:14:07,1.0,0.78,1.0,N,170,107,1,6.5,2.5,0.5,0.0,0.0,1.0,13.75,2.5,0.0,0.75
2,2025-01-19 18:31:33,2025-01-19 18:31:46,,0.0,,,114,114,0,22.31,0.0,0.5,0.0,0.0,1.0,27.06,,,0.75
2,2025-01-13 19:39:59,2025-01-13 19:49:53,2.0,1.64,1.0,N,246,113,1,11.4,2.5,0.5,3.73,0.0,1.0,22.38,2.5,0.0,0.75
2,2025-01-31 12:59:38,2025-01-31 13:19:44,1.0,1.68,1.0,N,161,141,1,17.7,0.0,0.5,2.24,0.0,1.0,24.69,2.5,0.0,0.75
2,2025-01-02 23:00:27,2025-01-02 23:05:49,2.0,1.0,1.0,N,142,163,1,7.9,1.0,0.5,2.58,0.0,1.0,15.48,2.5,0.0,0.0
2,2025-01-28 19:44:07,2025-01-28 19:56:17,1.0,3.63,1.0,N,141,202,1,17.0,2.5,0.5,4.85,0.0,1.0,29.1,2.5,0.0,0.75
2,2025-01-10 23:40:49,2025-01-10 23:47:04,,1.61,,,162,137,0,8.29,0.0,0.5,0.0,0.0,1.0,13.04,,,0.75
2,2025-01-11 23:17:07,2025-01-11 23:22:39,1.0,0.98,1.0,N,237,237,1,7.9,1.0,0.5,2.73,0.0,1.0,16.38,2.5,0.0,0.75
2,2025-01-06 12:39:46,2025-01-06 12:55:30,1.0,1.76,1.0,N,236,161,1,15.6,0.0,0.5,5.09,0.0,1.0,25.44,2.5,0.0,0.75
2,2025-01-22 20:14:56,2025-01-22 20:36:16,1.0,5.05,1.0,N,249,112,1,26.1,1.0,0.5,6.37,0.0,1.0,38.22,2.5,0.0,0.75
2,2025-01-08 18:09:30,2025-01-08 18:15:58,1.0,1.05,1.0,N,230,50,1,7.9,2.5,0.5,2.5,0.0,1.0,17.65,2.5,0.0,0.75
2,2025-01-17 14:44:28,2025-01-17 14:57:25,1.0,2.81,1.0,N,246,13,1,15.6,0.0,0.5,4.07,0.0,1.0,24.42,2.5,0.0,0.75
2,2025-01-24 21:33:58,2025-01-24 21:42:00,2.0,1.2,1.0,N,142,50,1,9.3,1.0,0.5,2.0,0.0,1.0,17.05,2.5,0.0,0.75
2,2025-01-15 13:51:36,2025-01-15 13:51:40,1.0,0.03,5.0,N,132,132,1,87.0,0.0,0.0,5.0,0.0,1.0,93.0,0.0,0.0,0.0
2,2025-01-16 11:25:13,2025-01-16 11:34:29,1.0,1.04,1.0,N,246,164,1,10.0,0.0,0.5,2.0,0.0,1.0,16.75,2.5,0.0,0.75
1,2025-01-18 17:20:51,2025-01-18 17:32:49,1.0,2.6,1.0,N,164,236,2,13.5,3.25,0.5,0.0,0.0,1.0,18.25,2.5,0.0,0.75
2,2025-01-30 09:25:54,2025-01-30 09:32:43,1.0,1.58,1.0,N,166,116,1,10.0,0.0,0.5,2.3,0.0,1.0,13.8,0.0,0.0,0.0
2,2025-01-03 16:41:02,2025-01-03 17:52:08,1.0,20.62,2.0,N,132,163,1,70.0,5.0,0.5,17.19,6.94,1.0,103.13,2.5,0.0,0.0
2,2025-01-06 13:41:53,2025-01-06 13:51:38,1.0,1.09,1.0,N,237,236,1,10.0,0.0,0.5,2.8,0.0,1.0,16.8,2.5,0.0,0.0
2,2025-01-29 10:54:50,2025-01-29 11:08:25,,1.31,,,158,211,0,13.09,0.0,0.5,0.0,0.0,1.0,17.84,,,0.75
2,2025-01-29 10:34:08,2025-01-29 11:04:17,1.0,14.48,2.0,N,170,132,1,70.0,0.0,0.5,16.34,6.94,1.0,98.03,2.5,0.0,0.75
1,2025-01-07 10:26:03,2025-01-07 11:44:47,1.0,18.0,99.0,N,90,191,1,49.5,0.0,0.5,0.0,0.0,0.0,50.0,0.0,0.0,0.0
2,2025-01-29 20:57:06,2025-01-29 21:08:16,1.0,1.8,1.0,N,113,45,1,12.8,1.0,0.5,4.64,0.0,1.0,23.19,2.5,0.0,0.75
1,2025-01-29 09:09:17,2025-01-29 09:12:40,1.0,0.4,1.0,N,141,237,2,5.1,2.5,0.5,0.0,0.0,1.0,9.1,2.5,0.0,0.0
2,2025-01-02 15:05:54,2025-01-02 15:19:44,1.0,1.18,1.0,N,100,142,1,13.5,0.0,0.5,1.75,0.0,1.0,19.25,2.5,0.0,0.0
2,2025-01-18 15:50:40,2025-01-18 16:04:51,,1.7,,,107,158,0,-4.75,0.0,0.5,0.0,0.0,1.0,6.0,,,0.75
2,2025-01-08 11:06:53,2025-01-08 11:15:12,1.0,2.12,1.0,N,231,246,1,12.1,0.0,0.5,4.21,0.0,1.0,21.06,2.5,0.0,0.75
2,2025-01-24 18:55:31,2025-01-24 18:59:38,1.0,0.72,1.0,N,144,249,1,5.8,2.5,0.5,2.61,0.0,1.0,15.66,2.5,0.0,0.75
2,2025-01-25 21:47:34,2025-01-25 21:53:29,1.0,0.52,1.0,N,234,107,1,7.2,1.0,0.5,1.5,0.0,1.0,14.45,2.5,0.0,0.75
2,2025-01-28 17:53:00,2025-01-28 18:01:36,1.0,1.13,1.0,N,236,237,1,10.0,2.5,0.5,2.0,0.0,1.0,18.5,2.5,0.0,0.0
2,2025-01-17 11:14:28,2025-01-17 11:18:51,2.0,0.68,1.0,N,79,79,1,5.8,0.0,0.5,2.11,0.0,1.0,12.66,2.5,0.0,0.75
2,2025-01-11 14:04:17,2025-01-11 14:11:32,1.0,0.71,1.0,N,170,186,1,7.9,0.0,0.5,2.53,0.0,1.0,15.18,2.5,0.0,0.75
2,2025-01-18 01:17:27,2025-01-18 01:22:40,,1.38,,,158,68,0,8.82,0.0,0.5,0.0,0.0,1.0,13.57,,,0.75
2,2025-01-05 21:44:36,2025-01-05 21:56:00,1.0,2.72,1.0,N,114,162,1,14.9,1.0,0.5,2.0,0.0,1.0,22.65,2.5,0.0,0.75
2,2025-01-01 19:18:48,2025-01-01 19:50:29,4.0,4.29,1.0,N,261,48,1,28.9,0.0,0.5,0.0,0.0,1.0,32.9,2.5,0.0,0.0
2,2025-01-24 07:37:58,2025-01-24 08:00:58,,5.46,,,142,87,0,26.59,0.0,0.5,0.0,0.0,1.0,31.34,,,0.75
2,2025-01-08 12:29:49,2025-01-08 12:43:21,1.0,1.71,1.0,N,90,162,1,13.5,0.0,0.5,4.56,0.0,1.0,22.81,2.5,0.0,0.75
2,2025-01-14 21:36:07,2025-01-14 21:51:52,1.0,3.15,1.0,N,234,236,1,18.4,1.0,0.5,1.5,0.0,1.0,25.65,2.5,0.0,0.75
2,2025-01-14 18:54:30,2025-01-14 19:07:33,1.0,3.65,1.0,N,162,232,1,18.4,2.5,0.5,5.13,0.0,1.0,30.78,2.5,0.0,0.75
1,2025-01-20 07:04:34,2025-01-20 07:19:02,1.0,1.9,1.0,N,107,246,2,12.8,3.25,0.5,0.0,0.0,1.0,17.55,2.5,0.0,0.75
2,2025-01-12 02:33:07,2025-01-12 02:46:35,1.0,4.05,1.0,N,114,237,1,18.4,1.0,0.5,4.83,0.0,1.0,28.98,2.5,0.0,0.75
2,2025-01-22 21:13:00,2025-01-22 21:49:00,,6.37,,,231,37,0,36.41,0.0,0.5,6.17,0.0,1.0,47.33,,,0.75
2,2025-01-14 15:32:12,2025-01-14 15:32:24,1.0,0.0,1.0,N,226,226,2,3.0,0.0,0.5,0.0,0.0,1.0,4.5,0.0,0.0,0.0
2,2025-01-14 12:23:36,2025-01-14 12:27:14,1.0,0.59,1.0,N,140,237,2,5.8,0.0,0.5,0.0,0.0,1.0,9.8,2.5,0.0,0.0
2,2025-01-31 22:41:31,2025-01-31 22:59:26,,3.46,,,68,87,0,17.96,0.0,0.5,0.0,0.0,1.0,22.71,,,0.75
1,2025-01-25 12:33:01,2025-01-25 12:48:06,1.0,2.1,1.0,N,113,170,2,15.6,3.25,0.5,0.0,0.0,1.0,20.35,2.5,0.0,0.75
2,2025-01-10 14:47:07,2025-01-10 15:00:15,,1.39,,,237,236,0,10.11,0.0,0.5,0.0,0.0,1.0,14.11,,,0.0
1,2025-01-02 18:42:42,2025-01-02 18:48:24,1.0,0.8,1.0,N,238,239,1,6.5,5.0,0.5,2.6,0.0,1.0,15.6,2.5,0.0,0.0
2,2025-01-26 10:46:00,2025-01-26 11:23:52,1.0,25.4,1.0,N,138,265,1,94.0,5.0,0.5,21.84,8.68,1.0,132.77,0.0,1.75,0.0
2,2025-01-25 19:54:08,2025-01-25 20:28:38,1.0,15.54,2.0,N,219,42,1,70.0,0.0,0.5,15.69,6.94,1.0,94.13,0.0,0.0,0.0
2,2025-01-18 20:22:13,2025-01-18 21:05:26,1.0,18.54,2.0,N,132,166,1,70.0,0.0,0.5,15.69,6.94,1.0,95.88,0.0,1.75,0.0
1,2025-01-25 22:00:02,2025-01-25 22:11:30,4.0,1.4,1.0,N,186,107,1,10.0,4.25,0.5,0.0,0.0,1.0,15.75,2.5,0.0,0.75
1,2025-01-20 22:42:54,2025-01-20 22:54:36,1.0,1.9,1.0,N,68,163,1,12.1,4.25,0.5,3.5,0.0,1.0,21.35,2.5,0.0,0.75
2,2025-01-18 14:22:42,2025-01-18 14:30:16,1.0,1.4,1.0,N,237,263,1,10.0,0.0,0.5,2.8,0.0,1.0,16.8,2.5,0.0,0.0
2,2025-01-25 02:30:04,2025-01-25 02:45:58,1.0,3.83,1.0,N,68,114,1,20.5,1.0,0.5,5.25,0.0,1.0,31.5,2.5,0.0,0.75
2,2025-01-11 22:49:00,2025-01-11 23:07:33,1.0,7.2,1.0,N,132,95,2,29.6,1.0,0.5,0.0,0.0,1.0,37.1,2.5,1.75,0.75
2,2025-01-28 14:22:57,2025-01-28 14:29:42,4.0,0.71,1.0,N,170,161,2,-7.9,0.0,-0.5,0.0,0.0,-1.0,-12.65,-2.5,0.0,-0.75
1,2025-01-12 13:32:41,2025-01-12 13:37:39,1.0,0.6,1.0,N,43,43,1,6.5,3.25,0.5,2.5,0.0,1.0,13.75,2.5,0.0,0.75
2,2025-01-08 22:25:30,2025-01-08 22:30:38,1.0,0.86,1.0,N,48,142,1,7.2,1.0,0.5,2.59,0.0,1.0,15.54,2.5,0.0,0.75
2,2025-01-08 20:01:41,2025-01-08 20:21:39,1.0,9.03,1.0,N,138,151,1,36.6,6.0,0.5,5.28,6.94,1.0,58.07,0.0,1.75,0.0
2,2025-01-16 14:41:44,2025-01-16 14:46:19,2.0,0.64,1.0,N,233,162,2,-6.5,0.0,-0.5,3.38,0.0,-1.0,-7.87,-2.5,0.0,0.0
2,2025-01-16 22:03:59,2025-01-16 22:10:46,1.0,1.31,1.0,N,170,234,1,8.6,1.0,0.5,2.87,0.0,1.0,17.22,2.5,0.0,0.75
2,2025-01-28 13:50:54,2025-01-28 13:54:50,1.0,0.37,1.0,N,151,238,2,5.8,0.0,0.5,0.0,0.0,1.0,9.8,2.5,0.0,0.0
2,2025-01-24 07:26:19,2025-01-24 07:31:04,1.0,0.93,1.0,N,163,100,1,7.2,0.0,0.5,2.39,0.0,1.0,14.34,2.5,0.0,0.75
1,2025-01-27 11:54:37,2025-01-27 12:08:19,1.0,2.8,1.0,N,141,145,1,17.0,3.25,0.5,4.35,0.0,1.0,26.1,2.5,0.0,0.75
1,2025-01-01 16:54:09,2025-01-01 17:03:34,4.0,1.5,1.0,N,114,158,1,10.7,2.5,0.5,2.9,0.0,1.0,17.6,2.5,0.0,0.0
2,2025-01-17 20:38:45,2025-01-17 20:53:32,1.0,2.15,1.0,N,162,90,1,14.9,1.0,0.5,0.0,0.0,1.0,20.65,2.5,0.0,0.75
1,2025-01-01 14:15:49,2025-01-01 14:24:58,1.0,1.9,1.0,N,238,142,2,12.1,2.5,0.5,0.0,0.0,1.0,16.1,2.5,0.0,0.0
2,2025-01-02 11:28:33,2025-01-02 11:45:36,3.0,2.01,1.0,N,68,162,1,16.3,0.0,0.5,4.06,0.0,1.0,24.36,2.5,0.0,0.0
2,2025-01-15 18:20:37,2025-01-15 18:57:05,1.0,10.56,1.0,N,138,33,1,46.4,7.5,0.5,11.43,0.0,1.0,68.58,0.0,1.75,0.0
2,2025-01-15 16:18:44,2025-01-15 16:28:24,1.0,1.21,1.0,N,164,161,2,10.7,2.5,0.5,0.0,0.0,1.0,17.95,2.5,0.0,0.75
1,2025-01-02 23:55:11,2025-01-03 00:01:21,1.0,1.6,1.0,N,137,229,1,9.3,3.5,0.5,2.15,0.0,1.0,16.45,2.5,0.0,0.0
2,2025-01-14 17:07:04,2025-01-14 17:26:44,,2.16,,,170,143,0,26.44,0.0,0.5,0.0,0.0,1.0,31.19,,,0.75
2,2025-01-30 09:01:06,2025-01-30 09:12:17,1.0,1.97,1.0,N,164,249,1,12.1,0.0,0.5,2.0,0.0,1.0,18.85,2.5,0.0,0.75
2,2025-01-14 17:30:15,2025-01-14 17:37:49,1.0,1.26,1.0,N,141,262,1,8.6,2.5,0.5,3.0,0.0,1.0,18.85,2.5,0.0,0.75
1,2025-01-31 00:42:26,2025-01-31 00:47:29,1.0,0.4,1.0,N,234,234,1,5.8,4.25,0.5,2.3,0.0,1.0,13.85,2.5,0.0,0.75
1,2025-01-09 22:35:54,2025-01-09 22:56:04,1.0,4.9,1.0,N,246,65,1,22.6,4.25,0.5,0.0,0.0,1.0,28.35,2.5,0.0,0.75
2,2025-01-30 22:31:35,2025-01-30 23:00:22,1.0,8.77,1.0,N,141,106,1,38.7,1.0,0.5,8.74,0.0,1.0,52.44,2.5,0.0,0.0
2,2025-01-05 15:04:29,2025-01-05 15:09:22,1.0,0.83,1.0,N,24,238,2,-7.2,0.0,-0.5,0.0,0.0,-1.0,-11.2,-2.5,0.0,0.0
2,2025-01-01 18:33:45,2025-01-01 18:46:03,1.0,1.66,1.0,N,161,246,1,12.8,0.0,0.5,4.2,0.0,1.0,21.0,2.5,0.0,0.0
2,2025-01-24 13:56:51,2025-01-24 15:00:42,1.0,16.46,1.0,N,13,158,1,80.7,0.0,0.5,21.36,0.0,1.0,106.81,2.5,0.0,0.75
2,2025-01-12 10:51:34,2025-01-12 11:15:35,1.0,5.2,1.0,N,230,13,1,28.2,0.0,0.5,6.59,0.0,1.0,39.54,2.5,0.0,0.75
2,2025-01-31 15:05:31,2025-01-31 16:16:19,1.0,18.87,2.0,N,132,163,4,70.0,0.0,0.5,0.0,6.94,1.0,83.44,2.5,1.75,0.75
2,2025-01-13 09:11:33,2025-01-13 09:29:13,1.0,2.12,1.0,N,158,113,1,17.7,0.0,0.5,3.37,0.0,1.0,25.82,2.5,0.0,0.75
2,2025-01-02 18:48:35,2025-01-02 18:54:52,1.0,0.62,1.0,N,79,79,1,7.2,2.5,0.5,3.0,0.0,1.0,16.7,2.5,0.0,0.0
2,2025-01-18 08:57:11,2025-01-18 09:11:33,,3.63,,,41,48,0,-4.75,0.0,0.5,0.0,0.0,1.0,4.0,,,0.75
2,2025-01-14 22:24:34,2025-01-14 22:27:07,1.0,0.51,1.0,N,140,140,1,5.1,1.0,0.5,1.0,0.0,1.0,11.1,2.5,0.0,0.0
2,2025-01-15 17:02:09,2025-01-15 17:20:17,1.0,1.46,1.0,N,236,262,1,16.3,2.5,0.5,4.56,0.0,1.0,27.36,2.5,0.0,0.0
2,2025-01-18 09:41:18,2025-01-18 10:00:38,2.0,3.59,1.0,N,161,166,2,21.2,0.0,0.5,0.0,0.0,1.0,25.95,2.5,0.0,0.75
2,2025-01-14 21:12:33,2025-01-14 21:28:04,,2.66,,,79,164,0,15.8,0.0,0.5,0.0,0.0,1.0,20.55,,,0.75
2,2025-01-18 22:46:13,2025-01-18 22:59:55,2.0,3.4,1.0,N,162,145,1,17.0,1.0,0.5,4.55,0.0,1.0,27.3,2.5,0.0,0.75
1,2025-01-28 06:55:47,2025-01-28 06:58:44,1.0,0.8,1.0,Y,107,137,1,5.8,3.25,0.5,1.0,0.0,1.0,11.55,2.5,0.0,0.75
2,2025-01-29 14:06:31,2025-01-29 14:19:48,1.0,1.23,1.0,N,163,164,1,12.8,0.0,0.5,3.51,0.0,1.0,21.06,2.5,0.0,0.75
2,2025-01-14 11:53:14,2025-01-14 12:15:42,1.0,2.55,1.0,N,141,230,1,20.5,0.0,0.5,5.0,0.0,1.0,30.25,2.5,0.0,0.75
2,2025-01-01 08:06:38,2025-01-01 08:09:09,1.0,0.39,1.0,N,141,237,2,5.1,0.0,0.5,0.0,0.0,1.0,9.1,2.5,0.0,0.0
1,2025-01-01 15:12:24,2025-01-01 15:31:34,1.0,2.7,1.0,N,186,141,1,17.0,2.5,0.5,6.3,0.0,1.0,27.3,2.5,0.0,0.0
2,2025-01-10 20:47:25,2025-01-10 20:52:12,1.0,0.75,1.0,N,186,249,1,6.5,1.0,0.5,2.45,0.0,1.0,14.7,2.5,0.0,0.75
1,2025-01-20 10:40:00,2025-01-20 10:52:09,1.0,2.3,1.0,N,114,161,1,13.5,3.25,0.5,2.5,0.0,1.0,20.75,2.5,0.0,0.75
2,2025-01-19 18:54:04,2025-01-19 19:12:18,2.0,2.74,1.0,N,158,230,1,19.1,0.0,0.5,4.77,0.0,1.0,28.62,2.5,0.0,0.75
2,2025-01-04 09:52:59,2025-01-04 09:59:23,1.0,1.23,1.0,N,164,230,1,8.6,0.0,0.5,2.52,0.0,1.0,15.12,2.5,0.0,0.0
2,2025-01-25 18:54:21,2025-01-25 19:10:11,1.0,1.07,1.0,N,230,186,4,-14.2,0.0,-0.5,0.0,0.0,-1.0,-18.95,-2.5,0.0,0.0
1,2025-01-20 13:52:16,2025-01-20 14:02:54,1.0,1.3,5.0,N,164,137,1,18.0,0.75,0.0,3.95,0.0,1.0,23.7,0.0,0.0,0.75
2,2025-01-13 21:18:54,2025-01-13 21:30:45,1.0,2.21,1.0,N,230,158,1,12.8,1.0,0.5,3.71,0.0,1.0,22.26,2.5,0.0,0.75
2,2025-01-25 00:28:57,2025-01-25 00:37:33,,1.38,,,114,231,0,12.6,0.0,0.5,0.0,0.0,1.0,17.35,,,0.75
2,2025-01-04 18:20:26,2025-01-04 18:38:35,1.0,2.23,1.0,N,211,170,2,17.0,0.0,0.5,0.0,0.0,1.0,21.0,2.5,0.0,0.0
2,2025-01-13 00:26:13,2025-01-13 00:40:20,1.0,7.46,1.0,N,138,236,1,30.3,6.0,0.5,14.17,6.94,1.0,63.16,2.5,1.75,0.0
2,2025-01-11 23:42:09,2025-01-12 00:12:40,1.0,4.52,1.0,N,142,79,1,28.9,1.0,0.5,0.0,0.0,1.0,34.65,2.5,0.0,0.75
2,2025-01-25 01:46:00,2025-01-25 01:54:08,1.0,1.2,1.0,N,79,114,1,9.3,1.0,0.5,3.01,0.0,1.0,18.06,2.5,0.0,0.75
2,2025-01-07 19:50:12,2025-01-07 19:53:09,1.0,0.36,1.0,N,142,142,2,4.4,2.5,0.5,0.0,0.0,1.0,10.9,2.5,0.0,0.0
1,2025-01-30 12:30:13,2025-01-30 12:44:17,1.0,2.0,1.0,N,68,163,1,14.2,3.25,0.5,4.7,0.0,1.0,23.65,2.5,0.0,0.75
1,2025-01-22 10:39:11,2025-01-22 10:51:47,1.0,1.2,1.0,N,186,107,1,10.7,3.25,0.5,3.1,0.0,1.0,18.55,2.5,0.0,0.75
1,2025-01-25 13:26:05,2025-01-25 13:44:35,1.0,3.9,1.0,N,237,166,1,21.2,2.5,0.5,5.0,0.0,1.0,30.2,2.5,0.0,0.0
2,2025-01-23 12:59:24,2025-01-23 13:13:50,2.0,1.1,1.0,N,161,170,1,13.5,0.0,0.5,3.65,0.0,1.0,21.9,2.5,0.0,0.75
1,2025-01-22 22:16:30,2025-01-22 22:21:06,1.0,1.0,1.0,N,161,141,1,7.2,4.25,0.5,1.94,0.0,1.0,14.89,2.5,0.0,0.75
2,2025-01-22 22:10:15,2025-01-22 22:20:36,,2.36,,,48,90,0,12.89,0.0,0.5,0.0,0.0,1.0,17.64,,,0.75
1,2025-01-31 18:53:02,2025-01-31 19:40:01,0.0,18.9,2.0,N,263,132,1,70.0,7.5,0.5,17.15,6.94,1.0,103.09,2.5,0.0,0.0
2,2025-01-17 18:29:38,2025-01-17 18:46:02,3.0,1.5,1.0,N,163,48,2,14.9,2.5,0.5,0.0,0.0,1.0,22.15,2.5,0.0,0.75
1,2025-01-07 19:52:58,2025-01-07 20:00:55,1.0,0.9,1.0,N,162,141,1,7.9,5.75,0.5,3.8,0.0,1.0,18.95,2.5,0.0,0.75
2,2025-01-15 12:49:57,2025-01-15 13:02:17,1.0,1.42,1.0,N,229,236,2,12.1,0.0,0.5,0.0,0.0,1.0,16.85,2.5,0.0,0.75
2,2025-01-23 15:22:22,2025-01-23 15:34:27,,1.72,,,236,43,0,12.0,0.0,0.5,0.0,0.0,1.0,16.0,,,0.0
1,2025-01-08 07:47:58,2025-01-08 08:09:40,,0.0,,,239,140,0,18.0,0.0,0.5,3.3,0.0,1.0,27.3,,,0.0
1,2025-01-31 17:56:31,2025-01-31 18:17:21,1.0,3.9,1.0,N,231,48,1,22.6,5.75,0.5,3.0,0.0,1.0,32.85,2.5,0.0,0.75
1,2025-01-12 08:05:12,2025-01-12 08:28:04,1.0,6.8,99.0,N,196,80,1,28.5,0.0,0.5,0.0,0.0,0.0,29.0,0.0,0.0,0.0
2,2025-01-07 08:54:02,2025-01-07 08:56:45,5.0,0.53,1.0,N,236,236,1,5.1,0.0,0.5,1.82,0.0,1.0,10.92,2.5,0.0,0.0
2,2025-01-23 19:10:38,2025-01-23 19:37:13,1.0,14.09,1.0,N,138,64,1,53.4,7.5,0.5,12.83,0.0,1.0,76.98,0.0,1.75,0.0
2,2025-01-11 13:44:45,2025-01-11 13:57:35,1.0,1.46,1.0,N,186,234,1,12.8,0.0,0.5,3.51,0.0,1.0,21.06,2.5,0.0,0.75
2,2025-01-12 11:53:40,2025-01-12 12:02:34,4.0,1.13,1.0,N,186,161,2,10.0,0.0,0.5,0.0,0.0,1.0,14.75,2.5,0.0,0.75
1,2025-01-10 21:03:10,2025-01-10 21:08:25,1.0,0.8,1.0,N,141,236,1,7.2,3.5,0.5,2.0,0.0,1.0,14.2,2.5,0.0,0.0
2,2025-01-14 18:25:35,2025-01-14 18:29:32,1.0,0.65,1.0,N,141,236,1,5.8,2.5,0.5,2.0,0.0,1.0,14.3,2.5,0.0,0.0
2,2025-01-29 20:16:25,2025-01-29 20:20:14,1.0,0.95,1.0,N,238,239,1,6.5,1.0,0.5,2.3,0.0,1.0,13.8,2.5,0.0,0.0
2,2025-01-05 23:56:14,2025-01-06 00:25:20,1.0,17.26,2.0,N,132,100,2,70.0,0.0,0.5,0.0,6.94,1.0,83.44,2.5,1.75,0.75
2,2025-01-29 09:55:56,2025-01-29 10:09:49,2.0,1.15,1.0,N,230,246,1,13.5,0.0,0.5,3.65,0.0,1.0,21.9,2.5,0.0,0.75
1,2025-01-16 19:15:12,2025-01-16 19:24:30,1.0,1.4,1.0,N,43,186,1,9.3,5.75,0.5,3.3,0.0,1.0,19.85,2.5,0.0,0.75
2,2025-01-24 23:24:57,2025-01-24 23:33:31,2.0,1.69,1.0,N,249,186,1,10.7,1.0,0.5,3.29,0.0,1.0,19.74,2.5,0.0,0.75
2,2025-01-09 18:39:38,2025-01-09 18:57:46,,0.0,,,48,233,0,18.26,0.0,0.5,0.0,0.0,1.0,23.01,,,0.75
2,2025-01-22 07:39:09,2025-01-22 07:51:45,1.0,3.07,1.0,N,237,234,1,15.6,0.0,0.5,2.0,0.0,1.0,22.35,2.5,0.0,0.75
1,2025-01-25 01:29:35,2025-01-25 01:42:39,2.0,4.2,1.0,N,68,151,1,19.8,4.25,0.5,6.35,0.0,1.0,31.9,2.5,0.0,0.75
1,2025-01-15 14:04:40,2025-01-15 14:33:20,2.0,2.5,1.0,N,141,68,1,22.6,3.25,0.5,5.45,0.0,1.0,32.8,2.5,0.0,0.75
2,2025-01-15 21:31:51,2025-01-15 21:40:22,,1.59,,,170,79,0,9.46,0.0,0.5,0.0,0.0,1.0,14.21,,,0.75
2,2025-01-21 08:50:49,2025-01-21 09:00:44,1.0,1.3,1.0,N,162,234,1,10.7,0.0,0.5,2.0,0.0,1.0,17.45,2.5,0.0,0.75
1,2025-01-18 19:11:54,2025-01-18 19:23:19,1.0,1.6,1.0,N,151,142,1,11.4,2.5,0.5,3.85,0.0,1.0,19.25,2.5,0.0,0.0
2,2025-01-21 21:45:08,2025-01-21 21:53:31,,0.92,,,142,143,0,7.95,0.0,0.5,0.0,0.0,1.0,12.7,,,0.75
2,2025-01-26 01:04:10,2025-01-26 01:14:33,,1.56,,,90,224,0,12.88,0.0,0.5,0.0,0.0,1.0,17.63,,,0.75
2,2025-01-13 16:08:39,2025-01-13 16:19:34,1.0,1.01,1.0,N,236,163,1,11.4,2.5,0.5,3.58,0.0,1.0,21.48,2.5,0.0,0.0
2,2025-01-18 10:02:14,2025-01-18 10:12:25,1.0,1.5,1.0,N,164,229,1,11.4,0.0,0.5,3.23,0.0,1.0,19.38,2.5,0.0,0.75
2,2025-01-02 11:56:28,2025-01-02 12:17:41,,0.91,,,163,161,0,12.3,0.0,0.5,2.44,0.0,1.0,18.74,,,0.0
2,2025-01-27 18:58:09,2025-01-27 19:06:47,1.0,1.11,1.0,N,234,79,1,9.3,2.5,0.5,1.99,0.0,1.0,18.54,2.5,0.0,0.75
2,2025-01-29 22:32:30,2025-01-29 22:39:31,1.0,0.97,1.0,N,230,161,4,-7.9,-1.0,-0.5,0.0,0.0,-1.0,-13.65,-2.5,0.0,-0.75
2,2025-01-19 18:53:25,2025-01-19 19:02:00,,1.42,,,246,48,0,10.12,0.0,0.5,0.0,0.0,1.0,14.87,,,0.75
2,2025-01-08 18:53:58,2025-01-08 19:14:24,,0.0,,,239,146,0,34.4,0.0,0.5,7.83,0.0,1.0,46.98,,,0.75
1,2025-01-12 20:48:40,2025-01-12 20:57:42,,1.4,,,211,68,0,9.03,0.0,0.5,0.0,0.0,1.0,13.78,,,0.75
2,2025-01-21 20:05:13,2025-01-21 20:10:33,1.0,0.6,1.0,N,107,107,1,6.5,1.0,0.5,2.45,0.0,1.0,14.7,2.5,0.0,0.75
2,2025-01-30 21:50:09,2025-01-30 22:00:56,2.0,2.43,1.0,N,186,79,1,13.5,1.0,0.5,3.85,0.0,1.0,23.1,2.5,0.0,0.75
2,2025-01-21 15:33:44,2025-01-21 15:51:02,1.0,2.24,1.0,N,170,263,4,-16.3,0.0,-0.5,0.0,0.0,-1.0,-21.05,-2.5,0.0,0.0
2,2025-01-19 22:15:47,2025-01-19 22:32:10,,3.46,,,166,263,0,27.15,0.0,0.5,0.0,0.0,1.0,31.15,,,0.0
2,2025-01-09 12:20:47,2025-01-09 12:27:07,1.0,0.75,1.0,N,236,237,1,7.2,0.0,0.5,2.0,0.0,1.0,13.2,2.5,0.0,0.0
2,2025-01-10 18:44:45,2025-01-10 18:56:44,1.0,2.12,1.0,N,164,79,1,13.5,2.5,0.5,2.8,0.0,1.0,23.55,2.5,0.0,0.75
2,2025-01-24 12:36:44,2025-01-24 12:49:36,1.0,1.35,1.0,N,43,43,1,12.8,0.0,0.5,3.51,0.0,1.0,21.06,2.5,0.0,0.75
2,2025-01-30 06:54:11,2025-01-30 07:12:11,,3.65,,,107,140,0,22.55,0.0,0.5,0.0,0.0,1.0,27.3,,,0.75
2,2025-01-24 11:41:39,2025-01-24 12:04:53,3.0,8.2,1.0,N,138,229,1,35.2,5.0,0.5,10.38,6.94,1.0,64.02,2.5,1.75,0.75
1,2025-01-22 07:55:38,2025-01-22 08:05:46,1.0,1.3,1.0,N,238,236,1,10.7,2.5,0.5,2.9,0.0,1.0,17.6,2.5,0.0,0.0
1,2025-01-23 15:26:48,2025-01-23 15:36:21,3.0,1.7,1.0,N,143,238,1,10.7,2.5,0.5,2.9,0.0,1.0,17.6,2.5,0.0,0.0
1,2025-01-12 01:38:47,2025-01-12 01:53:09,1.0,5.3,1.0,N,164,87,1,22.6,4.25,0.5,2.0,0.0,1.0,30.35,2.5,0.0,0.75
2,2025-01-17 16:26:43,2025-01-17 16:39:26,,0.0,,,249,246,0,14.31,0.0,0.5,0.0,0.0,1.0,19.06,,,0.75
2,2025-01-04 11:48:44,2025-01-04 11:58:43,1.0,1.38,1.0,N,90,48,1,10.7,0.0,0.5,2.94,0.0,1.0,17.64,2.5,0.0,0.0
2,2025-01-21 08:16:29,2025-01-21 08:29:44,,1.6,,,68,170,0,12.82,0.0,0.5,0.0,0.0,1.0,17.57,,,0.75
2,2025-01-01 01:07:42,2025-01-01 01:47:05,,3.84,,,262,107,0,0.09,0.0,0.5,0.0,0.0,1.0,4.09,,,0.0
2,2025-01-16 12:31:24,2025-01-16 12:52:17,2.0,2.26,1.0,N,239,140,1,19.8,0.0,0.5,4.76,0.0,1.0,28.56,2.5,0.0,0.0
2,2025-01-24 21:14:22,2025-01-24 21:27:31,2.0,1.69,1.0,N,161,239,1,13.5,1.0,0.5,1.92,0.0,1.0,21.17,2.5,0.0,0.75
2,2025-01-03 11:46:25,2025-01-03 11:49:06,1.0,0.4,1.0,N,142,143,1,5.1,0.0,0.5,1.82,0.0,1.0,10.92,2.5,0.0,0.0
2,2025-01-29 13:22:52,2025-01-29 13:29:21,1.0,0.65,1.0,N,170,170,1,7.9,0.0,0.5,3.16,0.0,1.0,15.81,2.5,0.0,0.75
2,2025-01-27 21:21:03,2025-01-27 21:32:05,1.0,2.41,1.0,N,162,234,1,13.5,1.0,0.5,2.0,0.0,1.0,21.25,2.5,0.0,0.75
2,2025-01-18 19:59:46,2025-01-18 20:14:06,1.0,1.15,1.0,N,161,48,4,13.5,0.0,0.5,0.0,0.0,1.0,18.25,2.5,0.0,0.75
2,2025-01-04 20:18:28,2025-01-04 20:30:52,1.0,3.12,1.0,N,263,170,1,17.0,1.0,0.5,4.4,0.0,1.0,26.4,2.5,0.0,0.0
2,2025-01-12 08:29:27,2025-01-12 08:35:03,1.0,0.53,1.0,N,100,246,1,6.5,0.0,0.5,2.25,0.0,1.0,13.5,2.5,0.0,0.75
2,2025-01-24 21:14:34,2025-01-24 21:35:33,1.0,2.9,1.0,N,237,107,1,20.5,1.0,0.5,5.25,0.0,1.0,31.5,2.5,0.0,0.75
2,2025-01-15 00:07:02,2025-01-15 00:13:16,1.0,1.06,1.0,N,107,4,2,7.9,1.0,0.5,0.0,0.0,1.0,13.65,2.5,0.0,0.75
1,2025-01-17 09:34:38,2025-01-17 10:27:33,1.0,21.0,3.0,N,237,1,1,107.7,0.75,0.0,11.11,23.56,1.0,144.12,0.0,0.0,0.75
2,2025-01-18 22:54:43,2025-01-18 23:04:27,1.0,1.63,1.0,N,144,107,1,10.7,1.0,0.5,3.29,0.0,1.0,19.74,2.5,0.0,0.75
2,2025-01-30 14:58:12,2025-01-30 15:15:22,1.0,0.99,1.0,N,161,100,1,14.9,0.0,0.5,2.0,0.0,1.0,21.65,2.5,0.0,0.75
2,2025-01-19 20:39:03,2025-01-19 21:26:06,1.0,18.83,2.0,N,132,79,2,70.0,0.0,0.5,0.0,0.0,1.0,76.5,2.5,1.75,0.75
2,2025-01-23 14:21:51,2025-01-23 14:44:52,1.0,8.67,1.0,N,138,217,1,35.2,5.0,0.5,0.0,0.0,1.0,43.45,0.0,1.75,0.0
2,2025-01-11 20:47:27,2025-01-11 20:56:14,2.0,1.34,1.0,N,24,239,1,10.7,1.0,0.5,3.92,0.0,1.0,19.62,2.5,0.0,0.0
2,2025-01-28 15:07:26,2025-01-28 15:09:29,1.0,0.37,1.0,N,113,144,1,4.4,0.0,0.5,1.83,0.0,1.0,10.98,2.5,0.0,0.75
2,2025-01-28 16:04:42,2025-01-28 16:04:52,1.0,0.0,2.0,N,229,229,2,70.0,5.0,0.5,0.0,0.0,1.0,79.75,2.5,0.0,0.75
2,2025-01-26 15:48:13,2025-01-26 16:06:09,1.0,2.78,1.0,N,161,79,1,17.7,0.0,0.5,5.61,0.0,1.0,28.06,2.5,0.0,0.75
2,2025-01-01 20:49:30,2025-01-01 20:52:20,1.0,0.56,1.0,N,170,162,1,5.1,1.0,0.5,2.02,0.0,1.0,12.12,2.5,0.0,0.0
2,2025-01-10 00:23:31,2025-01-10 00:30:27,2.0,2.4,1.0,N,263,233,1,11.4,1.0,0.5,5.14,0.0,1.0,22.29,2.5,0.0,0.75
2,2025-01-29 13:18:42,2025-01-29 13:24:08,1.0,1.08,1.0,N,142,237,1,7.9,0.0,0.5,2.53,0.0,1.0,15.18,2.5,0.0,0.75
1,2025-01-11 14:12:59,2025-01-11 14:31:21,1.0,3.3,99.0,N,144,37,1,21.5,0.0,0.5,0.0,0.0,0.0,22.0,0.0,0.0,0.0
2,2025-01-02 23:15:20,2025-01-02 23:32:39,1.0,5.33,1.0,N,138,226,1,25.4,6.0,0.5,0.0,0.0,1.0,34.65,0.0,1.75,0.0
2,2025-01-30 23:19:39,2025-01-30 23:31:24,,1.6,,,100,170,0,9.57,0.0,0.5,0.0,0.0,1.0,14.32,,,0.75
2,2025-01-31 15:56:18,2025-01-31 16:11:19,1.0,2.28,1.0,N,140,75,1,14.9,0.0,0.5,3.78,0.0,1.0,22.68,2.5,0.0,0.0
2,2025-01-30 19:34:09,2025-01-30 19:44:26,,0.0,,,211,164,0,22.39,0.0,0.5,0.0,0.0,1.0,27.14,,,0.75
2,2025-01-10 16:20:52,2025-01-10 16:28:34,2.0,1.04,1.0,N,236,238,1,9.3,2.5,0.5,2.0,0.0,1.0,17.8,2.5,0.0,0.0
2,2025-01-23 10:56:09,2025-01-23 11:07:27,1.0,0.94,1.0,N,170,186,1,10.7,0.0,0.5,3.09,0.0,1.0,18.54,2.5,0.0,0.75
1,2025-01-27 17:09:19,2025-01-27 17:21:53,1.0,1.0,1.0,N,161,264,1,11.4,5.75,0.5,3.7,0.0,1.0,22.35,2.5,0.0,0.75
2,2025-01-03 08:48:56,2025-01-03 08:50:38,1.0,0.54,1.0,N,140,140,1,4.4,0.0,0.5,1.68,0.0,1.0,10.08,2.5,0.0,0.0
2,2025-01-24 09:32:36,2025-01-24 09:45:31,1.0,1.66,1.0,N,246,230,1,12.8,0.0,0.5,3.51,0.0,1.0,21.06,2.5,0.0,0.75
2,2025-01-11 01:28:45,2025-01-11 01:32:09,3.0,0.46,1.0,N,114,113,1,5.1,1.0,0.5,2.17,0.0,1.0,13.02,2.5,0.0,0.75
2,2025-01-17 23:29:01,2025-01-17 23:37:38,1.0,1.79,1.0,N,231,234,1,10.7,1.0,0.5,1.0,0.0,1.0,17.45,2.5,0.0,0.75
2,2025-01-17 11:34:56,2025-01-17 11:45:29,1.0,1.07,1.0,N,246,100,1,10.7,0.0,0.5,3.09,0.0,1.0,18.54,2.5,0.0,0.75
2,2025-01-19 08:35:01,2025-01-19 08:58:41,2.0,11.91,1.0,N,230,138,1,47.8,5.0,0.5,13.4,6.94,1.0,80.39,2.5,0.0,0.75
2,2025-01-30 11:24:46,2025-01-30 11:55:16,1.0,5.81,1.0,N,141,125,1,30.3,0.0,0.5,7.01,0.0,1.0,42.06,2.5,0.0,0.75
2,2025-01-16 20:23:28,2025-01-16 20:35:36,1.0,2.87,1.0,N,162,145,1,16.3,1.0,0.5,4.41,0.0,1.0,26.46,2.5,0.0,0.75
2,2025-01-14 15:44:07,2025-01-14 15:49:57,1.0,0.46,1.0,N,236,263,2,7.2,0.0,0.5,0.0,0.0,1.0,11.2,2.5,0.0,0.0
2,2025-01-08 11:58:09,2025-01-08 12:06:57,1.0,2.04,1.0,N,163,246,1,12.1,0.0,0.5,3.37,0.0,1.0,20.22,2.5,0.0,0.75
2,2025-01-19 23:13:48,2025-01-19 23:30:28,1.0,4.35,1.0,N,79,142,1,20.5,1.0,0.5,2.62,0.0,1.0,28.87,2.5,0.0,0.75
1,2025-01-13 12:51:51,2025-01-13 12:58:43,1.0,1.1,1.0,N,142,238,1,7.9,2.5,0.5,2.4,0.0,1.0,14.3,2.5,0.0,0.0
2,2025-01-21 18:33:41,2025-01-21 18:56:37,1.0,7.17,1.0,N,186,159,2,31.7,2.5,0.5,0.0,0.0,1.0,38.95,2.5,0.0,0.75
2,2025-01-08 09:01:51,2025-01-08 09:14:31,1.0,1.77,1.0,N,141,239,1,13.5,0.0,0.5,3.5,0.0,1.0,21.0,2.5,0.0,0.0
2,2025-01-16 15:12:36,2025-01-16 15:20:19,1.0,1.37,1.0,N,142,163,2,9.3,0.0,0.5,0.0,0.0,1.0,14.05,2.5,0.0,0.75
2,2025-01-30 12:25:54,2025-01-30 12:32:47,1.0,0.54,1.0,N,237,236,1,7.9,0.0,0.5,2.38,0.0,1.0,14.28,2.5,0.0,0.0
1,2025-01-16 21:41:25,2025-01-16 21:47:12,1.0,0.7,1.0,N,234,107,1,7.2,4.25,0.5,2.55,0.0,1.0,15.5,2.5,0.0,0.75
2,2025-01-31 17:20:01,2025-01-31 17:27:17,,0.01,,,107,79,0,8.65,0.0,0.5,0.0,0.0,1.0,13.4,,,0.75
2,2025-01-23 17:29:46,2025-01-23 17:35:30,1.0,0.77,1.0,N,238,238,1,7.9,2.5,0.5,2.88,0.0,1.0,17.28,2.5,0.0,0.0
2,2025-01-09 21:59:08,2025-01-09 22:17:36,1.0,3.05,1.0,N,162,68,1,18.4,1.0,0.5,2.0,0.0,1.0,26.15,2.5,0.0,0.75
2,2025-01-30 18:26:30,2025-01-30 18:37:41,,0.0,,,234,68,0,16.93,0.0,0.5,0.0,0.0,1.0,21.68,,,0.75
2,2025-01-23 17:35:00,2025-01-23 17:48:00,,1.28,,,100,233,0,-4.75,0.0,0.5,0.0,0.0,1.0,5.38,,,0.75
1,2025-01-29 08:48:25,2025-01-29 09:45:43,1.0,0.0,1.0,N,239,72,1,43.5,0.0,0.5,0.0,6.94,1.0,51.94,0.0,0.0,0.0
1,2025-01-08 08:17:58,2025-01-08 08:26:24,,4.1,,,233,88,0,13.88,0.0,0.5,0.0,0.0,1.0,18.63,,,0.75
2,2025-01-09 11:16:35,2025-01-09 11:38:04,1.0,2.41,1.0,N,142,236,1,20.5,0.0,0.5,5.05,0.0,1.0,30.3,2.5,0.0,0.75
2,2025-01-31 16:21:26,2025-01-31 16:23:02,2.0,0.09,1.0,N,125,125,4,3.7,2.5,0.5,0.0,0.0,1.0,10.95,2.5,0.0,0.75
2,2025-01-15 08:26:58,2025-01-15 09:55:42,3.0,17.63,2.0,N,132,48,1,70.0,0.0,0.5,5.55,6.94,1.0,88.99,2.5,1.75,0.75
2,2025-01-09 18:16:38,2025-01-09 18:19:22,1.0,0.56,1.0,N,239,238,1,5.1,2.5,0.5,2.9,0.0,1.0,14.5,2.5,0.0,0.0
2,2025-01-18 04:24:03,2025-01-18 04:52:06,2.0,16.32,2.0,N,137,132,1,70.0,0.0,0.5,8.23,6.94,1.0,89.92,2.5,0.0,0.75
2,2025-01-16 18:36:56,2025-01-16 18:54:38,,0.0,,,229,43,0,23.6,0.0,0.5,0.0,0.0,1.0,28.35,,,0.75
2,2025-01-18 12:54:08,2025-01-18 12:59:55,1.0,1.19,1.0,N,237,229,2,7.9,0.0,0.5,0.0,0.0,1.0,12.65,2.5,0.0,0.75
1,2025-01-27 15:09:41,2025-01-27 15:25:30,1.0,1.6,1.0,N,68,137,1,13.5,3.25,0.5,1.0,0.0,1.0,19.25,2.5,0.0,0.75
1,2025-01-29 09:17:07,2025-01-29 09:52:36,2.0,15.4,1.0,N,138,88,1,59.7,10.0,0.5,15.6,6.94,1.0,93.74,2.5,1.75,0.75
1,2025-01-20 12:01:47,2025-01-20 12:37:48,,15.1,,,164,132,0,55.42,0.0,0.5,0.0,6.94,1.0,67.11,,,0.75
2,2025-01-19 00:55:01,2025-01-19 01:01:29,1.0,1.21,1.0,N,137,114,1,8.6,1.0,0.5,2.87,0.0,1.0,17.22,2.5,0.0,0.75
2,2025-01-22 21:25:20,2025-01-22 21:51:31,1.0,4.07,1.0,N,164,166,1,26.1,1.0,0.5,0.0,0.0,1.0,31.85,2.5,0.0,0.75
1,2025-01-31 23:18:53,2025-01-31 23:36:07,,3.3,,,249,229,0,20.89,0.0,0.5,0.0,0.0,1.0,25.64,,,0.75
2,2025-01-25 15:07:50,2025-01-25 15:21:02,1.0,1.45,1.0,N,246,170,1,12.8,0.0,0.5,3.51,0.0,1.0,21.06,2.5,0.0,0.75
2,2025-01-01 12:38:14,2025-01-01 12:42:37,2.0,0.61,1.0,N,142,239,1,6.5,0.0,0.5,2.1,0.0,1.0,12.6,2.5,0.0,0.0
2,2025-01-11 17:24:09,2025-01-11 17:40:48,1.0,3.7,1.0,N,233,238,2,19.1,0.0,0.5,0.0,0.0,1.0,23.85,2.5,0.0,0.75
1,2025-01-30 10:59:09,2025-01-30 11:18:43,1.0,3.7,1.0,N,264,264,1,21.2,3.25,0.5,2.0,0.0,1.0,27.95,2.5,0.0,0.75
1,2025-01-04 00:15:47,2025-01-04 00:25:51,1.0,1.7,1.0,N,144,158,1,11.4,3.5,0.5,1.0,0.0,1.0,17.4,2.5,0.0,0.0
2,2025-01-11 16:40:16,2025-01-11 17:07:17,2.0,7.79,1.0,N,237,213,2,35.2,0.0,0.5,0.0,0.0,1.0,39.2,2.5,0.0,0.0
2,2025-01-19 20:22:28,2025-01-19 20:27:29,2.0,0.67,1.0,N,142,239,1,6.5,1.0,0.5,2.88,0.0,1.0,14.38,2.5,0.0,0.0
2,2025-01-28 23:48:06,2025-01-28 23:58:12,,2.19,,,114,233,0,-4.75,0.0,0.5,0.0,0.0,1.0,1.0,,,0.75
1,2025-01-21 10:49:24,2025-01-21 11:14:23,1.0,8.5,1.0,N,70,229,1,35.2,10.0,0.5,3.0,6.94,1.0,56.64,2.5,1.75,0.75
2,2025-01-09 16:45:22,2025-01-09 17:02:48,1.0,4.19,1.0,N,137,231,1,21.2,2.5,0.5,5.69,0.0,1.0,34.14,2.5,0.0,0.75
2,2025-01-23 13:20:04,2025-01-23 13:43:43,1.0,2.28,1.0,N,236,163,1,21.2,0.0,0.5,6.49,0.0,1.0,32.44,2.5,0.0,0.75
1,2025-01-13 13:05:40,2025-01-13 13:27:35,2.0,4.0,1.0,N,246,88,1,23.3,3.25,0.5,5.6,0.0,1.0,33.65,2.5,0.0,0.75
2,2025-01-14 17:44:10,2025-01-14 17:54:57,2.0,1.5,1.0,N,142,141,1,12.1,2.5,0.5,3.72,0.0,1.0,22.32,2.5,0.0,0.0
2,2025-01-12 02:24:22,2025-01-12 02:28:46,1.0,0.61,1.0,N,237,140,2,6.5,1.0,0.5,0.0,6.0,1.0,17.5,2.5,0.0,0.0
2,2025-01-21 21:30:58,2025-01-21 22:02:59,1.0,8.65,1.0,N,132,95,2,39.4,1.0,0.5,0.0,0.0,1.0,43.65,0.0,1.75,0.0
2,2025-01-08 18:34:25,2025-01-08 18:45:41,2.0,1.3,1.0,N,164,230,1,12.1,2.5,0.5,3.87,0.0,1.0,23.22,2.5,0.0,0.75
2,2025-01-18 20:09:00,2025-01-18 20:23:38,2.0,1.13,1.0,N,170,163,1,13.5,1.0,0.5,3.85,0.0,1.0,23.1,2.5,0.0,0.75
1,2025-01-07 15:17:11,2025-01-07 16:22:25,1.0,11.2,99.0,N,91,205,1,38.5,0.0,0.5,0.0,0.0,0.0,39.0,0.0,0.0,0.0
2,2025-01-06 14:12:26,2025-01-06 14:40:40,1.0,5.0,1.0,N,158,237,1,30.3,0.0,0.5,3.5,0.0,1.0,38.55,2.5,0.0,0.75
2,2025-01-28 17:01:09,2025-01-28 18:01:20,5.0,21.68,2.0,N,132,237,1,70.0,5.0,0.5,17.54,6.94,1.0,105.23,2.5,1.75,0.0
2,2025-01-11 20:59:13,2025-01-11 21:07:27,1.0,2.16,1.0,N,143,246,1,12.1,1.0,0.5,3.57,0.0,1.0,21.42,2.5,0.0,0.75
2,2025-01-27 22:17:19,2025-01-27 22:44:54,1.0,11.75,1.0,N,68,14,1,47.8,1.0,0.5,0.0,6.94,1.0,60.49,2.5,0.0,0.75
2,2025-01-16 15:25:46,2025-01-16 15:33:39,2.0,1.01,1.0,N,163,143,1,9.3,0.0,0.5,2.0,0.0,1.0,16.05,2.5,0.0,0.75
2,2025-01-09 19:47:10,2025-01-09 20:01:20,1.0,7.15,1.0,N,138,75,1,28.9,7.5,0.5,8.97,6.94,1.0,55.56,0.0,1.75,0.0
2,2025-01-30 12:23:35,2025-01-30 12:53:18,2.0,4.53,1.0,N,162,231,1,28.9,0.0,0.5,3.0,0.0,1.0,36.65,2.5,0.0,0.75
2,2025-01-09 16:24:24,2025-01-09 16:31:10,1.0,0.3,1.0,N,237,161,1,7.2,2.5,0.5,1.0,0.0,1.0,15.45,2.5,0.0,0.75
2,2025-01-16 14:13:56,2025-01-16 14:14:05,2.0,0.0,5.0,N,234,234,1,28.05,0.0,0.0,6.46,0.0,1.0,38.76,2.5,0.0,0.75
2,2025-01-24 16:47:38,2025-01-24 17:04:14,,6.33,,,243,239,0,21.95,0.0,0.5,0.0,0.0,1.0,25.95,,,0.0
2,2025-01-21 13:20:09,2025-01-21 13:29:46,1.0,0.91,1.0,N,186,164,2,10.0,0.0,0.5,0.0,0.0,1.0,14.75,2.5,0.0,0.75
2,2025-01-20 14:46:56,2025-01-20 14:58:49,1.0,1.91,1.0,N,148,113,1,13.5,0.0,0.5,3.65,0.0,1.0,21.9,2.5,0.0,0.75
1,2025-01-01 09:02:49,2025-01-01 09:35:01,1.0,10.8,1.0,N,132,121,1,44.3,1.75,0.5,10.0,0.0,1.0,57.55,0.0,1.75,0.0
1,2025-01-17 15:55:27,2025-01-17 16:12:56,1.0,2.0,1.0,N,142,238,2,13.5,3.25,0.5,0.0,0.0,1.0,18.25,2.5,0.0,0.75
1,2025-01-22 15:55:17,2025-01-22 16:04:45,1.0,0.9,1.0,N,234,170,1,10.0,3.25,0.5,2.95,0.0,1.0,17.7,2.5,0.0,0.75
2,2025-01-28 23:31:14,2025-01-28 23:53:43,1.0,11.54,1.0,N,138,142,1,45.0,6.0,0.5,12.39,6.94,1.0,76.08,2.5,1.75,0.0
2,2025-01-25 23:20:50,2025-01-25 23:26:18,1.0,1.02,1.0,N,113,234,1,7.9,1.0,0.5,2.0,0.0,1.0,15.65,2.5,0.0,0.75
1,2025-01-10 14:18:42,2025-01-10 14:26:34,1.0,0.9,1.0,N,163,170,1,7.2,3.25,0.5,2.4,0.0,1.0,14.35,2.5,0.0,0.75
2,2025-01-26 00:11:53,2025-01-26 00:23:58,2.0,2.27,1.0,N,162,79,2,13.5,1.0,0.5,0.0,0.0,1.0,19.25,2.5,0.0,0.75
2,2025-01-14 19:46:48,2025-01-14 19:53:12,1.0,1.69,1.0,N,142,238,1,9.3,2.5,0.5,3.16,0.0,1.0,18.96,2.5,0.0,0.0
2,2025-01-28 18:04:01,2025-01-28 18:12:35,1.0,1.12,1.0,N,43,237,1,9.3,2.5,0.5,4.74,0.0,1.0,20.54,2.5,0.0,0.0
2,2025-01-05 18:53:42,2025-01-05 19:00:33,1.0,0.76,1.0,N,48,68,1,7.9,0.0,0.5,2.53,0.0,1.0,15.18,2.5,0.0,0.75
2,2025-01-25 22:36:07,2025-01-25 22:49:16,,1.2,,,148,114,0,-4.75,0.0,0.5,0.0,0.0,1.0,1.0,,,0.75
2,2025-01-29 19:22:58,2025-01-29 19:37:22,1.0,2.52,1.0,N,142,236,1,16.3,2.5,0.5,4.71,0.0,1.0,28.26,2.5,0.0,0.75
2,2025-01-11 16:56:13,2025-01-11 17:13:27,1.0,0.9,1.0,N,163,230,2,14.9,0.0,0.5,0.0,0.0,1.0,19.65,2.5,0.0,0.75
2,2025-01-16 12:49:39,2025-01-16 13:07:02,1.0,7.44,1.0,N,138,75,1,31.0,5.0,0.5,8.89,6.94,1.0,55.08,0.0,1.75,0.0
2,2025-01-30 20:45:16,2025-01-30 21:00:17,,2.13,,,246,79,0,13.45,0.0,0.5,0.0,0.0,1.0,18.2,,,0.75
2,2025-01-19 17:27:28,2025-01-19 17:36:53,1.0,0.9,1.0,N,162,161,1,9.3,0.0,0.5,2.81,0.0,1.0,16.86,2.5,0.0,0.75
2,2025-01-22 21:44:32,2025-01-22 21:47:15,1.0,0.53,1.0,N,161,161,1,5.1,1.0,0.5,2.0,0.0,1.0,12.85,2.5,0.0,0.75
1,2025-01-03 00:16:19,2025-01-03 00:25:25,1.0,1.1,1.0,N,48,161,2,7.9,3.5,0.5,0.0,0.0,1.0,12.9,2.5,0.0,0.0
2,2025-01-23 23:49:17,2025-01-24 00:25:59,1.0,18.64,2.0,N,132,79,1,70.0,0.0,0.5,16.69,6.94,1.0,100.13,2.5,1.75,0.75
1,2025-01-24 22:03:41,2025-01-24 22:10:01,2.0,0.0,1.0,N,113,113,2,3.7,4.25,0.5,0.0,0.0,1.0,9.45,2.5,0.0,0.75
2,2025-01-31 17:06:32,2025-01-31 17:35:19,2.0,7.74,1.0,N,138,163,1,36.6,7.5,0.5,9.77,0.0,1.0,60.37,2.5,1.75,0.75
2,2025-01-16 19:22:10,2025-01-16 19:33:58,1.0,1.95,1.0,N,186,158,1,12.8,2.5,0.5,4.01,0.0,1.0,24.06,2.5,0.0,0.75
1,2025-01-22 17:34:05,2025-01-22 17:45:53,,1.6,,,249,246,0,11.83,0.0,0.5,0.0,0.0,1.0,16.58,,,0.75
2,2025-01-04 18:59:49,2025-01-04 19:27:24,1.0,0.53,1.0,N,216,216,2,19.1,0.0,0.5,0.0,0.0,1.0,23.1,2.5,0.0,0.0
2,2025-01-20 06:47:04,2025-01-20 07:21:38,2.0,20.07,2.0,N,239,132,1,70.0,0.0,0.5,14.0,6.94,1.0,94.94,2.5,0.0,0.0
2,2025-01-10 19:06:43,2025-01-10 19:13:35,1.0,0.56,1.0,N,164,186,1,7.9,2.5,0.5,1.0,0.0,1.0,16.15,2.5,0.0,0.75
2,2025-01-12 10:58:36,2025-01-12 11:05:56,1.0,1.24,1.0,N,238,142,2,9.3,0.0,0.5,0.0,0.0,1.0,13.3,2.5,0.0,0.0
2,2025-01-14 20:13:13,2025-01-14 20:15:32,2.0,0.88,1.0,N,141,236,1,5.8,1.0,0.5,2.31,0.0,1.0,13.86,2.5,0.0,0.75
2,2025-01-13 16:38:37,2025-01-13 16:53:45,1.0,3.55,1.0,N,230,41,1,18.4,2.5,0.5,5.13,0.0,1.0,30.78,2.5,0.0,0.75
2,2025-01-10 19:57:12,2025-01-10 20:23:00,,2.42,,,246,164,0,14.8,0.0,0.5,0.0,0.0,1.0,19.55,,,0.75
2,2025-01-24 21:04:07,2025-01-24 21:17:31,1.0,1.86,1.0,N,142,229,1,13.5,1.0,0.5,3.85,0.0,1.0,23.1,2.5,0.0,0.75
1,2025-01-19 00:02:38,2025-01-19 00:16:34,3.0,3.3,1.0,N,264,264,1,17.0,4.25,0.5,4.5,0.0,1.0,27.25,2.5,0.0,0.75
2,2025-01-26 23:58:24,2025-01-27 00:06:03,2.0,1.46,1.0,N,90,48,1,10.0,1.0,0.5,3.15,0.0,1.0,18.9,2.5,0.0,0.75
2,2025-01-07 17:25:56,2025-01-07 17:34:29,1.0,1.22,1.0,N,237,142,1,10.0,2.5,0.5,3.3,0.0,1.0,19.8,2.5,0.0,0.0
1,2025-01-08 12:24:24,2025-01-08 12:35:55,1.0,2.3,1.0,N,249,50,2,14.2,3.25,0.5,0.0,0.0,1.0,18.95,2.5,0.0,0.75
2,2025-01-06 21:20:16,2025-01-06 21:45:08,1.0,11.34,1.0,N,161,200,1,45.7,1.0,0.5,10.93,3.18,1.0,65.56,2.5,0.0,0.75
2,2025-01-07 20:15:10,2025-01-07 20:29:33,1.0,1.99,1.0,N,113,232,1,14.9,1.0,0.5,6.2,0.0,1.0,26.85,2.5,0.0,0.75
2,2025-01-01 14:16:54,2025-01-01 14:17:01,1.0,0.0,2.0,N,142,142,2,70.0,0.0,0.5,0.0,0.0,1.0,74.0,2.5,0.0,0.0
2,2025-01-15 12:07:09,2025-01-15 12:15:47,1.0,0.58,1.0,N,236,236,2,9.3,0.0,0.5,0.0,0.0,1.0,13.3,2.5,0.0,0.0
2,2025-01-31 19:03:15,2025-01-31 19:23:55,,2.19,,,161,249,0,16.58,0.0,0.5,0.0,0.0,1.0,21.33,,,0.75
2,2025-01-08 21:40:44,2025-01-08 22:00:53,1.0,7.55,1.0,N,100,223,1,32.4,1.0,0.5,9.02,6.94,1.0,54.11,2.5,0.0,0.75
2,2025-01-10 09:53:48,2025-01-10 10:14:23,1.0,6.82,1.0,N,158,166,1,31.7,0.0,0.5,7.29,0.0,1.0,43.74,2.5,0.0,0.75
1,2025-01-21 08:18:24,2025-01-21 08:26:22,1.0,1.1,1.0,N,142,230,1,9.3,3.25,0.5,2.8,0.0,1.0,16.85,2.5,0.0,0.75
2,2025-01-26 21:58:29,2025-01-26 22:21:40,1.0,10.24,1.0,N,132,39,2,42.2,1.0,0.5,0.0,0.0,1.0,46.45,0.0,1.75,0.0
2,2025-01-30 09:03:34,2025-01-30 09:12:39,2.0,1.18,1.0,N,237,140,1,10.0,0.0,0.5,1.5,0.0,1.0,15.5,2.5,0.0,0.0
1,2025-01-10 13:13:13,2025-01-10 13:26:43,1.0,1.4,1.0,N,230,246,1,12.1,3.25,0.5,3.35,0.0,1.0,20.2,2.5,0.0,0.75
2,2025-01-22 10:08:01,2025-01-22 10:35:03,1.0,4.06,1.0,N,186,232,1,27.5,0.0,0.5,6.45,0.0,1.0,38.7,2.5,0.0,0.75
1,2025-01-07 20:09:31,2025-01-07 20:36:45,1.0,11.9,1.0,N,132,80,2,45.0,2.75,0.5,0.0,0.0,1.0,49.25,0.0,1.75,0.0
2,2025-01-25 22:58:12,2025-01-25 23:07:44,,1.58,,,37,225,0,10.49,0.0,0.5,0.0,0.0,1.0,11.99,,,0.0
1,2025-01-28 14:20:47,2025-01-28 14:42:45,1.0,1.2,99.0,N,165,89,1,18.5,0.0,0.5,0.0,0.0,0.0,19.0,0.0,0.0,0.0
1,2025-01-10 14:16:42,2025-01-10 14:18:16,1.0,0.0,5.0,N,186,68,1,33.0,0.75,0.0,6.95,0.0,1.0,41.7,0.0,0.0,0.75
2,2025-01-09 23:11:10,2025-01-09 23:21:52,1.0,2.69,1.0,N,148,162,1,14.2,1.0,0.5,3.99,0.0,1.0,23.94,2.5,0.0,0.75
2,2025-01-04 01:16:08,2025-01-04 01:24:28,1.0,2.6,1.0,N,141,74,2,12.8,1.0,0.5,0.0,0.0,1.0,17.8,2.5,0.0,0.0
1,2025-01-26 13:09:26,2025-01-26 13:28:53,1.0,0.5,1.0,N,164,68,1,15.6,3.25,0.5,4.05,0.0,1.0,24.4,2.5,0.0,0.75
2,2025-01-16 22:42:47,2025-01-16 23:04:02,1.0,4.23,1.0,N,162,112,1,24.7,1.0,0.5,6.09,0.0,1.0,36.54,2.5,0.0,0.75
1,2025-01-30 05:44:56,2025-01-30 06:22:17,1.0,17.1,2.0,N,132,234,1,70.0,5.0,0.5,14.0,6.94,1.0,97.44,2.5,1.75,0.75
2,2025-01-01 20:10:45,2025-01-01 20:31:11,3.0,2.28,1.0,N,68,230,1,18.4,1.0,0.5,0.0,0.0,1.0,23.4,2.5,0.0,0.0
2,2025-01-11 02:18:03,2025-01-11 02:26:51,4.0,0.97,1.0,N,161,230,1,9.3,1.0,0.5,1.0,0.0,1.0,16.05,2.5,0.0,0.75
2,2025-01-16 08:16:33,2025-01-16 08:26:32,1.0,1.85,1.0,N,236,161,1,11.4,0.0,0.5,1.94,0.0,1.0,18.09,2.5,0.0,0.75
2,2025-01-12 14:58:46,2025-01-12 15:06:31,5.0,1.67,1.0,N,50,163,1,10.0,0.0,0.5,2.95,0.0,1.0,17.7,2.5,0.0,0.75
2,2025-01-11 23:04:12,2025-01-11 23:11:43,4.0,1.13,1.0,N,113,211,1,8.6,1.0,0.5,1.0,0.0,1.0,15.35,2.5,0.0,0.75
2,2025-01-17 22:47:49,2025-01-17 23:05:08,3.0,2.66,1.0,N,68,87,1,17.0,1.0,0.5,5.0,0.0,1.0,27.75,2.5,0.0,0.75
2,2025-01-01 12:03:40,2025-01-01 12:43:46,2.0,28.75,4.0,N,132,191,1,150.7,0.0,0.5,30.44,0.0,1.0,184.39,0.0,1.75,0.0
2,2025-01-11 11:32:17,2025-01-11 11:37:11,2.0,0.73,1.0,N,79,114,1,6.5,0.0,0.5,2.81,0.0,1.0,14.06,2.5,0.0,0.75
2,2025-01-23 22:41:41,2025-01-23 22:49:37,2.0,1.9,1.0,N,142,236,2,10.7,1.0,0.5,0.0,0.0,1.0,15.7,2.5,0.0,0.0
2,2025-01-20 14:41:31,2025-01-20 14:41:44,1.0,0.03,2.0,N,68,68,2,70.0,0.0,0.5,0.0,0.0,1.0,74.75,2.5,0.0,0.75
1,2025-01-23 09:26:18,2025-01-23 09:36:28,1.0,0.8,1.0,N,162,237,2,10.0,3.25,0.5,0.0,0.0,1.0,14.75,2.5,0.0,0.75
2,2025-01-15 20:21:16,2025-01-15 20:33:30,2.0,2.13,1.0,N,233,113,1,13.5,1.0,0.5,3.85,0.0,1.0,23.1,2.5,0.0,0.75
2,2025-01-12 18:46:39,2025-01-12 19:03:39,,7.12,,,196,137,0,24.81,0.0,0.5,0.0,6.94,1.0,36.5,,,0.75
2,2025-01-07 18:50:58,2025-01-07 18:59:41,1.0,1.2,1.0,N,234,170,1,10.0,2.5,0.5,3.45,0.0,1.0,20.7,2.5,0.0,0.75
2,2025-01-26 15:44:54,2025-01-26 16:07:04,2.0,2.95,1.0,N,68,79,1,20.5,0.0,0.5,5.05,0.0,1.0,30.3,2.5,0.0,0.75
2,2025-01-16 15:41:37,2025-01-16 16:33:36,1.0,19.34,1.0,N,132,26,1,79.3,0.0,0.5,20.2,0.0,1.0,102.75,0.0,1.75,0.0
2,2025-01-14 17:21:24,2025-01-14 17:33:45,1.0,1.58,1.0,N,75,262,1,12.8,2.5,0.5,3.86,0.0,1.0,23.16,2.5,0.0,0.0
2,2025-01-14 18:38:48,2025-01-14 18:48:06,1.0,1.2,1.0,N,144,231,1,10.0,2.5,0.5,5.17,0.0,1.0,22.42,2.5,0.0,0.75
2,2025-01-06 18:01:21,2025-01-06 18:11:12,2.0,1.21,1.0,N,163,161,1,10.0,2.5,0.5,3.45,0.0,1.0,20.7,2.5,0.0,0.75
1,2025-01-29 18:56:59,2025-01-29 19:22:09,,3.4,,,262,234,0,22.94,0.0,0.5,0.0,0.0,1.0,27.69,,,0.75
2,2025-01-25 00:31:12,2025-01-25 00:44:02,,1.73,,,249,4,0,15.97,0.0,0.5,0.0,0.0,1.0,20.72,,,0.75
2,2025-01-18 20:30:57,2025-01-18 20:36:46,,0.79,,,74,41,0,5.0,0.0,0.5,0.0,0.0,1.0,6.5,,,0.0
2,2025-01-12 19:26:13,2025-01-12 19:40:40,4.0,1.43,1.0,N,230,186,1,13.5,0.0,0.5,3.65,0.0,1.0,21.9,2.5,0.0,0.75
2,2025-01-07 19:46:04,2025-01-07 19:59:09,,2.32,,,239,262,0,-4.0,0.0,0.5,0.0,0.0,1.0,3.27,,,0.0
2,2025-01-26 11:08:25,2025-01-26 11:18:10,,1.74,,,107,90,0,13.58,0.0,0.5,3.67,0.0,1.0,22.0,,,0.75
2,2025-01-06 20:34:23,2025-01-06 20:50:40,1.0,2.77,1.0,N,161,114,2,17.0,1.0,0.5,0.0,0.0,1.0,22.75,2.5,0.0,0.75
2,2025-01-19 02:29:25,2025-01-19 02:31:47,1.0,0.19,1.0,N,230,230,1,4.4,1.0,0.5,1.0,0.0,1.0,11.15,2.5,0.0,0.75
2,2025-01-15 09:18:58,2025-01-15 09:28:23,1.0,0.97,1.0,N,186,234,1,10.0,0.0,0.5,0.0,0.0,1.0,14.75,2.5,0.0,0.75
2,2025-01-04 21:09:54,2025-01-04 21:14:51,1.0,0.62,1.0,N,239,143,1,6.5,1.0,0.5,2.3,0.0,1.0,13.8,2.5,0.0,0.0
2,2025-01-24 22:17:58,2025-01-24 22:21:03,1.0,0.51,1.0,N,237,237,1,5.8,1.0,0.5,2.16,0.0,1.0,12.96,2.5,0.0,0.0
2,2025-01-08 09:23:13,2025-01-08 09:37:16,1.0,1.12,1.0,N,170,230,1,12.8,0.0,0.5,2.0,0.0,1.0,19.55,2.5,0.0,0.75
1,2025-01-14 18:48:42,2025-01-14 19:03:58,1.0,2.1,1.0,N,164,237,1,15.6,5.75,0.5,1.0,0.0,1.0,23.85,2.5,0.0,0.75
2,2025-01-14 18:49:09,2025-01-14 19:04:47,1.0,2.47,1.0,N,162,249,1,15.6,2.5,0.5,5.71,0.0,1.0,28.56,2.5,0.0,0.75
2,2025-01-11 19:04:06,2025-01-11 19:45:25,1.0,18.6,2.0,N,132,249,2,70.0,0.0,0.5,0.0,6.94,1.0,83.44,2.5,1.75,0.75
2,2025-01-26 21:55:51,2025-01-26 22:15:10,,5.09,,,113,141,0,24.06,0.0,0.5,0.0,0.0,1.0,28.81,,,0.75
2,2025-01-27 15:03:10,2025-01-27 15:15:25,1.0,1.89,1.0,N,68,50,2,12.8,0.0,0.5,0.0,0.0,1.0,17.55,2.5,0.0,0.75
2,2025-01-30 09:27:07,2025-01-30 09:36:57,1.0,0.54,1.0,N,161,229,1,10.0,0.0,0.5,1.0,0.0,1.0,15.75,2.5,0.0,0.75
2,2025-01-13 09:11:10,2025-01-13 09:23:36,1.0,2.21,1.0,N,141,75,1,13.5,0.0,0.5,1.75,0.0,1.0,19.25,2.5,0.0,0.0
2,2025-01-26 20:45:30,2025-01-26 20:57:03,1.0,2.75,1.0,N,158,142,1,14.9,0.0,0.5,3.0,0.0,1.0,22.65,2.5,0.0,0.75
2,2025-01-02 07:41:05,2025-01-02 07:51:58,1.0,3.09,1.0,N,236,234,1,15.6,0.0,0.5,2.94,0.0,1.0,22.54,2.5,0.0,0.0
1,2025-01-30 11:56:12,2025-01-30 12:00:45,1.0,0.5,1.0,N,236,236,1,5.8,2.5,0.5,1.96,0.0,1.0,11.76,2.5,0.0,0.0
2,2025-01-26 02:24:22,2025-01-26 02:53:09,,3.71,,,164,211,0,16.08,0.0,0.5,0.0,0.0,1.0,20.83,,,0.75
2,2025-01-25 11:15:26,2025-01-25 11:24:30,1.0,1.63,1.0,N,161,142,1,10.7,0.0,0.5,3.86,0.0,1.0,19.31,2.5,0.0,0.75
2,2025-01-26 19:50:59,2025-01-26 20:05:30,1.0,3.8,1.0,N,236,107,1,18.4,0.0,0.5,4.63,0.0,1.0,27.78,2.5,0.0,0.75
2,2025-01-11 17:44:53,2025-01-11 18:09:31,,2.21,,,113,163,0,25.17,0.0,0.5,0.0,0.0,1.0,29.92,,,0.75
1,2025-01-05 20:42:53,2025-01-05 20:55:52,1.0,1.4,1.0,N,186,48,2,12.8,4.25,0.5,0.0,0.0,1.0,18.55,2.5,0.0,0.75
2,2025-01-22 09:14:44,2025-01-22 09:40:29,,2.89,,,114,142,0,-4.75,0.0,0.5,0.0,0.0,1.0,6.92,,,0.75
2,2025-01-24 13:35:23,2025-01-24 13:55:09,1.0,2.96,1.0,N,170,239,1,19.8,0.0,0.5,4.91,0.0,1.0,29.46,2.5,0.0,0.75
2,2025-01-28 20:36:12,2025-01-28 20:53:26,,3.36,,,230,231,0,-4.75,0.0,0.5,0.0,0.0,1.0,3.54,,,0.75
2,2025-01-29 17:04:59,2025-01-29 17:40:10,1.0,10.81,5.0,N,138,113,2,60.0,5.0,0.0,0.0,0.0,1.0,71.0,2.5,1.75,0.75
1,2025-01-19 19:32:37,2025-01-19 19:40:13,1.0,0.9,1.0,N,125,249,2,7.2,3.25,0.5,0.0,0.0,1.0,11.95,2.5,0.0,0.75
1,2025-01-08 14:45:08,2025-01-08 14:45:08,1.0,0.0,1.0,N,263,264,2,3.0,2.5,0.5,0.0,0.0,1.0,7.0,2.5,0.0,0.0
2,2025-01-20 18:01:01,2025-01-20 18:08:15,1.0,1.11,1.0,N,100,163,1,8.6,0.0,0.5,0.0,0.0,1.0,13.35,2.5,0.0,0.75
2,2025-01-03 13:53:40,2025-01-03 14:20:44,3.0,6.55,1.0,N,239,148,1,31.7,0.0,0.5,7.14,0.0,1.0,42.84,2.5,0.0,0.0
2,2025-01-16 23:42:38,2025-01-16 23:59:34,1.0,9.29,1.0,N,138,237,2,36.6,6.0,0.5,0.0,6.94,1.0,55.29,2.5,1.75,0.0
2,2025-01-18 23:22:09,2025-01-18 23:39:03,,3.37,,,144,48,0,16.97,0.0,0.5,0.0,0.0,1.0,21.72,,,0.75
2,2025-01-19 10:34:53,2025-01-19 10:49:35,1.0,3.41,1.0,N,231,68,3,17.7,0.0,0.5,0.0,0.0,1.0,22.45,2.5,0.0,0.75
2,2025-01-20 19:22:42,2025-01-20 20:12:22,1.0,21.68,2.0,N,132,143,1,70.0,0.0,0.5,16.19,6.94,1.0,98.88,2.5,1.75,0.0
1,2025-01-05 09:00:26,2025-01-05 09:08:44,1.0,2.0,1.0,N,237,239,1,11.4,2.5,0.5,4.0,0.0,1.0,19.4,2.5,0.0,0.0
2,2025-01-20 15:32:54,2025-01-20 15:38:24,,0.92,,,230,162,0,-4.75,0.0,0.5,0.0,0.0,1.0,3.0,,,0.75
2,2025-01-24 18:45:17,2025-01-24 18:51:46,1.0,1.41,1.0,N,97,106,1,9.3,2.5,0.5,3.99,0.0,1.0,17.29,0.0,0.0,0.0
2,2025-01-12 11:40:24,2025-01-12 11:46:53,1.0,1.22,1.0,N,186,107,1,8.6,0.0,0.5,2.67,0.0,1.0,16.02,2.5,0.0,0.75
1,2025-01-15 13:49:18,2025-01-15 14:46:49,1.0,18.9,2.0,N,24,132,1,70.0,0.0,0.5,15.7,6.94,1.0,94.14,0.0,0.0,0.0
2,2025-01-16 17:53:19,2025-01-16 18:04:54,,0.0,,,239,48,0,17.47,0.0,0.5,0.0,0.0,1.0,22.22,,,0.75
2,2025-01-23 08:10:15,2025-01-23 08:40:14,2.0,3.34,1.0,N,233,75,1,26.8,0.0,0.5,7.89,0.0,1.0,39.44,2.5,0.0,0.75
2,2025-01-04 13:05:55,2025-01-04 13:13:24,1.0,0.77,1.0,N,236,262,1,8.6,0.0,0.5,2.52,0.0,1.0,15.12,2.5,0.0,0.0
2,2025-01-24 19:47:31,2025-01-24 19:59:37,2.0,1.7,5.0,N,148,107,1,23.0,0.0,0.0,0.0,0.0,1.0,27.25,2.5,0.0,0.75
2,2025-01-24 15:39:29,2025-01-24 16:33:57,1.0,17.53,2.0,N,236,132,1,70.0,0.0,0.5,16.19,6.94,1.0,97.13,2.5,0.0,0.0
2,2025-01-10 16:38:11,2025-01-10 16:43:07,2.0,0.93,1.0,N,238,43,1,7.9,2.5,0.5,2.88,0.0,1.0,17.28,2.5,0.0,0.0
2,2025-01-26 18:57:19,2025-01-26 19:15:08,1.0,4.17,1.0,N,140,249,1,21.2,0.0,0.5,5.19,0.0,1.0,31.14,2.5,0.0,0.75
2,2025-01-23 21:22:44,2025-01-23 21:32:10,,1.32,,,246,234,0,8.03,0.0,0.5,0.0,0.0,1.0,12.78,,,0.75
1,2025-01-09 19:17:52,2025-01-09 19:28:05,1.0,1.5,1.0,N,239,262,1,10.0,5.0,0.5,4.12,0.0,1.0,20.62,2.5,0.0,0.0
2,2025-01-14 18:46:42,2025-01-14 18:52:05,1.0,0.84,1.0,N,237,162,1,7.2,2.5,0.5,3.61,0.0,1.0,18.06,2.5,0.0,0.75
1,2025-01-15 15:38:38,2025-01-15 15:49:27,2.0,1.6,1.0,N,107,229,1,10.7,3.25,0.5,3.1,0.0,1.0,18.55,2.5,0.0,0.75
2,2025-01-24 16:54:36,2025-01-24 17:15:32,1.0,3.03,1.0,N,162,43,1,19.8,2.5,0.5,5.41,0.0,1.0,32.46,2.5,0.0,0.75
2,2025-01-05 22:05:28,2025-01-05 22:20:55,1.0,3.05,1.0,N,48,231,2,17.0,1.0,0.5,0.0,0.0,1.0,22.75,2.5,0.0,0.75
2,2025-01-31 17:25:26,2025-01-31 17:44:54,1.0,1.47,1.0,N,162,90,1,17.0,2.5,0.5,4.85,0.0,1.0,29.1,2.5,0.0,0.75
2,2025-01-23 19:56:24,2025-01-23 19:59:10,2.0,0.5,1.0,N,141,237,1,5.1,2.5,0.5,2.32,0.0,1.0,13.92,2.5,0.0,0.0
2,2025-01-02 07:51:36,2025-01-02 07:55:34,1.0,1.42,1.0,N,236,237,1,7.9,0.0,0.5,2.38,0.0,1.0,14.28,2.5,0.0,0.0
2,2025-01-25 12:39:34,2025-01-25 13:03:05,2.0,3.13,1.0,N,236,186,1,22.6,0.0,0.5,5.47,0.0,1.0,32.82,2.5,0.0,0.75
2,2025-01-03 14:01:39,2025-01-03 14:06:41,1.0,0.45,1.0,N,234,186,1,6.5,0.0,0.5,2.1,0.0,1.0,12.6,2.5,0.0,0.0
2,2025-01-06 20:12:34,2025-01-06 20:50:24,3.0,18.9,3.0,N,237,1,1,93.7,1.0,0.0,15.0,17.56,1.0,129.01,0.0,0.0,0.75
2,2025-01-19 21:40:12,2025-01-19 21:52:30,,1.97,,,224,211,0,17.69,0.0,0.5,0.0,0.0,1.0,22.44,,,0.75
1,2025-01-14 18:25:20,2025-01-14 18:35:02,1.0,1.0,1.0,N,107,90,1,10.7,5.75,0.5,4.45,0.0,1.0,22.4,2.5,0.0,0.75
2,2025-01-23 15:55:46,2025-01-23 16:01:46,1.0,0.6,1.0,N,161,163,1,7.2,0.0,0.5,2.39,0.0,1.0,14.34,2.5,0.0,0.75
2,2025-01-01 05:17:31,2025-01-01 05:39:50,,10.54,,,76,92,0,-0.26,0.0,0.5,0.0,0.0,1.0,1.24,,,0.0
2,2025-01-19 00:34:05,2025-01-19 00:47:00,,2.98,,,79,141,0,-4.75,0.0,0.5,0.0,0.0,1.0,3.96,,,0.75
1,2025-01-13 09:03:39,2025-01-13 09:16:36,1.0,3.3,1.0,N,140,107,1,17.0,3.25,0.5,4.35,0.0,1.0,26.1,2.5,0.0,0.75
2,2025-01-21 09:00:39,2025-01-21 09:11:12,1.0,2.01,1.0,N,107,229,2,12.8,0.0,0.5,0.0,0.0,1.0,17.55,2.5,0.0,0.75
1,2025-01-03 13:00:56,2025-01-03 13:06:49,1.0,1.0,1.0,N,237,236,2,7.9,2.5,0.5,0.0,0.0,1.0,11.9,2.5,0.0,0.0
2,2025-01-15 12:14:05,2025-01-15 12:37:46,2.0,2.89,1.0,N,231,164,1,21.2,0.0,0.5,3.0,0.0,1.0,28.95,2.5,0.0,0.75
2,2025-01-01 03:15:32,2025-01-01 03:37:45,,9.93,,,239,138,0,38.1,0.0,0.5,7.36,6.94,1.0,56.4,,,0.0
2,2025-01-27 16:55:00,2025-01-27 17:10:54,1.0,1.58,1.0,N,107,186,1,14.9,2.5,0.5,3.0,0.0,1.0,25.15,2.5,0.0,0.75
1,2025-01-17 18:35:01,2025-01-17 18:44:29,1.0,1.4,1.0,N,141,163,1,10.0,5.75,0.5,3.45,0.0,1.0,20.7,2.5,0.0,0.75
2,2025-01-19 22:58:33,2025-01-19 23:21:51,2.0,8.99,1.0,N,246,133,1,37.3,1.0,0.5,9.0,6.94,1.0,58.99,2.5,0.0,0.75
2,2025-01-15 20:18:25,2025-01-15 20:26:31,2.0,1.77,1.0,N,161,236,1,10.7,1.0,0.5,3.29,0.0,1.0,19.74,2.5,0.0,0.75
2,2025-01-27 09:27:13,2025-01-27 09:46:08,,2.27,,,246,230,0,17.3,0.0,0.5,0.0,0.0,1.0,22.05,,,0.75
2,2025-01-13 15:02:21,2025-01-13 15:16:15,1.0,2.24,1.0,N,238,263,1,14.9,0.0,0.5,2.5,0.0,1.0,21.4,2.5,0.0,0.0
2,2025-01-29 13:46:02,2025-01-29 14:08:11,1.0,1.75,1.0,N,140,163,1,19.1,0.0,0.5,7.16,0.0,1.0,31.01,2.5,0.0,0.75
1,2025-01-29 16:28:12,2025-01-29 16:34:06,1.0,0.6,1.0,N,161,237,1,6.5,5.75,0.5,2.75,0.0,1.0,16.5,2.5,0.0,0.75
2,2025-01-06 15:23:55,2025-01-06 15:38:07,1.0,2.42,1.0,N,237,234,1,15.6,0.0,0.5,1.5,0.0,1.0,21.85,2.5,0.0,0.75
2,2025-01-16 22:35:39,2025-01-16 22:49:01,,2.7,,,231,107,0,18.13,0.0,0.5,0.0,0.0,1.0,22.88,,,0.75
2,2025-01-15 20:47:56,2025-01-15 21:06:11,1.0,3.73,1.0,N,236,246,1,20.5,1.0,0.5,4.72,0.0,1.0,30.97,2.5,0.0,0.75
2,2025-01-19 14:45:53,2025-01-19 15:00:51,,1.88,,,164,114,0,9.91,0.0,0.5,0.0,0.0,1.0,14.66,,,0.75
2,2025-01-30 22:14:22,2025-01-30 22:47:28,1.0,9.38,1.0,N,231,42,1,43.6,1.0,0.5,9.87,0.0,1.0,59.22,2.5,0.0,0.75
2,2025-01-19 20:15:02,2025-01-19 20:36:21,,4.14,,,180,215,0,26.92,0.0,0.5,0.0,0.0,1.0,28.42,,,0.0
2,2025-01-14 14:28:52,2025-01-14 14:39:37,1.0,1.87,1.0,N,246,143,1,12.1,0.0,0.5,1.68,0.0,1.0,18.53,2.5,0.0,0.75
2,2025-01-02 20:54:13,2025-01-02 21:03:35,2.0,0.87,1.0,N,186,230,1,10.0,1.0,0.5,3.0,0.0,1.0,18.0,2.5,0.0,0.0
2,2025-01-15 00:18:55,2025-01-15 00:27:09,1.0,2.36,1.0,N,68,231,1,11.4,1.0,0.5,2.57,0.0,1.0,19.72,2.5,0.0,0.75
1,2025-01-23 10:59:22,2025-01-23 11:14:03,1.0,2.2,1.0,N,141,239,1,13.5,2.5,0.5,3.5,0.0,1.0,21.0,2.5,0.0,0.0
2,2025-01-07 22:15:36,2025-01-07 22:26:20,2.0,2.04,1.0,N,161,141,1,12.8,1.0,0.5,3.71,0.0,1.0,22.26,2.5,0.0,0.75
2,2025-01-11 22:38:51,2025-01-11 22:56:34,1.0,4.6,1.0,N,48,42,1,21.9,1.0,0.5,1.0,0.0,1.0,28.65,2.5,0.0,0.75
2,2025-01-26 13:03:10,2025-01-26 13:14:22,1.0,1.26,1.0,N,262,140,2,12.1,0.0,0.5,0.0,0.0,1.0,16.1,2.5,0.0,0.0
2,2025-01-26 16:05:35,2025-01-26 16:17:57,1.0,1.64,1.0,N,107,144,1,12.8,0.0,0.5,1.0,0.0,1.0,18.55,2.5,0.0,0.75
2,2025-01-25 02:21:29,2025-01-25 02:46:10,,7.75,,,148,238,0,31.82,0.0,0.5,0.0,0.0,1.0,36.57,,,0.75
2,2025-01-09 15:21:55,2025-01-09 15:40:08,,2.7,,,142,151,0,16.22,0.0,0.5,0.0,0.0,1.0,20.97,,,0.75
2,2025-01-22 21:01:21,2025-01-22 21:15:58,1.0,2.28,1.0,N,163,107,1,15.6,1.0,0.5,2.0,0.0,1.0,23.35,2.5,0.0,0.75
2,2025-01-08 14:26:59,2025-01-08 15:02:07,1.0,4.31,1.0,N,68,236,1,31.7,0.0,0.5,7.29,0.0,1.0,43.74,2.5,0.0,0.75
2,2025-01-03 17:17:05,2025-01-03 17:26:49,2.0,1.27,1.0,N,43,262,1,10.0,2.5,0.5,3.3,0.0,1.0,19.8,2.5,0.0,0.0
2,2025-01-20 06:43:13,2025-01-20 06:53:29,,3.58,,,263,137,0,15.1,0.0,0.5,0.0,0.0,1.0,19.85,,,0.75
2,2025-01-15 12:35:41,2025-01-15 12:50:04,4.0,1.91,1.0,N,170,79,2,14.2,0.0,0.5,0.0,0.0,1.0,18.95,2.5,0.0,0.75
2,2025-01-04 14:33:58,2025-01-04 14:42:23,4.0,1.05,1.0,N,231,12,1,9.3,0.0,0.5,2.66,0.0,1.0,15.96,2.5,0.0,0.0
2,2025-01-03 19:29:47,2025-01-03 19:33:25,2.0,0.31,1.0,N,163,142,1,5.1,2.5,0.5,2.32,0.0,1.0,13.92,2.5,0.0,0.0
1,2025-01-09 18:51:56,2025-01-09 19:14:41,1.0,11.6,1.0,N,132,226,2,44.3,4.25,0.5,0.0,0.0,1.0,50.05,0.0,1.75,0.0
2,2025-01-23 18:13:30,2025-01-23 18:18:23,1.0,0.53,1.0,N,236,263,2,6.5,2.5,0.5,0.0,0.0,1.0,13.0,2.5,0.0,0.0
1,2025-01-10 05:04:08,2025-01-10 05:47:40,1.0,14.0,99.0,N,81,137,1,46.5,0.0,0.5,0.0,6.94,0.0,53.94,0.0,0.0,0.0
1,2025-01-16 17:37:04,2025-01-16 17:50:20,1.0,1.5,1.0,N,107,249,1,12.8,5.75,0.5,4.01,0.0,1.0,24.06,2.5,0.0,0.75
1,2025-01-08 09:13:43,2025-01-08 09:29:14,1.0,2.1,1.0,N,236,162,1,14.9,3.25,0.5,3.93,0.0,1.0,23.58,2.5,0.0,0.75
2,2025-01-16 20:58:52,2025-01-16 21:07:32,1.0,1.08,1.0,N,249,107,1,9.3,1.0,0.5,2.0,0.0,1.0,17.05,2.5,0.0,0.75
1,2025-01-09 18:22:12,2025-01-09 18:36:38,1.0,1.5,1.0,N,142,230,1,12.1,5.75,0.5,3.85,0.0,1.0,23.2,2.5,0.0,0.75
1,2025-01-26 16:03:18,2025-01-26 16:16:34,1.0,1.9,1.0,N,114,230,1,12.8,3.25,0.5,0.0,0.0,1.0,17.55,2.5,0.0,0.75
2,2025-01-22 12:41:44,2025-01-22 12:49:47,1.0,0.71,1.0,N,237,141,2,8.6,0.0,0.5,0.0,0.0,1.0,12.6,2.5,0.0,0.0
2,2025-01-11 13:32:23,2025-01-11 13:54:12,1.0,2.19,1.0,N,230,158,1,19.8,0.0,0.5,4.91,0.0,1.0,29.46,2.5,0.0,0.75
1,2025-01-19 23:38:42,2025-01-19 23:54:32,1.0,5.6,1.0,N,138,95,1,24.0,7.75,0.5,5.0,0.0,1.0,38.25,0.0,1.75,0.0
2,2025-01-03 15:13:49,2025-01-03 15:32:23,1.0,4.47,1.0,N,263,234,1,22.6,0.0,0.5,5.32,0.0,1.0,31.92,2.5,0.0,0.0
1,2025-01-02 08:18:56,2025-01-02 08:25:39,1.0,0.8,1.0,N,142,162,1,6.5,2.5,0.5,2.1,0.0,1.0,12.6,2.5,0.0,0.0
2,2025-01-12 04:32:59,2025-01-12 04:38:42,,1.27,,,246,90,0,-4.75,0.0,0.5,0.0,0.0,1.0,1.0,,,0.75
2,2025-01-19 00:39:03,2025-01-19 00:51:28,,2.38,,,249,87,0,15.62,0.0,0.5,0.0,0.0,1.0,20.37,,,0.75
2,2025-01-21 19:07:37,2025-01-21 19:30:15,1.0,3.56,1.0,N,164,262,1,22.6,2.5,0.5,8.96,0.0,1.0,38.81,2.5,0.0,0.75
2,2025-01-12 11:16:48,2025-01-12 11:25:24,2.0,1.43,1.0,N,163,186,1,10.0,0.0,0.5,3.69,0.0,1.0,18.44,2.5,0.0,0.75
2,2025-01-11 06:11:56,2025-01-11 06:32:20,,5.47,,,79,36,0,27.19,0.0,0.5,3.19,0.0,1.0,35.13,,,0.75
2,2025-01-13 09:16:49,2025-01-13 09:30:12,2.0,2.54,1.0,N,237,48,1,14.9,0.0,0.5,2.95,0.0,1.0,22.6,2.5,0.0,0.75
1,2025-01-06 12:54:44,2025-01-06 13:28:18,1.0,10.9,1.0,N,230,220,1,47.8,3.25,0.5,12.5,3.18,1.0,68.23,2.5,0.0,0.75
2,2025-01-09 18:59:09,2025-01-09 19:03:21,1.0,0.64,1.0,N,148,114,1,6.5,2.5,0.5,2.75,0.0,1.0,16.5,2.5,0.0,0.75
1,2025-01-17 11:15:56,2025-01-17 12:04:35,1.0,8.8,99.0,N,166,45,1,34.5,0.0,0.5,0.0,0.0,0.0,35.0,0.0,0.0,0.0
2,2025-01-30 17:26:19,2025-01-30 17:36:36,1.0,1.28,1.0,N,161,141,1,10.7,2.5,0.5,3.59,0.0,1.0,21.54,2.5,0.0,0.75
2,2025-01-30 21:14:47,2025-01-30 21:21:13,1.0,1.7,1.0,N,142,238,1,9.3,1.0,0.5,2.86,0.0,1.0,17.16,2.5,0.0,0.0
1,2025-01-15 09:22:42,2025-01-15 09:27:19,1.0,0.9,1.0,N,236,237,1,6.5,2.5,0.5,2.1,0.0,1.0,12.6,2.5,0.0,0.0
2,2025-01-11 19:45:59,2025-01-11 19:49:35,1.0,0.45,1.0,N,125,114,2,5.1,0.0,0.5,0.0,0.0,1.0,9.85,2.5,0.0,0.75
2,2025-01-16 21:03:33,2025-01-16 21:14:58,,3.22,,,161,74,0,-4.75,0.0,0.5,0.0,0.0,1.0,5.34,,,0.75
1,2025-01-22 17:49:21,2025-01-22 18:00:00,,1.3,,,107,114,0,10.78,0.0,0.5,0.0,0.0,1.0,15.53,,,0.75
2,2025-01-26 15:32:48,2025-01-26 15:36:02,,0.4,,,85,85,0,4.8,0.0,0.5,0.0,0.0,1.0,6.3,,,0.0
2,2025-01-07 17:56:43,2025-01-07 18:07:24,4.0,1.46,1.0,N,230,239,1,11.4,2.5,0.5,2.8,0.0,1.0,21.45,2.5,0.0,0.75
2,2025-01-07 19:19:07,2025-01-07 19:43:50,,0.01,,,181,186,0,33.43,0.0,0.5,0.0,9.0,1.0,47.18,,,0.75
2,2025-01-03 22:06:46,2025-01-03 22:15:24,1.0,1.25,1.0,N,114,125,1,10.0,1.0,0.5,3.0,0.0,1.0,18.0,2.5,0.0,0.0
2,2025-01-26 18:05:55,2025-01-26 18:09:49,3.0,0.34,1.0,N,230,161,1,5.8,0.0,0.5,2.11,0.0,1.0,12.66,2.5,0.0,0.75
2,2025-01-22 16:15:09,2025-01-22 16:20:12,1.0,0.79,1.0,N,144,114,1,7.2,0.0,0.5,2.39,0.0,1.0,14.34,2.5,0.0,0.75
2,2025-01-26 00:57:12,2025-01-26 01:12:30,1.0,1.8,1.0,N,107,79,1,14.9,1.0,0.5,0.0,0.0,1.0,20.65,2.5,0.0,0.75
2,2025-01-12 15:19:27,2025-01-12 15:25:31,1.0,1.61,1.0,N,138,223,1,9.3,5.0,0.5,3.81,0.0,1.0,24.61,2.5,1.75,0.75
1,2025-01-08 12:13:42,2025-01-08 12:45:18,1.0,3.1,1.0,N,236,234,1,27.5,3.25,0.5,0.0,0.0,1.0,32.25,2.5,0.0,0.75
1,2025-01-17 17:58:55,2025-01-17 18:08:08,1.0,1.2,1.0,N,163,237,2,9.3,5.75,0.5,0.0,0.0,1.0,16.55,2.5,0.0,0.75
1,2025-01-17 05:29:54,2025-01-17 06:02:29,1.0,5.3,1.0,N,164,41,1,27.5,5.75,0.5,4.25,0.0,1.0,39.0,2.5,0.0,0.75
2,2025-01-17 09:32:39,2025-01-17 09:39:31,1.0,0.58,1.0,N,163,162,1,7.9,0.0,0.5,2.53,0.0,1.0,15.18,2.5,0.0,0.75
2,2025-01-25 03:50:22,2025-01-25 04:14:18,,7.83,,,114,152,0,31.98,0.0,0.5,0.0,0.0,1.0,36.73,,,0.75
2,2025-01-07 13:50:09,2025-01-07 14:43:40,1.0,19.57,2.0,N,132,141,1,70.0,0.0,0.5,16.19,6.94,1.0,98.88,2.5,1.75,0.0
1,2025-01-25 23:08:17,2025-01-25 23:17:32,1.0,1.1,1.0,N,148,107,1,9.3,4.25,0.5,3.0,0.0,1.0,18.05,2.5,0.0,0.75
1,2025-01-18 12:45:32,2025-01-18 13:03:31,1.0,3.1,1.0,N,141,79,1,18.4,3.25,0.5,4.6,0.0,1.0,27.75,2.5,0.0,0.75
1,2025-01-22 16:50:37,2025-01-22 17:08:38,1.0,5.2,1.0,N,138,95,1,24.7,9.25,0.5,6.0,0.0,1.0,41.45,0.0,1.75,0.0
2,2025-01-31 22:47:55,2025-01-31 23:00:20,2.0,1.26,1.0,N,107,114,1,12.1,1.0,0.5,3.57,0.0,1.0,21.42,2.5,0.0,0.75
2,2025-01-13 07:59:31,2025-01-13 08:08:54,1.0,0.57,1.0,N,142,143,1,9.3,0.0,0.5,1.0,0.0,1.0,15.05,2.5,0.0,0.75
1,2025-01-09 13:54:36,2025-01-09 13:54:42,1.0,0.0,1.0,N,230,230,3,3.0,3.25,0.5,0.0,0.0,1.0,7.75,2.5,0.0,0.75
2,2025-01-02 07:40:26,2025-01-02 07:59:56,1.0,3.94,1.0,N,140,68,1,21.9,0.0,0.5,5.18,0.0,1.0,31.08,2.5,0.0,0.0
2,2025-01-29 09:08:31,2025-01-29 09:24:28,1.0,2.01,1.0,N,158,158,1,16.3,0.0,0.5,4.21,0.0,1.0,25.26,2.5,0.0,0.75
2,2025-01-04 12:37:47,2025-01-04 12:43:03,1.0,0.4,1.0,N,186,164,1,6.5,0.0,0.5,1.0,0.0,1.0,11.5,2.5,0.0,0.0
2,2025-01-30 10:53:26,2025-01-30 11:13:43,1.0,1.83,1.0,N,125,164,2,17.7,0.0,0.5,0.0,0.0,1.0,22.45,2.5,0.0,0.75
2,2025-01-16 13:52:57,2025-01-16 14:03:56,1.0,0.78,1.0,N,142,237,1,10.7,0.0,0.5,1.5,0.0,1.0,16.95,2.5,0.0,0.75
2,2025-01-30 22:53:35,2025-01-30 22:58:03,1.0,0.57,1.0,N,230,162,1,6.5,1.0,0.5,1.0,0.0,1.0,13.25,2.5,0.0,0.75
2,2025-01-20 10:56:20,2025-01-20 11:13:16,4.0,5.91,5.0,N,207,100,1,65.0,0.0,0.0,10.0,6.94,1.0,85.44,2.5,0.0,0.0
2,2025-01-31 14:43:38,2025-01-31 15:01:50,1.0,2.29,1.0,N,45,164,1,17.0,0.0,0.5,4.35,0.0,1.0,26.1,2.5,0.0,0.75
2,2025-01-17 16:09:38,2025-01-17 16:18:51,1.0,1.38,1.0,N,234,125,1,10.7,2.5,0.5,2.15,0.0,1.0,20.1,2.5,0.0,0.75
2,2025-01-30 21:53:57,2025-01-30 22:09:13,1.0,2.74,1.0,N,148,68,1,16.3,1.0,0.5,4.41,0.0,1.0,26.46,2.5,0.0,0.75
2,2025-01-10 22:07:49,2025-01-10 22:31:44,1.0,9.37,1.0,N,79,223,1,40.8,1.0,0.5,9.31,0.0,1.0,55.86,2.5,0.0,0.75
1,2025-01-23 17:13:49,2025-01-23 18:20:05,2.0,18.6,2.0,N,132,148,1,70.0,10.0,0.5,2.0,6.94,1.0,90.44,2.5,1.75,0.75
2,2025-01-14 21:49:38,2025-01-14 22:09:57,1.0,4.73,1.0,N,140,260,1,24.7,1.0,0.5,7.61,0.0,1.0,38.06,2.5,0.0,0.75
2,2025-01-21 18:26:32,2025-01-21 18:50:06,,0.0,,,230,148,0,24.53,0.0,0.5,0.0,0.0,1.0,29.28,,,0.75
2,2025-01-28 08:17:32,2025-01-28 08:22:08,3.0,0.98,1.0,N,164,234,1,7.2,0.0,0.5,2.24,0.0,1.0,13.44,2.5,0.0,0.0
2,2025-01-20 19:11:21,2025-01-20 19:23:56,1.0,2.36,1.0,N,234,48,1,14.2,0.0,0.5,2.0,0.0,1.0,20.95,2.5,0.0,0.75
1,2025-01-15 08:36:07,2025-01-15 08:43:03,0.0,1.0,1.0,N,140,237,1,8.6,2.5,0.5,1.64,0.0,1.0,14.24,2.5,0.0,0.0
2,2025-01-22 14:46:07,2025-01-22 15:05:11,1.0,1.9,1.0,N,229,262,1,17.0,0.0,0.5,1.0,0.0,1.0,22.75,2.5,0.0,0.75
1,2025-01-20 11:22:21,2025-01-20 11:27:26,,1.1,,,237,141,0,7.65,0.0,0.5,0.0,0.0,1.0,11.65,,,0.0
2,2025-01-31 22:44:05,2025-01-31 23:06:24,,3.34,,,48,79,0,-4.75,0.0,0.5,0.0,0.0,1.0,4.98,,,0.75
2,2025-01-11 16:51:55,2025-01-11 16:55:37,1.0,0.74,1.0,N,164,234,1,5.8,0.0,0.5,0.0,0.0,1.0,10.55,2.5,0.0,0.75
2,2025-01-05 13:58:21,2025-01-05 14:04:43,1.0,1.19,1.0,N,161,234,1,8.6,0.0,0.5,1.34,0.0,1.0,14.69,2.5,0.0,0.75
2,2025-01-11 20:08:33,2025-01-11 20:16:34,,1.1,,,107,233,0,7.1,0.0,0.5,0.0,0.0,1.0,11.85,,,0.75
1,2025-01-29 20:28:49,2025-01-29 20:34:53,1.0,0.6,1.0,N,262,262,1,6.5,3.5,0.5,2.3,0.0,1.0,13.8,2.5,0.0,0.0
2,2025-01-14 14:45:03,2025-01-14 14:51:39,1.0,1.0,1.0,N,140,229,1,7.9,0.0,0.5,2.53,0.0,1.0,15.18,2.5,0.0,0.75
2,2025-01-23 14:23:05,2025-01-23 14:31:33,1.0,1.06,1.0,N,107,170,1,10.0,0.0,0.5,2.95,0.0,1.0,17.7,2.5,0.0,0.75
2,2025-01-06 08:38:46,2025-01-06 08:42:11,2.0,0.4,1.0,N,238,238,1,5.1,0.0,0.5,2.27,0.0,1.0,11.37,2.5,0.0,0.0
2,2025-01-23 18:01:03,2025-01-23 18:08:51,1.0,1.2,1.0,N,113,231,1,9.3,2.5,0.5,3.31,0.0,1.0,19.86,2.5,0.0,0.75
2,2025-01-26 02:10:00,2025-01-26 02:36:00,,11.11,,,249,243,0,36.52,0.0,0.5,0.0,0.0,1.0,41.27,,,0.75
2,2025-01-06 09:59:25,2025-01-06 10:14:16,1.0,1.8,1.0,N,239,230,1,14.9,0.0,0.5,3.93,0.0,1.0,23.58,2.5,0.0,0.75
2,2025-01-16 21:57:36,2025-01-16 22:15:47,1.0,2.05,5.0,N,230,265,1,70.0,0.0,0.0,0.0,0.0,1.0,71.75,0.0,0.0,0.75
2,2025-01-01 00:41:28,2025-01-01 01:00:56,,1.3,,,246,170,0,2.2,0.0,0.5,0.0,0.0,1.0,6.2,,,0.0
2,2025-01-05 16:46:01,2025-01-05 16:50:15,3.0,0.7,1.0,N,114,107,1,6.5,0.0,0.5,1.0,0.0,1.0,12.25,2.5,0.0,0.75
2,2025-01-06 15:39:59,2025-01-06 16:45:26,1.0,17.2,2.0,N,132,68,1,70.0,0.0,0.5,0.0,6.94,1.0,81.69,2.5,0.0,0.75
2,2025-01-11 15:53:17,2025-01-11 15:59:54,,1.07,,,141,237,0,7.47,0.0,0.5,0.0,0.0,1.0,12.22,,,0.75
1,2025-01-20 22:33:19,2025-01-20 22:37:19,0.0,0.8,1.0,N,236,236,1,6.5,3.5,0.5,2.3,0.0,1.0,13.8,2.5,0.0,0.0
2,2025-01-16 21:42:26,2025-01-16 21:48:44,,1.15,,,114,4,0,8.96,0.0,0.5,0.0,0.0,1.0,13.71,,,0.75
1,2025-01-22 17:02:10,2025-01-22 17:07:06,1.0,0.3,1.0,N,237,236,1,5.8,5.0,0.5,2.0,0.0,1.0,14.3,2.5,0.0,0.0
2,2025-01-25 23:14:36,2025-01-25 23:28:02,2.0,3.02,1.0,N,263,107,1,15.6,1.0,0.5,4.27,0.0,1.0,25.62,2.5,0.0,0.75
1,2025-01-22 20:41:10,2025-01-22 21:05:35,1.0,11.9,1.0,N,138,88,1,46.4,11.0,0.5,11.75,0.0,1.0,70.65,2.5,1.75,0.75
2,2025-01-22 09:13:13,2025-01-22 09:27:21,1.0,2.28,1.0,N,143,236,1,15.6,0.0,0.5,1.0,0.0,1.0,20.6,2.5,0.0,0.0
2,2025-01-19 00:22:36,2025-01-19 00:34:57,1.0,2.08,1.0,N,164,114,1,13.5,1.0,0.5,3.85,0.0,1.0,23.1,2.5,0.0,0.75
2,2025-01-05 15:06:08,2025-01-05 15:15:30,1.0,1.55,1.0,N,90,48,2,10.7,0.0,0.5,0.0,0.0,1.0,15.45,2.5,0.0,0.75
2,2025-01-22 13:10:14,2025-01-22 13:24:00,1.0,1.65,1.0,N,43,236,2,13.5,0.0,0.5,0.0,0.0,1.0,18.25,2.5,0.0,0.75
2,2025-01-17 14:47:00,2025-01-17 15:01:36,1.0,1.91,1.0,N,161,140,1,14.9,0.0,0.5,3.93,0.0,1.0,23.58,2.5,0.0,0.75
2,2025-01-10 18:06:40,2025-01-10 18:28:45,1.0,2.85,1.0,N,68,141,1,20.5,2.5,0.5,5.55,0.0,1.0,33.3,2.5,0.0,0.75
2,2025-01-24 20:28:36,2025-01-24 20:35:45,2.0,0.83,1.0,N,234,170,1,7.9,1.0,0.5,2.73,0.0,1.0,16.38,2.5,0.0,0.75
2,2025-01-24 13:00:23,2025-01-24 13:54:53,1.0,18.72,2.0,N,132,43,4,70.0,0.0,0.5,0.0,6.94,1.0,83.44,2.5,1.75,0.75
2,2025-01-20 15:51:34,2025-01-20 16:06:07,,2.46,,,249,231,0,12.47,0.0,0.5,0.0,0.0,1.0,17.22,,,0.75
2,2025-01-20 01:25:18,2025-01-20 01:43:03,,10.73,,,88,42,0,-4.75,0.0,0.5,0.0,0.0,1.0,5.61,,,0.75
1,2025-01-30 22:34:30,2025-01-30 22:38:11,1.0,0.4,1.0,N,48,68,2,5.8,4.25,0.5,0.0,0.0,1.0,11.55,2.5,0.0,0.75
1,2025-01-17 07:02:56,2025-01-17 07:09:59,2.0,1.6,1.0,N,143,161,1,9.3,3.25,0.5,2.8,0.0,1.0,16.85,2.5,0.0,0.75
2,2025-01-16 22:53:21,2025-01-16 22:59:09,,1.21,,,249,107,0,9.39,0.0,0.5,0.0,0.0,1.0,14.14,,,0.75
2,2025-01-20 17:11:57,2025-01-20 17:30:55,,2.76,,,236,100,0,17.82,0.0,0.5,0.0,0.0,1.0,22.57,,,0.75
2,2025-01-06 17:57:49,2025-01-06 18:09:05,1.0,1.48,1.0,N,234,233,1,11.4,2.5,0.5,3.73,0.0,1.0,22.38,2.5,0.0,0.75
2,2025-01-26 03:00:35,2025-01-26 03:09:20,,0.3,,,113,113,0,7.58,0.0,0.5,0.0,0.0,1.0,12.33,,,0.75
2,2025-01-24 11:32:51,2025-01-24 11:45:53,2.0,1.48,1.0,N,164,237,1,12.8,0.0,0.5,4.01,0.0,1.0,24.06,2.5,0.0,0.75
1,2025-01-10 23:21:05,2025-01-10 23:29:56,1.0,2.1,1.0,N,237,262,1,11.4,4.25,0.5,4.25,0.0,1.0,21.4,2.5,0.0,0.75
2,2025-01-13 15:49:14,2025-01-13 16:01:23,1.0,1.8,1.0,N,237,162,1,12.8,0.0,0.5,3.51,0.0,1.0,21.06,2.5,0.0,0.75
2,2025-01-26 09:17:40,2025-01-26 09:24:48,1.0,1.0,1.0,N,170,246,1,8.6,0.0,0.5,2.67,0.0,1.0,16.02,2.5,0.0,0.75
2,2025-01-01 04:00:11,2025-01-01 04:10:42,2.0,1.5,1.0,N,79,249,1,11.4,1.0,0.5,3.28,0.0,1.0,19.68,2.5,0.0,0.0
2,2025-01-25 21:05:19,2025-01-25 21:15:19,2.0,0.95,1.0,N,114,90,1,10.7,1.0,0.5,3.29,0.0,1.0,19.74,2.5,0.0,0.75
2,2025-01-14 08:12:32,2025-01-14 08:21:12,1.0,1.16,1.0,N,170,164,1,10.0,0.0,0.5,2.95,0.0,1.0,17.7,2.5,0.0,0.75
2,2025-01-14 07:13:20,2025-01-14 08:10:32,1.0,21.51,2.0,N,132,261,1,70.0,0.0,0.5,16.34,6.94,1.0,99.78,2.5,1.75,0.75
2,2025-01-13 15:26:15,2025-01-13 15:42:31,1.0,2.55,1.0,N,230,263,1,15.6,0.0,0.5,5.09,0.0,1.0,25.44,2.5,0.0,0.75
2,2025-01-28 17:11:11,2025-01-28 17:30:39,2.0,2.36,1.0,N,113,230,1,18.4,2.5,0.5,5.13,0.0,1.0,30.78,2.5,0.0,0.75
2,2025-01-05 00:58:27,2025-01-05 01:04:57,1.0,1.69,1.0,N,249,13,1,9.3,1.0,0.5,2.0,0.0,1.0,17.05,2.5,0.0,0.75
2,2025-01-21 09:07:39,2025-01-21 09:16:55,1.0,2.14,1.0,N,236,162,1,12.1,0.0,0.5,2.5,0.0,1.0,19.35,2.5,0.0,0.75
2,2025-01-02 09:46:05,2025-01-02 10:22:03,1.0,18.96,2.0,N,236,132,1,70.0,0.0,0.5,10.0,6.94,1.0,90.94,2.5,0.0,0.0
2,2025-01-27 13:04:05,2025-01-27 13:19:36,1.0,2.1,1.0,N,229,224,1,15.6,0.0,0.5,2.0,0.0,1.0,22.35,2.5,0.0,0.75
2,2025-01-03 23:19:52,2025-01-03 23:22:57,1.0,0.41,1.0,N,107,224,1,5.1,1.0,0.5,2.02,0.0,1.0,12.12,2.5,0.0,0.0
2,2025-01-12 17:43:29,2025-01-12 18:30:13,1.0,21.46,1.0,N,132,261,1,77.9,0.0,0.5,17.92,6.94,1.0,109.26,2.5,1.75,0.75
2,2025-01-29 19:30:26,2025-01-29 19:45:55,1.0,2.37,1.0,N,13,33,1,14.9,2.5,0.5,4.43,0.0,1.0,26.58,2.5,0.0,0.75
2,2025-01-16 17:30:38,2025-01-16 17:37:37,5.0,1.24,1.0,N,107,233,1,9.3,2.5,0.5,1.0,0.0,1.0,17.55,2.5,0.0,0.75
1,2025-01-23 21:48:54,2025-01-23 21:59:24,0.0,1.7,1.0,N,166,41,1,12.1,1.0,0.5,2.9,0.0,1.0,17.5,0.0,0.0,0.0
2,2025-01-30 11:50:52,2025-01-30 11:56:36,1.0,0.68,1.0,N,113,144,1,7.2,0.0,0.5,2.39,0.0,1.0,14.34,2.5,0.0,0.75
1,2025-01-26 10:58:36,2025-01-26 11:17:10,1.0,9.9,1.0,N,234,138,1,39.4,8.25,0.5,11.2,6.94,1.0,67.29,2.5,0.0,0.75
1,2025-01-12 18:23:26,2025-01-12 18:33:31,1.0,0.5,99.0,N,61,177,1,16.5,0.0,0.5,0.0,0.0,0.0,17.0,0.0,0.0,0.0
2,2025-01-28 16:30:52,2025-01-28 16:32:58,1.0,0.33,1.0,N,151,151,1,4.4,2.5,0.5,1.0,0.0,1.0,9.4,0.0,0.0,0.0
1,2025-01-23 15:01:06,2025-01-23 15:25:42,1.0,3.9,1.0,N,239,74,2,21.9,2.5,0.5,0.0,0.0,1.0,25.9,2.5,0.0,0.0
2,2025-01-13 21:20:50,2025-01-13 21:23:44,2.0,0.3,1.0,N,41,41,1,5.1,1.0,0.5,1.52,0.0,1.0,9.12,0.0,0.0,0.0
2,2025-01-19 19:22:05,2025-01-19 19:34:59,,3.76,,,263,224,0,14.68,0.0,0.5,0.0,0.0,1.0,19.43,,,0.75
2,2025-01-06 16:01:19,2025-01-06 16:10:10,1.0,1.19,1.0,N,263,141,1,10.0,2.5,0.5,3.0,0.0,1.0,19.5,2.5,0.0,0.0
2,2025-01-10 10:53:11,2025-01-10 11:10:35,1.0,4.21,1.0,N,262,234,1,22.6,0.0,0.5,5.47,0.0,1.0,32.82,2.5,0.0,0.75
2,2025-01-22 13:17:23,2025-01-22 13:28:23,1.0,0.76,1.0,N,161,163,1,10.7,0.0,0.5,3.86,0.0,1.0,19.31,2.5,0.0,0.75
2,2025-01-18 16:48:39,2025-01-18 17:00:40,,1.91,,,79,87,0,13.87,0.0,0.5,0.0,0.0,1.0,18.62,,,0.75
1,2025-01-29 17:49:21,2025-01-29 18:10:48,1.0,2.6,1.0,N,164,144,1,19.8,5.75,0.5,5.4,0.0,1.0,32.45,2.5,0.0,0.75
2,2025-01-25 21:53:03,2025-01-25 22:02:07,,1.23,,,17,217,0,11.94,0.0,0.5,0.0,0.0,1.0,13.44,,,0.0
1,2025-01-29 07:20:31,2025-01-29 07:30:17,1.0,2.0,1.0,N,43,236,1,12.1,2.5,0.5,2.0,0.0,1.0,18.1,2.5,0.0,0.0
2,2025-01-22 17:48:10,2025-01-22 17:52:33,1.0,0.53,1.0,N,113,114,1,6.5,2.5,0.5,2.75,0.0,1.0,16.5,2.5,0.0,0.75
2,2025-01-14 08:40:40,2025-01-14 08:50:06,1.0,1.45,1.0,N,141,162,1,10.7,0.0,0.5,3.09,0.0,1.0,18.54,2.5,0.0,0.75
2,2025-01-24 23:21:32,2025-01-24 23:26:05,2.0,1.16,1.0,N,170,237,1,7.2,1.0,0.5,2.33,0.0,1.0,15.28,2.5,0.0,0.75
2,2025-01-13 11:44:07,2025-01-13 11:57:34,1.0,1.52,1.0,N,236,237,1,13.5,0.0,0.5,3.65,0.0,1.0,21.9,2.5,0.0,0.75
2,2025-01-03 13:57:57,2025-01-03 14:13:30,1.0,2.23,1.0,N,141,238,1,16.3,0.0,0.5,0.0,0.0,1.0,20.3,2.5,0.0,0.0
2,2025-01-15 17:47:22,2025-01-15 18:10:01,1.0,2.62,1.0,N,162,246,1,20.5,2.5,0.5,8.32,0.0,1.0,36.07,2.5,0.0,0.75
2,2025-01-15 21:27:48,2025-01-15 21:38:55,,2.53,,,162,79,0,-4.75,0.0,0.5,0.0,0.0,1.0,3.59,,,0.75
2,2025-01-31 16:42:24,2025-01-31 16:50:19,1.0,1.67,1.0,N,236,24,1,10.0,2.5,0.5,3.3,0.0,1.0,19.8,2.5,0.0,0.0
2,2025-01-26 00:27:56,2025-01-26 00:30:43,1.0,0.43,1.0,N,24,166,2,5.1,1.0,0.5,0.0,0.0,1.0,7.6,0.0,0.0,0.0
1,2025-01-22 21:53:35,2025-01-22 22:02:33,,1.4,,,170,141,0,10.36,0.0,0.5,0.0,0.0,1.0,15.11,,,0.75
1,2025-01-31 20:48:23,2025-01-31 21:03:44,1.0,8.3,1.0,N,138,262,1,33.1,10.25,0.5,10.35,6.94,1.0,62.14,2.5,1.75,0.0
2,2025-01-19 21:09:40,2025-01-19 21:25:09,,3.24,,,145,79,0,21.99,0.0,0.5,0.0,6.94,1.0,33.68,,,0.75
2,2025-01-12 21:49:30,2025-01-12 22:03:34,1.0,3.48,1.0,N,236,234,1,17.7,1.0,0.5,4.69,0.0,1.0,28.14,2.5,0.0,0.75
2,2025-01-28 21:35:43,2025-01-28 21:51:04,1.0,3.55,1.0,N,239,42,1,18.4,1.0,0.5,4.68,0.0,1.0,28.08,2.5,0.0,0.0
2,2025-01-24 14:31:36,2025-01-24 14:38:57,2.0,0.8,1.0,N,142,230,4,-7.9,0.0,-0.5,0.0,0.0,-1.0,-12.65,-2.5,0.0,0.0
2,2025-01-31 10:30:52,2025-01-31 10:58:04,1.0,5.76,1.0,N,24,186,1,31.7,0.0,0.5,7.29,0.0,1.0,43.74,2.5,0.0,0.75
1,2025-01-06 10:45:10,2025-01-06 10:51:59,1.0,0.7,1.0,N,262,236,1,7.2,2.5,0.5,2.25,0.0,1.0,13.45,2.5,0.0,0.0
2,2025-01-24 22:03:31,2025-01-24 22:15:52,2.0,1.64,1.0,N,230,234,1,12.8,1.0,0.5,3.71,0.0,1.0,22.26,2.5,0.0,0.75
2,2025-01-09 21:51:31,2025-01-09 22:10:09,,4.33,,,90,263,0,22.91,0.0,0.5,0.0,0.0,1.0,27.66,,,0.75
2,2025-01-01 16:27:23,2025-01-01 16:57:31,,5.73,,,45,227,0,-5.71,0.0,0.5,0.0,0.0,1.0,-1.71,,,0.0
2,2025-01-19 17:01:16,2025-01-19 17:08:46,2.0,0.79,1.0,N,161,230,1,7.9,0.0,0.5,2.53,0.0,1.0,15.18,2.5,0.0,0.75
1,2025-01-15 09:32:44,2025-01-15 09:48:36,,2.5,,,239,140,0,16.3,0.0,0.5,2.03,0.0,1.0,22.33,,,0.0
2,2025-01-18 02:57:27,2025-01-18 03:14:20,1.0,6.45,1.0,N,148,263,1,28.9,1.0,0.5,6.93,0.0,1.0,41.58,2.5,0.0,0.75
2,2025-01-08 10:32:13,2025-01-08 10:45:40,2.0,1.43,1.0,N,162,90,2,13.5,0.0,0.5,0.0,0.0,1.0,18.25,2.5,0.0,0.75
1,2025-01-04 20:36:36,2025-01-04 20:46:28,1.0,1.2,1.0,N,68,158,1,10.7,3.5,0.5,3.1,0.0,1.0,18.8,2.5,0.0,0.0
2,2025-01-28 19:32:43,2025-01-28 19:38:26,1.0,0.57,1.0,N,261,261,1,7.2,2.5,0.5,2.89,0.0,1.0,17.34,2.5,0.0,0.75
2,2025-01-14 21:10:29,2025-01-14 21:17:49,1.0,1.5,1.0,N,24,238,1,10.0,1.0,0.5,3.0,0.0,1.0,18.0,2.5,0.0,0.0
2,2025-01-02 10:47:34,2025-01-02 10:55:41,1.0,1.16,1.0,N,238,41,1,9.3,0.0,0.5,1.94,0.0,1.0,12.74,0.0,0.0,0.0
2,2025-01-28 07:25:08,2025-01-28 07:31:15,1.0,0.96,1.0,N,186,170,2,7.9,0.0,0.5,0.0,0.0,1.0,12.65,2.5,0.0,0.75
2,2025-01-16 17:35:41,2025-01-16 17:39:39,1.0,0.38,1.0,N,141,140,1,5.8,2.5,0.5,3.08,0.0,1.0,15.38,2.5,0.0,0.0
2,2025-01-17 22:00:33,2025-01-17 22:15:46,2.0,1.94,1.0,N,142,238,4,15.6,1.0,0.5,0.0,0.0,1.0,21.35,2.5,0.0,0.75
2,2025-01-04 21:04:08,2025-01-04 21:20:46,2.0,0.84,1.0,N,230,48,1,14.9,1.0,0.5,3.98,0.0,1.0,23.88,2.5,0.0,0.0
1,2025-01-13 08:15:17,2025-01-13 08:28:18,1.0,1.4,1.0,N,186,162,1,12.1,3.25,0.5,3.35,0.0,1.0,20.2,2.5,0.0,0.75
2,2025-01-16 10:23:35,2025-01-16 10:27:58,1.0,0.51,1.0,N,142,143,1,5.8,0.0,0.5,1.96,0.0,1.0,11.76,2.5,0.0,0.0
2,2025-01-01 13:36:37,2025-01-01 13:56:15,1.0,1.35,1.0,N,100,230,1,17.0,0.0,0.5,4.2,0.0,1.0,25.2,2.5,0.0,0.0
2,2025-01-17 14:52:35,2025-01-17 15:05:20,1.0,2.06,1.0,N,230,113,4,-13.5,0.0,-0.5,0.0,0.0,-1.0,-18.25,-2.5,0.0,0.0
2,2025-01-28 15:55:00,2025-01-28 16:05:52,1.0,0.85,1.0,N,229,229,1,10.7,0.0,0.5,3.86,0.0,1.0,19.31,2.5,0.0,0.75
2,2025-01-28 22:56:31,2025-01-28 23:03:43,1.0,1.74,1.0,N,142,151,1,10.0,1.0,0.5,2.0,0.0,1.0,17.0,2.5,0.0,0.0
2,2025-01-15 14:00:41,2025-01-15 14:23:16,1.0,1.9,1.0,N,164,158,1,19.8,0.0,0.5,6.14,0.0,1.0,30.69,2.5,0.0,0.75
2,2025-01-10 08:28:46,2025-01-10 08:47:27,1.0,2.24,1.0,N,107,161,1,18.4,0.0,0.5,4.63,0.0,1.0,27.78,2.5,0.0,0.75
2,2025-01-10 09:33:40,2025-01-10 09:46:44,1.0,1.15,1.0,N,100,161,1,12.1,0.0,0.5,3.37,0.0,1.0,20.22,2.5,0.0,0.75
2,2025-01-01 22:08:33,2025-01-01 22:27:00,,4.58,,,189,249,0,-5.53,0.0,0.5,0.0,0.0,1.0,1.12,,,0.0
1,2025-01-14 11:33:50,2025-01-14 11:43:49,1.0,4.7,1.0,N,132,139,1,19.8,0.0,0.5,4.0,0.0,1.0,25.3,0.0,0.0,0.0
1,2025-01-12 02:13:32,2025-01-12 02:20:33,1.0,2.1,1.0,N,79,229,1,10.7,4.25,0.5,1.0,0.0,1.0,17.45,2.5,0.0,0.75
2,2025-01-05 14:41:25,2025-01-05 15:31:42,1.0,18.41,3.0,N,161,1,1,100.7,0.0,0.0,10.0,26.83,1.0,139.28,0.0,0.0,0.75
2,2025-01-10 10:45:01,2025-01-10 10:50:42,1.0,0.51,1.0,N,162,229,1,7.2,0.0,0.5,2.39,0.0,1.0,14.34,2.5,0.0,0.75
2,2025-01-04 15:12:41,2025-01-04 15:12:45,1.0,0.0,1.0,N,265,265,2,3.0,0.0,0.5,0.0,0.0,1.0,4.5,0.0,0.0,0.0
2,2025-01-16 18:50:18,2025-01-16 18:54:34,1.0,0.98,1.0,N,141,229,1,6.5,2.5,0.5,2.75,0.0,1.0,16.5,2.5,0.0,0.75
2,2025-01-16 19:56:29,2025-01-16 20:04:38,1.0,1.28,1.0,N,246,186,1,10.0,2.5,0.5,3.45,0.0,1.0,20.7,2.5,0.0,0.75
2,2025-01-06 18:06:02,2025-01-06 18:55:34,1.0,18.79,2.0,N,132,166,1,70.0,5.0,0.5,10.0,6.94,1.0,95.19,0.0,1.75,0.0
2,2025-01-18 18:23:40,2025-01-18 18:45:39,1.0,3.1,1.0,N,79,161,1,21.2,0.0,0.5,5.19,0.0,1.0,31.14,2.5,0.0,0.75
2,2025-01-15 20:51:27,2025-01-15 21:09:46,,3.69,,,229,249,0,22.47,0.0,0.5,0.0,0.0,1.0,27.22,,,0.75
2,2025-01-24 23:28:46,2025-01-24 23:33:46,3.0,0.51,1.0,N,161,163,1,6.5,1.0,0.5,2.0,0.0,1.0,14.25,2.5,0.0,0.75
2,2025-01-04 14:52:22,2025-01-04 15:15:58,1.0,5.21,1.0,N,141,211,1,28.2,0.0,0.5,6.44,0.0,1.0,38.64,2.5,0.0,0.0
2,2025-01-27 20:24:36,2025-01-27 20:35:57,1.0,1.22,1.0,N,90,158,1,10.7,1.0,0.5,2.0,0.0,1.0,18.45,2.5,0.0,0.75
2,2025-01-28 11:14:34,2025-01-28 11:50:35,1.0,8.75,1.0,N,138,161,1,45.0,5.0,0.5,12.34,6.94,1.0,75.78,2.5,1.75,0.75
2,2025-01-14 20:46:15,2025-01-14 20:56:53,1.0,2.44,1.0,N,161,43,1,12.8,1.0,0.5,1.5,0.0,1.0,20.05,2.5,0.0,0.75
2,2025-01-19 16:04:52,2025-01-19 16:41:43,,5.49,,,144,262,0,25.61,0.0,0.5,0.0,0.0,1.0,30.36,,,0.75
2,2025-01-03 15:02:50,2025-01-03 15:38:35,3.0,18.69,4.0,N,164,1,1,127.6,0.0,0.0,35.49,13.38,1.0,177.47,0.0,0.0,0.0
2,2025-01-16 18:30:45,2025-01-16 18:35:41,,0.0,,,79,107,0,-4.75,0.0,0.5,0.0,0.0,1.0,3.0,,,0.75
1,2025-01-24 15:33:03,2025-01-24 15:59:08,,3.2,,,137,263,0,24.48,0.0,0.5,0.0,0.0,1.0,29.23,,,0.75
2,2025-01-07 10:04:01,2025-01-07 10:07:30,1.0,0.28,1.0,N,141,237,1,5.1,0.0,0.5,1.82,0.0,1.0,10.92,2.5,0.0,0.0
2,2025-01-20 20:57:45,2025-01-20 20:59:26,2.0,0.34,1.0,N,237,237,1,4.4,1.0,0.5,1.88,0.0,1.0,11.28,2.5,0.0,0.0
1,2025-01-13 13:23:09,2025-01-13 13:56:53,1.0,3.7,99.0,N,123,227,1,25.5,0.0,0.5,0.0,0.0,0.0,26.0,0.0,0.0,0.0
2,2025-01-31 22:40:42,2025-01-31 22:52:17,4.0,2.05,1.0,N,162,90,1,13.5,1.0,0.5,0.0,0.0,1.0,19.25,2.5,0.0,0.75
2,2025-01-09 13:56:39,2025-01-09 14:07:35,1.0,0.34,1.0,N,230,161,1,10.0,0.0,0.5,2.0,0.0,1.0,16.75,2.5,0.0,0.75
2,2025-01-18 20:13:40,2025-01-18 20:27:47,1.0,2.46,1.0,N,143,164,1,15.6,1.0,0.5,4.27,0.0,1.0,25.62,2.5,0.0,0.75
1,2025-01-16 18:25:17,2025-01-16 18:29:07,1.0,0.5,1.0,N,162,162,1,5.1,5.75,0.5,2.45,0.0,1.0,14.8,2.5,0.0,0.75
2,2025-01-29 07:34:49,2025-01-29 07:40:50,1.0,0.7,1.0,N,186,234,2,7.2,0.0,0.5,0.0,0.0,1.0,11.95,2.5,0.0,0.75
2,2025-01-26 19:52:10,2025-01-26 19:57:06,1.0,1.55,1.0,N,142,151,1,8.6,0.0,0.5,3.78,0.0,1.0,16.38,2.5,0.0,0.0
2,2025-01-29 07:46:15,2025-01-29 07:57:29,1.0,2.39,1.0,N,100,125,1,13.5,0.0,0.5,3.65,0.0,1.0,21.9,2.5,0.0,0.75
1,2025-01-01 08:02:01,2025-01-01 08:08:22,1.0,0.8,1.0,N,142,143,1,6.5,2.5,0.5,1.0,0.0,1.0,11.5,2.5,0.0,0.0
1,2025-01-03 17:31:24,2025-01-03 17:40:48,1.0,0.8,1.0,N,161,164,1,9.3,5.0,0.5,3.15,0.0,1.0,18.95,2.5,0.0,0.0
2,2025-01-08 03:58:36,2025-01-08 04:02:47,1.0,0.84,1.0,N,48,161,2,6.5,1.0,0.5,0.0,0.0,1.0,12.25,2.5,0.0,0.75
2,2025-01-16 23:04:20,2025-01-16 23:17:39,,2.33,,,161,114,0,19.38,0.0,0.5,0.0,0.0,1.0,24.13,,,0.75
1,2025-01-16 17:40:21,2025-01-16 17:53:00,1.0,2.0,1.0,N,237,170,1,13.5,5.75,0.5,5.15,0.0,1.0,25.9,2.5,0.0,0.75
2,2025-01-17 17:13:18,2025-01-17 17:39:56,1.0,4.2,1.0,N,68,263,1,26.1,2.5,0.5,8.34,0.0,1.0,41.69,2.5,0.0,0.75
2,2025-01-27 20:57:41,2025-01-27 21:07:21,1.0,2.06,1.0,N,141,236,2,12.8,1.0,0.5,0.0,0.0,1.0,17.8,2.5,0.0,0.0
2,2025-01-27 17:33:24,2025-01-27 17:48:36,1.0,6.52,1.0,N,13,229,1,28.2,2.5,0.5,7.09,0.0,1.0,42.54,2.5,0.0,0.75
1,2025-01-25 17:02:26,2025-01-25 17:27:22,1.0,3.9,1.0,N,186,261,1,25.4,3.25,0.5,6.0,0.0,1.0,36.15,2.5,0.0,0.75
1,2025-01-02 14:24:20,2025-01-02 14:37:27,1.0,3.3,1.0,N,236,161,1,19.1,2.5,0.5,4.6,0.0,1.0,27.7,2.5,0.0,0.0
2,2025-01-09 18:22:48,2025-01-09 18:42:09,,2.85,,,158,100,0,17.61,0.0,0.5,0.0,0.0,1.0,22.36,,,0.75
1,2025-01-04 09:33:50,2025-01-04 09:45:39,1.0,2.8,1.0,N,186,13,1,14.2,2.5,0.5,0.0,0.0,1.0,18.2,2.5,0.0,0.0
2,2025-01-29 20:38:42,2025-01-29 20:44:46,1.0,0.64,1.0,N,107,113,1,7.2,1.0,0.5,3.88,0.0,1.0,16.83,2.5,0.0,0.75
2,2025-01-03 18:04:26,2025-01-03 18:16:50,1.0,2.19,1.0,N,113,261,1,12.8,2.5,0.5,5.0,0.0,1.0,24.3,2.5,0.0,0.0
1,2025-01-03 15:34:08,2025-01-03 15:43:48,1.0,0.8,1.0,N,48,230,1,9.3,2.5,0.5,3.35,0.0,1.0,16.65,2.5,0.0,0.0
2,2025-01-30 11:42:29,2025-01-30 12:09:07,1.0,0.45,1.0,N,229,237,1,21.2,0.0,0.5,6.49,0.0,1.0,32.44,2.5,0.0,0.75
2,2025-01-17 23:05:41,2025-01-17 23:49:55,5.0,11.69,1.0,N,68,180,1,56.2,1.0,0.5,20.67,6.94,1.0,89.56,2.5,0.0,0.75
1,2025-01-19 10:12:31,2025-01-19 11:17:10,1.0,15.6,99.0,N,21,238,1,53.5,0.0,0.5,0.0,0.0,0.0,54.0,0.0,0.0,0.0
2,2025-01-31 23:15:09,2025-01-31 23:20:16,1.0,0.99,1.0,N,161,50,2,7.2,1.0,0.5,0.0,0.0,1.0,12.95,2.5,0.0,0.75
1,2025-01-25 16:39:44,2025-01-25 17:01:14,1.0,2.0,1.0,N,164,234,1,19.1,3.25,0.5,4.75,0.0,1.0,28.6,2.5,0.0,0.75
2,2025-01-10 22:30:19,2025-01-10 22:40:20,1.0,1.63,1.0,N,90,162,1,11.4,1.0,0.5,3.43,0.0,1.0,20.58,2.5,0.0,0.75
2,2025-01-02 11:15:43,2025-01-02 11:28:14,,1.82,,,170,79,0,-0.84,0.0,0.5,0.0,0.0,1.0,3.16,,,0.0
2,2025-01-13 21:52:17,2025-01-13 22:00:35,1.0,2.56,1.0,N,234,231,1,12.1,1.0,0.5,3.57,0.0,1.0,21.42,2.5,0.0,0.75
2,2025-01-28 15:05:36,2025-01-28 15:33:14,1.0,3.25,1.0,N,233,231,1,24.7,0.0,0.5,5.89,0.0,1.0,35.34,2.5,0.0,0.75
2,2025-01-19 13:00:06,2025-01-19 13:18:17,2.0,5.98,1.0,N,162,211,1,27.5,0.0,0.5,5.0,0.0,1.0,37.25,2.5,0.0,0.75
2,2025-01-25 08:40:17,2025-01-25 08:42:57,1.0,0.54,1.0,N,262,236,1,5.1,0.0,0.5,1.82,0.0,1.0,10.92,2.5,0.0,0.0
2,2025-01-03 16:51:22,2025-01-03 17:04:45,3.0,2.14,1.0,N,211,164,1,14.2,2.5,0.5,4.14,0.0,1.0,24.84,2.5,0.0,0.0
2,2025-01-25 19:04:56,2025-01-25 19:19:10,,1.96,,,141,142,0,13.83,0.0,0.5,0.0,0.0,1.0,18.58,,,0.75
2,2025-01-15 19:31:39,2025-01-15 19:39:07,,0.0,,,143,48,0,13.18,0.0,0.5,0.0,0.0,1.0,17.93,,,0.75
1,2025-01-19 19:49:04,2025-01-19 19:59:15,1.0,2.2,1.0,N,162,236,1,12.8,3.25,0.5,3.51,0.0,1.0,21.06,2.5,0.0,0.75
1,2025-01-06 11:53:42,2025-01-06 12:05:13,1.0,0.8,1.0,N,161,164,1,10.7,3.25,0.0,1.0,0.0,1.0,15.95,2.5,0.0,0.75
2,2025-01-09 21:14:39,2025-01-09 21:26:21,1.0,1.69,1.0,N,114,158,1,12.8,1.0,0.5,3.71,0.0,1.0,22.26,2.5,0.0,0.75
2,2025-01-12 00:49:56,2025-01-12 01:01:51,2.0,1.6,1.0,N,79,249,1,12.8,1.0,0.5,3.0,0.0,1.0,21.55,2.5,0.0,0.75
2,2025-01-22 09:12:04,2025-01-22 09:17:56,1.0,0.57,1.0,N,164,170,1,7.2,0.0,0.5,2.39,0.0,1.0,14.34,2.5,0.0,0.75
1,2025-01-12 08:59:38,2025-01-12 09:39:32,1.0,2.7,99.0,N,238,74,1,20.5,0.0,0.5,0.0,0.0,0.0,21.0,0.0,0.0,0.0
2,2025-01-22 15:45:09,2025-01-22 15:57:53,1.0,0.0,1.0,N,161,107,1,11.4,0.0,0.5,3.23,0.0,1.0,19.38,2.5,0.0,0.75
2,2025-01-25 23:55:30,2025-01-26 00:13:21,,4.55,,,229,41,0,25.68,0.0,0.5,0.0,0.0,1.0,30.43,,,0.75
2,2025-01-19 05:37:51,2025-01-19 05:51:33,1.0,3.28,1.0,N,186,145,2,17.7,1.0,0.5,0.0,6.94,1.0,30.39,2.5,0.0,0.75
1,2025-01-02 18:50:23,2025-01-02 19:01:28,2.0,2.2,1.0,N,162,239,1,12.8,5.0,0.5,2.9,0.0,1.0,22.2,2.5,0.0,0.0
2,2025-01-27 09:01:08,2025-01-27 09:15:33,1.0,1.74,1.0,N,107,162,1,14.2,0.0,0.5,3.79,0.0,1.0,22.74,2.5,0.0,0.75
2,2025-01-18 19:04:49,2025-01-18 19:06:58,1.0,0.53,1.0,N,141,141,1,4.4,0.0,0.5,0.0,0.0,1.0,8.4,2.5,0.0,0.0
1,2025-01-09 19:02:20,2025-01-09 19:17:15,1.0,3.2,1.0,N,164,239,1,16.3,5.75,0.5,3.0,0.0,1.0,26.55,2.5,0.0,0.75
2,2025-01-26 08:46:21,2025-01-26 08:56:52,2.0,1.41,1.0,N,170,246,4,-11.4,0.0,-0.5,0.0,0.0,-1.0,-16.15,-2.5,0.0,0.0
2,2025-01-10 09:59:23,2025-01-10 10:06:18,1.0,0.87,1.0,N,140,236,1,8.6,0.0,0.5,1.89,0.0,1.0,14.49,2.5,0.0,0.0
2,2025-01-02 22:43:26,2025-01-02 22:48:28,1.0,1.02,1.0,N,263,141,2,7.2,1.0,0.5,0.0,0.0,1.0,12.2,2.5,0.0,0.0
1,2025-01-12 15:54:34,2025-01-12 16:01:55,5.0,0.8,1.0,N,170,137,1,8.6,3.25,0.5,2.0,0.0,1.0,15.35,2.5,0.0,0.75
2,2025-01-11 23:00:16,2025-01-11 23:12:24,,1.95,,,79,249,0,14.59,0.0,0.5,0.0,0.0,1.0,19.34,,,0.75
1,2025-01-11 08:06:10,2025-01-11 08:26:33,2.0,3.1,1.0,N,143,262,1,21.2,2.5,0.5,2.0,0.0,1.0,27.2,2.5,0.0,0.0
2,2025-01-10 19:14:34,2025-01-10 19:30:04,1.0,2.83,1.0,N,48,249,1,16.3,2.5,0.5,0.0,0.0,1.0,23.55,2.5,0.0,0.75
2,2025-01-03 22:03:22,2025-01-03 22:12:21,1.0,1.76,1.0,N,142,246,1,12.1,1.0,0.5,3.42,0.0,1.0,20.52,2.5,0.0,0.0
1,2025-01-21 22:08:21,2025-01-21 22:18:40,1.0,2.9,1.0,N,48,236,1,13.5,4.25,0.5,3.85,0.0,1.0,23.1,2.5,0.0,0.75
2,2025-01-01 02:07:45,2025-01-01 02:32:31,2.0,4.24,1.0,N,239,249,1,25.4,1.0,0.5,6.08,0.0,1.0,36.48,2.5,0.0,0.0
2,2025-01-21 22:08:39,2025-01-21 22:17:14,1.0,1.32,1.0,N,163,48,1,10.0,1.0,0.5,2.0,0.0,1.0,17.75,2.5,0.0,0.75
2,2025-01-02 17:48:21,2025-01-02 18:02:52,1.0,2.9,1.0,N,162,239,1,16.3,2.5,0.5,3.42,0.0,1.0,26.22,2.5,0.0,0.0
1,2025-01-19 14:19:52,2025-01-19 14:27:45,1.0,1.2,1.0,N,236,142,2,8.6,2.5,0.5,0.0,0.0,1.0,12.6,2.5,0.0,0.0
2,2025-01-30 09:24:26,2025-01-30 09:34:40,1.0,1.63,1.0,N,45,79,1,12.1,0.0,0.5,0.0,0.0,1.0,16.85,2.5,0.0,0.75
2,2025-01-25 08:52:37,2025-01-25 09:02:18,,1.8,,,262,237,0,12.36,0.0,0.5,3.27,0.0,1.0,19.63,,,0.0
2,2025-01-26 21:56:34,2025-01-26 21:59:29,1.0,0.75,1.0,N,141,229,1,5.8,1.0,0.5,1.0,0.0,1.0,12.55,2.5,0.0,0.75
2,2025-01-02 06:15:07,2025-01-02 06:22:45,1.0,2.2,1.0,N,170,237,2,11.4,0.0,0.5,0.0,0.0,1.0,15.4,2.5,0.0,0.0
2,2025-01-20 02:46:46,2025-01-20 02:52:35,,1.42,,,186,114,0,6.71,0.0,0.5,0.0,0.0,1.0,11.46,,,0.75
2,2025-01-09 17:37:58,2025-01-09 18:35:36,1.0,17.32,2.0,N,161,132,1,70.0,5.0,0.5,17.34,6.94,1.0,104.03,2.5,0.0,0.75
1,2025-01-04 18:36:32,2025-01-04 18:41:07,1.0,1.0,1.0,N,236,237,1,7.2,2.5,0.5,1.5,0.0,1.0,12.7,2.5,0.0,0.0
2,2025-01-15 10:06:05,2025-01-15 10:24:27,1.0,1.96,1.0,N,143,100,1,17.7,0.0,0.5,4.49,0.0,1.0,26.94,2.5,0.0,0.75
1,2025-01-23 22:04:38,2025-01-23 22:10:20,2.0,1.3,1.0,N,249,234,1,8.6,4.25,0.5,3.55,0.0,1.0,17.9,2.5,0.0,0.75
2,2025-01-20 20:07:35,2025-01-20 20:13:52,1.0,1.34,1.0,N,161,229,2,8.6,1.0,0.5,0.0,0.0,1.0,14.35,2.5,0.0,0.75
2,2025-01-12 15:55:43,2025-01-12 16:06:56,1.0,1.75,1.0,N,230,143,1,12.8,0.0,0.5,3.51,0.0,1.0,21.06,2.5,0.0,0.75
2,2025-01-19 01:54:13,2025-01-19 02:03:43,2.0,2.64,1.0,N,141,48,1,13.5,1.0,0.5,1.0,0.0,1.0,20.25,2.5,0.0,0.75
2,2025-01-23 18:52:23,2025-01-23 18:58:26,1.0,1.03,1.0,N,142,43,2,7.9,2.5,0.5,0.0,0.0,1.0,14.4,2.5,0.0,0.0
2,2025-01-04 10:18:09,2025-01-04 10:26:07,2.0,1.98,1.0,N,229,263,1,10.7,0.0,0.5,1.0,0.0,1.0,15.7,2.5,0.0,0.0
1,2025-01-11 17:16:34,2025-01-11 17:38:02,1.0,2.7,1.0,N,230,158,1,19.8,3.25,0.5,4.9,0.0,1.0,29.45,2.5,0.0,0.75
2,2025-01-15 14:06:57,2025-01-15 14:11:26,1.0,0.64,1.0,N,229,237,1,6.5,0.0,0.5,2.25,0.0,1.0,13.5,2.5,0.0,0.75
2,2025-01-17 17:16:50,2025-01-17 17:29:20,1.0,1.46,1.0,N,162,164,1,12.8,2.5,0.5,5.01,0.0,1.0,25.06,2.5,0.0,0.75
1,2025-01-09 17:16:26,2025-01-09 17:44:05,2.0,9.1,1.0,N,138,161,1,40.1,12.5,0.5,12.2,6.94,1.0,73.24,2.5,1.75,0.75
2,2025-01-11 02:14:17,2025-01-11 02:21:02,2.0,1.4,1.0,N,114,107,1,9.3,1.0,0.5,3.01,0.0,1.0,18.06,2.5,0.0,0.75
1,2025-01-14 09:39:47,2025-01-14 09:54:28,1.0,1.9,1.0,N,116,151,1,14.2,0.0,0.5,3.15,0.0,1.0,18.85,0.0,0.0,0.0
2,2025-01-14 09:10:52,2025-01-14 09:27:58,1.0,2.99,1.0,N,186,231,1,19.1,0.0,0.5,4.77,0.0,1.0,28.62,2.5,0.0,0.75
2,2025-01-23 12:04:11,2025-01-23 12:08:16,1.0,0.65,1.0,N,239,238,1,6.5,0.0,0.5,2.1,0.0,1.0,12.6,2.5,0.0,0.0
1,2025-01-03 20:54:35,2025-01-03 21:10:54,1.0,4.1,1.0,N,79,262,1,18.4,3.5,0.5,4.7,0.0,1.0,28.1,2.5,0.0,0.0
2,2025-01-24 10:55:51,2025-01-24 11:04:59,1.0,1.6,1.0,N,137,229,1,10.7,0.0,0.5,3.09,0.0,1.0,18.54,2.5,0.0,0.75
2,2025-01-23 06:44:29,2025-01-23 07:01:20,1.0,3.14,1.0,N,249,229,1,18.4,0.0,0.5,4.63,0.0,1.0,27.78,2.5,0.0,0.75
1,2025-01-07 16:52:51,2025-01-07 17:09:05,1.0,2.7,1.0,N,161,236,1,16.3,5.75,0.5,4.7,0.0,1.0,28.25,2.5,0.0,0.75
2,2025-01-23 14:07:24,2025-01-23 14:36:36,1.0,8.56,1.0,N,75,260,2,39.4,0.0,0.5,0.0,6.94,1.0,47.84,0.0,0.0,0.0
2,2025-01-22 18:55:27,2025-01-22 19:05:23,,0.0,,,164,48,0,-4.75,0.0,0.5,0.0,0.0,1.0,3.28,,,0.75
2,2025-01-14 10:55:16,2025-01-14 11:11:06,1.0,1.19,1.0,N,230,186,1,14.2,0.0,0.5,3.0,0.0,1.0,21.95,2.5,0.0,0.75
2,2025-01-08 10:49:29,2025-01-08 11:36:53,4.0,17.85,2.0,N,48,216,2,70.0,0.0,0.5,0.0,0.0,1.0,74.75,2.5,0.0,0.75
2,2025-01-16 19:39:34,2025-01-16 19:44:30,2.0,0.44,1.0,N,162,161,1,6.5,2.5,0.5,2.75,0.0,1.0,16.5,2.5,0.0,0.75
2,2025-01-08 18:11:52,2025-01-08 18:20:50,1.0,1.12,1.0,N,161,234,1,10.0,2.5,0.5,1.75,0.0,1.0,19.0,2.5,0.0,0.75
2,2025-01-24 14:16:07,2025-01-24 14:24:21,1.0,0.7,1.0,N,236,263,2,8.6,0.0,0.5,0.0,0.0,1.0,12.6,2.5,0.0,0.0
2,2025-01-24 16:53:33,2025-01-24 17:03:55,1.0,2.22,1.0,N,125,246,2,12.8,2.5,0.5,0.0,0.0,1.0,20.05,2.5,0.0,0.75
2,2025-01-04 12:46:28,2025-01-04 12:58:06,1.0,1.94,1.0,N,164,237,1,13.5,0.0,0.5,3.0,0.0,1.0,20.5,2.5,0.0,0.0
2,2025-01-11 18:34:14,2025-01-11 18:47:11,1.0,1.29,1.0,N,163,141,2,12.8,0.0,0.5,0.0,0.0,1.0,17.55,2.5,0.0,0.75
2,2025-01-24 21:06:32,2025-01-24 21:11:36,2.0,0.97,1.0,N,234,249,1,7.2,1.0,0.5,2.59,0.0,1.0,15.54,2.5,0.0,0.75
1,2025-01-18 15:52:44,2025-01-18 15:58:40,,0.7,,,236,262,0,6.5,0.0,0.5,1.05,0.0,1.0,11.55,,,0.0
1,2025-01-20 15:15:42,2025-01-20 15:20:05,1.0,0.7,1.0,N,239,143,1,6.5,2.5,0.5,2.1,0.0,1.0,12.6,2.5,0.0,0.0
2,2025-01-14 16:51:55,2025-01-14 17:10:18,1.0,2.7,1.0,N,246,79,1,17.7,2.5,0.5,5.0,0.0,1.0,29.95,2.5,0.0,0.75
2,2025-01-24 20:52:53,2025-01-24 21:16:27,1.0,5.09,1.0,N,43,13,1,26.8,1.0,0.5,6.51,0.0,1.0,39.06,2.5,0.0,0.75
2,2025-01-23 23:46:57,2025-01-23 23:57:12,1.0,2.04,1.0,N,249,246,2,12.8,1.0,0.5,0.0,0.0,1.0,18.55,2.5,0.0,0.75
2,2025-01-21 14:32:53,2025-01-21 14:32:57,1.0,0.0,5.0,N,186,186,1,95.0,0.0,0.0,19.85,0.0,1.0,119.1,2.5,0.0,0.75
2,2025-01-03 22:02:43,2025-01-03 22:19:33,1.0,6.39,1.0,N,107,231,1,28.2,1.0,0.5,1.0,0.0,1.0,34.2,2.5,0.0,0.0
2,2025-01-21 14:12:12,2025-01-21 14:28:11,,3.32,,,140,74,0,19.5,0.0,0.5,0.0,0.0,1.0,23.5,,,0.0
2,2025-01-03 15:41:17,2025-01-03 16:25:41,1.0,9.48,1.0,N,132,61,1,49.9,0.0,0.5,10.28,0.0,1.0,61.68,0.0,0.0,0.0
2,2025-01-23 22:04:31,2025-01-23 22:06:54,1.0,0.19,1.0,N,236,236,4,-4.4,-1.0,-0.5,0.0,0.0,-1.0,-9.4,-2.5,0.0,0.0
2,2025-01-26 01:27:30,2025-01-26 01:45:12,1.0,2.31,1.0,N,79,186,1,17.0,1.0,0.5,4.55,0.0,1.0,27.3,2.5,0.0,0.75
2,2025-01-28 20:49:15,2025-01-28 21:01:18,1.0,1.79,1.0,N,158,107,1,12.8,1.0,0.5,1.86,0.0,1.0,20.41,2.5,0.0,0.75
1,2025-01-09 06:40:23,2025-01-09 06:51:59,1.0,2.4,1.0,N,100,237,2,13.5,3.25,0.5,0.0,0.0,1.0,18.25,2.5,0.0,0.75
2,2025-01-29 12:08:55,2025-01-29 12:52:23,1.0,17.4,2.0,N,132,234,1,70.0,0.0,0.5,16.34,6.94,1.0,99.78,2.5,1.75,0.75
2,2025-01-22 19:25:34,2025-01-22 19:32:16,1.0,1.74,1.0,N,163,236,1,10.0,2.5,0.5,3.45,0.0,1.0,20.7,2.5,0.0,0.75
2,2025-01-31 11:32:50,2025-01-31 11:36:23,1.0,0.51,1.0,N,170,137,4,-5.8,0.0,-0.5,0.0,0.0,-1.0,-10.55,-2.5,0.0,-0.75
2,2025-01-25 14:15:22,2025-01-25 14:29:07,2.0,2.13,1.0,N,238,41,1,14.9,0.0,0.5,3.78,0.0,1.0,22.68,2.5,0.0,0.0
2,2025-01-15 05:41:13,2025-01-15 05:46:36,1.0,1.07,1.0,N,48,161,1,7.2,1.0,0.5,3.24,0.0,1.0,16.19,2.5,0.0,0.75
2,2025-01-02 14:03:47,2025-01-02 14:13:15,1.0,0.49,1.0,N,137,162,1,9.3,0.0,0.5,2.66,0.0,1.0,15.96,2.5,0.0,0.0
2,2025-01-12 21:28:07,2025-01-12 21:36:47,,2.06,,,113,87,0,14.15,0.0,0.5,0.0,0.0,1.0,18.9,,,0.75
2,2025-01-29 18:22:09,2025-01-29 18:37:04,,0.0,,,164,229,0,10.2,0.0,0.5,0.0,0.0,1.0,14.95,,,0.75
2,2025-01-14 15:32:12,2025-01-14 15:54:47,1.0,3.55,1.0,N,246,45,1,21.9,0.0,0.5,5.33,0.0,1.0,31.98,2.5,0.0,0.75
2,2025-01-08 21:31:17,2025-01-08 21:44:41,,2.1,,,170,158,0,13.55,0.0,0.5,0.0,0.0,1.0,18.3,,,0.75
2,2025-01-16 13:29:15,2025-01-16 13:34:56,1.0,1.07,1.0,N,43,141,1,7.9,0.0,0.5,2.98,0.0,1.0,14.88,2.5,0.0,0.0
2,2025-01-18 20:13:20,2025-01-18 20:22:01,2.0,1.62,1.0,N,239,141,1,10.7,1.0,0.5,0.0,0.0,1.0,15.7,2.5,0.0,0.0
2,2025-01-25 10:16:54,2025-01-25 10:27:26,1.0,4.89,1.0,N,170,88,1,21.2,0.0,0.5,5.19,0.0,1.0,31.14,2.5,0.0,0.75
2,2025-01-02 13:02:24,2025-01-02 13:15:07,2.0,1.19,1.0,N,142,161,1,12.1,0.0,0.5,1.0,0.0,1.0,17.1,2.5,0.0,0.0
2,2025-01-16 21:26:24,2025-01-16 21:31:47,1.0,0.68,1.0,N,238,238,1,7.2,1.0,0.5,1.22,0.0,1.0,13.42,2.5,0.0,0.0
2,2025-01-30 15:39:01,2025-01-30 15:56:00,1.0,3.4,1.0,N,186,13,1,19.8,0.0,0.5,4.91,0.0,1.0,29.46,2.5,0.0,0.75
2,2025-01-23 08:21:26,2025-01-23 08:42:52,1.0,2.41,1.0,N,264,264,2,19.8,0.0,0.5,0.0,0.0,1.0,24.55,2.5,0.0,0.75
2,2025-01-31 15:28:22,2025-01-31 15:36:16,1.0,0.93,1.0,N,161,230,2,8.6,0.0,0.5,0.0,0.0,1.0,13.35,2.5,0.0,0.75
2,2025-01-16 06:24:28,2025-01-16 06:54:53,,6.62,,,193,61,0,33.63,0.0,0.5,0.0,0.0,1.0,35.13,,,0.0
2,2025-01-16 16:51:26,2025-01-16 16:57:55,1.0,1.21,1.0,N,239,142,1,8.6,2.5,0.5,3.02,0.0,1.0,18.12,2.5,0.0,0.0
2,2025-01-15 11:37:58,2025-01-15 11:40:49,1.0,0.48,1.0,N,43,142,1,5.1,0.0,0.5,1.97,0.0,1.0,11.82,2.5,0.0,0.75
2,2025-01-23 22:42:33,2025-01-23 22:56:36,2.0,2.53,1.0,N,142,166,1,16.3,1.0,0.5,4.26,0.0,1.0,25.56,2.5,0.0,0.0
2,2025-01-14 13:49:34,2025-01-14 14:06:17,1.0,1.56,1.0,N,163,239,1,15.6,0.0,0.5,4.07,0.0,1.0,24.42,2.5,0.0,0.75
2,2025-01-23 23:43:15,2025-01-23 23:54:24,1.0,3.38,1.0,N,231,217,1,17.0,1.0,0.5,0.0,0.0,1.0,22.75,2.5,0.0,0.75
1,2025-01-21 13:52:13,2025-01-21 13:59:37,1.0,1.0,1.0,N,68,246,1,8.6,3.25,0.5,2.65,0.0,1.0,16.0,2.5,0.0,0.75
2,2025-01-19 20:43:08,2025-01-19 21:02:36,,3.83,,,87,48,0,-4.75,0.0,0.5,0.0,0.0,1.0,4.16,,,0.75
1,2025-01-29 15:19:39,2025-01-29 15:26:53,,0.9,,,60,78,0,7.66,0.0,0.5,0.0,0.0,1.0,9.16,,,0.0
2,2025-01-10 23:15:31,2025-01-10 23:34:47,1.0,4.86,1.0,N,114,141,1,24.7,1.0,0.5,6.09,0.0,1.0,36.54,2.5,0.0,0.75
1,2025-01-01 15:03:33,2025-01-01 15:16:07,1.0,1.8,1.0,N,239,163,1,12.1,2.5,0.5,3.2,0.0,1.0,19.3,2.5,0.0,0.0
2,2025-01-28 12:37:05,2025-01-28 12:51:46,1.0,2.27,1.0,N,142,151,1,14.9,0.0,0.5,5.89,0.0,1.0,25.54,2.5,0.0,0.75
1,2025-01-15 14:42:28,2025-01-15 14:53:50,1.0,1.6,1.0,Y,170,113,1,12.1,3.25,0.5,3.35,0.0,1.0,20.2,2.5,0.0,0.75
2,2025-01-24 23:31:50,2025-01-24 23:38:05,,1.62,,,236,151,0,8.08,0.0,0.5,0.0,0.0,1.0,12.08,,,0.0
2,2025-01-07 12:11:23,2025-01-07 12:34:39,1.0,2.39,1.0,N,75,142,1,21.9,0.0,0.5,5.18,0.0,1.0,31.08,2.5,0.0,0.0
2,2025-01-31 22:41:54,2025-01-31 22:51:23,1.0,0.92,1.0,N,158,113,2,10.0,1.0,0.5,0.0,0.0,1.0,15.75,2.5,0.0,0.75
1,2025-01-26 15:01:09,2025-01-26 15:06:44,1.0,0.6,1.0,N,234,90,1,7.2,3.25,0.5,0.5,0.0,1.0,12.45,2.5,0.0,0.75
2,2025-01-27 17:34:36,2025-01-27 17:46:08,,0.0,,,234,246,0,13.39,0.0,0.5,0.0,0.0,1.0,18.14,,,0.75
2,2025-01-05 22:21:24,2025-01-05 22:32:00,1.0,2.11,1.0,N,230,249,1,12.1,1.0,0.5,3.57,0.0,1.0,21.42,2.5,0.0,0.75
2,2025-01-24 16:45:34,2025-01-24 16:48:09,2.0,0.27,1.0,N,211,211,1,4.4,2.5,0.5,2.33,0.0,1.0,13.98,2.5,0.0,0.75
2,2025-01-11 13:57:18,2025-01-11 14:01:16,1.0,0.87,1.0,N,261,211,2,6.5,0.0,0.5,0.0,0.0,1.0,11.25,2.5,0.0,0.75
2,2025-01-27 17:07:41,2025-01-27 17:27:20,2.0,2.45,1.0,N,170,211,1,17.7,2.5,0.5,4.99,0.0,1.0,29.94,2.5,0.0,0.75
2,2025-01-27 17:23:24,2025-01-27 17:29:30,1.0,1.22,1.0,N,237,236,1,8.6,2.5,0.5,1.0,0.0,1.0,16.85,2.5,0.0,0.75
2,2025-01-04 02:17:54,2025-01-04 02:21:42,1.0,0.72,1.0,N,114,79,1,6.5,1.0,0.5,2.3,0.0,1.0,13.8,2.5,0.0,0.0
2,2025-01-24 20:06:13,2025-01-24 20:20:23,1.0,0.92,1.0,N,234,107,1,12.8,1.0,0.5,3.71,0.0,1.0,22.26,2.5,0.0,0.75
2,2025-01-26 22:39:01,2025-01-26 22:49:30,1.0,2.46,1.0,N,162,249,1,13.5,1.0,0.5,2.0,0.0,1.0,21.25,2.5,0.0,0.75
2,2025-01-28 23:57:04,2025-01-29 00:04:27,1.0,1.4,1.0,N,7,223,1,9.3,1.0,0.5,2.95,0.0,1.0,14.75,0.0,0.0,0.0
2,2025-01-09 17:03:00,2025-01-09 17:25:00,,4.83,,,151,246,0,-4.75,0.0,0.5,0.0,0.0,1.0,5.64,,,0.75
2,2025-01-08 08:22:33,2025-01-08 08:36:39,1.0,2.47,1.0,N,114,161,1,14.9,0.0,0.5,3.93,0.0,1.0,23.58,2.5,0.0,0.75
2,2025-01-02 09:24:31,2025-01-02 09:49:31,1.0,2.82,1.0,N,162,140,2,22.6,0.0,0.5,0.0,0.0,1.0,26.6,2.5,0.0,0.0
1,2025-01-04 18:28:37,2025-01-04 18:49:02,2.0,1.2,1.0,N,230,233,1,17.7,2.5,0.5,4.3,0.0,1.0,26.0,2.5,0.0,0.0
2,2025-01-26 20:42:03,2025-01-26 21:19:43,1.0,17.32,2.0,N,132,164,2,70.0,0.0,0.5,0.0,6.94,1.0,83.44,2.5,1.75,0.75
2,2025-01-24 22:20:56,2025-01-24 22:35:40,,1.91,,,239,262,0,14.0,0.0,0.5,0.0,0.0,1.0,18.0,,,0.0
2,2025-01-13 20:27:19,2025-01-13 20:33:24,1.0,1.23,1.0,N,170,224,1,8.6,1.0,0.5,3.59,0.0,1.0,17.94,2.5,0.0,0.75
1,2025-01-25 20:44:55,2025-01-25 20:48:20,1.0,0.4,1.0,N,158,249,1,5.1,4.25,0.5,2.15,0.0,1.0,13.0,2.5,0.0,0.75
1,2025-01-31 22:37:01,2025-01-31 22:51:09,,1.8,,,113,224,0,13.17,0.0,0.5,0.0,0.0,1.0,17.92,,,0.75
2,2025-01-17 09:36:27,2025-01-17 09:50:45,,1.75,,,50,161,0,-4.75,0.0,0.5,0.0,0.0,1.0,4.83,,,0.75
2,2025-01-01 17:27:56,2025-01-01 18:00:04,1.0,9.13,1.0,N,68,227,1,42.9,0.0,0.5,0.0,6.94,1.0,53.84,2.5,0.0,0.0
1,2025-01-30 08:35:20,2025-01-30 08:46:47,1.0,0.7,1.0,N,163,162,1,10.0,3.25,0.5,2.95,0.0,1.0,17.7,2.5,0.0,0.75
2,2025-01-24 19:57:00,2025-01-24 20:08:16,1.0,1.14,1.0,N,234,100,1,11.4,2.5,0.5,4.66,0.0,1.0,23.31,2.5,0.0,0.75
2,2025-01-21 07:44:48,2025-01-21 07:49:16,1.0,0.8,1.0,N,229,162,1,6.5,0.0,0.5,2.0,0.0,1.0,13.25,2.5,0.0,0.75
2,2025-01-26 15:08:18,2025-01-26 15:15:22,1.0,0.8,1.0,N,75,236,1,7.9,0.0,0.5,2.5,0.0,1.0,14.4,2.5,0.0,0.0
2,2025-01-29 23:20:22,2025-01-29 23:30:29,1.0,1.77,1.0,N,100,141,1,11.4,1.0,0.5,3.09,0.0,1.0,20.24,2.5,0.0,0.75
2,2025-01-27 18:52:24,2025-01-27 18:57:45,1.0,0.72,1.0,N,90,246,1,7.2,2.5,0.5,2.89,0.0,1.0,17.34,2.5,0.0,0.75
2,2025-01-09 08:54:57,2025-01-09 09:09:42,1.0,1.27,1.0,N,107,90,2,14.2,0.0,0.5,0.0,0.0,1.0,18.95,2.5,0.0,0.75
2,2025-01-24 19:48:30,2025-01-24 19:56:01,1.0,0.93,1.0,N,148,79,1,8.6,2.5,0.5,2.38,0.0,1.0,18.23,2.5,0.0,0.75
2,2025-01-26 22:14:45,2025-01-26 22:28:32,1.0,3.34,1.0,N,238,161,1,18.4,1.0,0.5,3.0,0.0,1.0,27.15,2.5,0.0,0.75
2,2025-01-06 10:54:18,2025-01-06 10:59:28,1.0,0.79,1.0,N,236,236,1,7.2,0.0,0.5,2.24,0.0,1.0,13.44,2.5,0.0,0.0
2,2025-01-07 07:14:52,2025-01-07 07:32:12,1.0,6.17,1.0,N,162,66,1,27.5,0.0,0.5,6.45,0.0,1.0,38.7,2.5,0.0,0.75
2,2025-01-30 10:01:49,2025-01-30 10:28:52,1.0,3.15,1.0,N,231,170,1,25.4,0.0,0.5,6.03,0.0,1.0,36.18,2.5,0.0,0.75
2,2025-01-16 15:53:55,2025-01-16 16:29:22,1.0,12.9,1.0,N,132,265,1,52.7,0.0,0.5,11.19,0.0,1.0,67.14,0.0,1.75,0.0
2,2025-01-08 00:30:44,2025-01-08 01:05:33,2.0,18.11,1.0,N,132,66,1,71.6,1.0,0.5,0.0,0.0,1.0,75.85,0.0,1.75,0.0
2,2025-01-29 17:00:58,2025-01-29 17:12:14,2.0,1.62,1.0,N,239,237,1,12.1,2.5,0.5,1.86,0.0,1.0,20.46,2.5,0.0,0.0
2,2025-01-24 19:45:03,2025-01-24 19:55:08,1.0,1.73,1.0,N,70,129,1,12.1,7.5,0.5,4.22,0.0,1.0,27.07,0.0,1.75,0.0
2,2025-01-16 23:18:32,2025-01-16 23:27:14,1.0,1.21,1.0,N,163,141,1,10.0,1.0,0.5,2.84,0.0,1.0,18.59,2.5,0.0,0.75
2,2025-01-30 14:25:59,2025-01-30 14:52:01,1.0,5.04,1.0,N,75,48,1,30.3,0.0,0.5,8.06,0.0,1.0,43.11,2.5,0.0,0.75
2,2025-01-31 18:02:11,2025-01-31 18:12:25,1.0,1.23,1.0,N,237,229,1,10.7,2.5,0.5,1.8,0.0,1.0,19.75,2.5,0.0,0.75
2,2025-01-08 20:52:09,2025-01-08 20:58:05,1.0,0.91,1.0,N,114,234,1,7.9,1.0,0.5,2.73,0.0,1.0,16.38,2.5,0.0,0.75
2,2025-01-26 11:25:09,2025-01-26 11:27:19,1.0,0.54,1.0,N,141,263,1,4.4,0.0,0.5,1.68,0.0,1.0,10.08,2.5,0.0,0.0
1,2025-01-21 16:25:53,2025-01-21 16:35:24,1.0,1.1,1.0,N,229,43,1,8.6,5.75,0.5,2.0,0.0,1.0,17.85,2.5,0.0,0.75
2,2025-01-13 12:36:57,2025-01-13 13:01:05,1.0,8.77,1.0,N,138,164,1,38.7,5.0,0.5,11.43,6.94,1.0,68.57,2.5,1.75,0.75
1,2025-01-07 10:54:43,2025-01-07 11:00:27,1.0,0.8,1.0,N,237,163,1,6.5,3.25,0.5,1.0,0.0,1.0,12.25,2.5,0.0,0.75
2,2025-01-04 14:07:19,2025-01-04 14:18:53,2.0,1.27,1.0,N,142,161,1,11.4,0.0,0.5,3.08,0.0,1.0,18.48,2.5,0.0,0.0
2,2025-01-17 09:27:59,2025-01-17 09:33:48,1.0,1.06,1.0,N,236,43,1,7.9,0.0,0.5,2.38,0.0,1.0,14.28,2.5,0.0,0.0
2,2025-01-14 10:47:06,2025-01-14 10:59:54,1.0,4.21,1.0,N,132,10,1,19.1,0.0,0.5,5.15,0.0,1.0,27.5,0.0,1.75,0.0
2,2025-01-25 20:35:45,2025-01-25 20:42:19,3.0,0.74,1.0,N,79,144,1,7.9,1.0,0.5,2.73,0.0,1.0,16.38,2.5,0.0,0.75
2,2025-01-06 11:42:56,2025-01-06 11:51:38,1.0,0.98,1.0,N,249,234,2,9.3,0.0,0.5,0.0,0.0,1.0,14.05,2.5,0.0,0.75
2,2025-01-17 14:36:20,2025-01-17 15:20:01,1.0,11.4,1.0,N,138,230,1,53.4,5.0,0.5,14.37,6.94,1.0,86.21,2.5,1.75,0.75
1,2025-01-11 00:29:56,2025-01-11 00:38:12,1.0,2.4,1.0,N,263,137,1,11.4,4.25,0.5,3.45,0.0,1.0,20.6,2.5,0.0,0.75
1,2025-01-17 11:34:35,2025-01-17 11:46:52,1.0,1.7,1.0,N,43,50,1,11.4,3.25,0.5,3.25,0.0,1.0,19.4,2.5,0.0,0.75
2,2025-01-04 12:05:02,2025-01-04 12:12:13,1.0,1.0,1.0,N,113,164,2,8.6,0.0,0.5,0.0,0.0,1.0,12.6,2.5,0.0,0.0
1,2025-01-01 15:55:05,2025-01-01 15:57:55,1.0,0.2,1.0,N,161,162,1,4.4,2.5,0.5,0.0,0.0,1.0,8.4,2.5,0.0,0.0
1,2025-01-16 20:19:08,2025-01-16 20:23:17,6.0,1.2,1.0,N,141,262,1,7.2,3.5,0.5,2.0,0.0,1.0,14.2,2.5,0.0,0.0
1,2025-01-23 13:38:00,2025-01-23 13:43:14,1.0,0.9,1.0,N,164,113,1,6.5,3.25,0.5,2.25,0.0,1.0,13.5,2.5,0.0,0.75
2,2025-01-16 09:41:00,2025-01-16 09:53:18,1.0,0.78,1.0,N,161,230,4,11.4,0.0,0.5,0.0,0.0,1.0,16.15,2.5,0.0,0.75
2,2025-01-29 19:59:11,2025-01-29 20:04:21,1.0,0.96,1.0,N,233,229,2,7.2,2.5,0.5,0.0,0.0,1.0,14.45,2.5,0.0,0.75
2,2025-01-09 13:26:12,2025-01-09 13:30:55,1.0,0.5,1.0,N,238,238,1,6.5,0.0,0.5,2.1,0.0,1.0,12.6,2.5,0.0,0.0
2,2025-01-19 23:43:32,2025-01-19 23:50:26,,0.92,,,226,146,0,-1.5,0.0,0.5,0.0,0.0,1.0,3.0,,,0.0
1,2025-01-16 12:38:38,2025-01-16 13:18:00,1.0,17.9,3.0,N,162,1,1,90.2,0.75,0.0,14.0,17.06,1.0,123.01,0.0,0.0,0.75
2,2025-01-19 11:31:52,2025-01-19 11:53:31,,10.45,,,234,138,0,38.67,0.0,0.5,7.55,6.94,1.0,57.91,,,0.75
1,2025-01-18 04:18:56,2025-01-18 04:21:19,2.0,0.5,1.0,N,263,237,1,5.1,3.5,0.5,2.5,0.0,1.0,12.6,2.5,0.0,0.0
1,2025-01-14 08:18:22,2025-01-14 08:21:20,1.0,0.6,1.0,Y,162,170,1,5.1,3.25,0.5,1.95,0.0,1.0,11.8,2.5,0.0,0.75
1,2025-01-30 09:54:11,2025-01-30 10:01:10,1.0,1.0,1.0,N,107,164,1,7.2,3.25,0.5,1.05,0.0,1.0,13.0,2.5,0.0,0.75
2,2025-01-29 20:24:18,2025-01-29 20:34:41,1.0,1.66,1.0,N,237,143,1,12.1,1.0,0.5,3.42,0.0,1.0,20.52,2.5,0.0,0.0
2,2025-01-31 18:05:27,2025-01-31 18:13:56,1.0,1.12,1.0,N,166,41,1,9.3,2.5,0.5,2.66,0.0,1.0,15.96,0.0,0.0,0.0
2,2025-01-31 08:49:21,2025-01-31 09:07:55,1.0,3.15,1.0,N,140,50,2,18.4,0.0,0.5,0.0,0.0,1.0,23.15,2.5,0.0,0.75
2,2025-01-25 13:13:54,2025-01-25 13:50:54,2.0,18.22,2.0,N,132,234,1,70.0,0.0,0.5,16.34,6.94,1.0,99.78,2.5,1.75,0.75
2,2025-01-25 18:27:15,2025-01-25 18:31:37,1.0,0.61,1.0,N,233,137,1,5.8,0.0,0.5,2.11,0.0,1.0,12.66,2.5,0.0,0.75
2,2025-01-31 18:14:18,2025-01-31 18:18:01,2.0,0.48,1.0,N,234,90,1,5.1,2.5,0.5,2.47,0.0,1.0,14.82,2.5,0.0,0.75
1,2025-01-19 19:15:34,2025-01-19 19:58:40,,4.4,,,87,237,0,10.08,0.0,0.5,0.0,0.0,1.0,14.83,,,0.75
2,2025-01-27 09:36:27,2025-01-27 09:44:31,1.0,0.76,1.0,N,162,230,1,8.6,0.0,0.5,0.0,0.0,1.0,13.35,2.5,0.0,0.75
2,2025-01-19 12:18:24,2025-01-19 12:36:30,1.0,5.13,1.0,N,107,263,1,24.7,0.0,0.5,5.89,0.0,1.0,35.34,2.5,0.0,0.75
2,2025-01-08 08:19:11,2025-01-08 08:29:03,1.0,1.45,1.0,N,50,68,2,11.4,0.0,0.5,0.0,0.0,1.0,16.15,2.5,0.0,0.75
2,2025-01-20 10:54:12,2025-01-20 11:04:05,5.0,2.08,1.0,N,249,246,1,12.1,0.0,0.5,4.21,0.0,1.0,21.06,2.5,0.0,0.75
2,2025-01-31 15:11:03,2025-01-31 15:23:46,1.0,1.55,1.0,N,158,144,1,12.8,0.0,0.5,3.51,0.0,1.0,21.06,2.5,0.0,0.75
1,2025-01-16 12:00:41,2025-01-16 12:22:20,1.0,8.9,1.0,N,238,138,1,36.6,5.0,0.5,7.0,6.94,1.0,57.04,0.0,0.0,0.0
2,2025-01-11 22:16:51,2025-01-11 22:36:13,2.0,3.75,1.0,N,141,4,1,21.2,1.0,0.5,0.01,0.0,1.0,26.96,2.5,0.0,0.75
2,2025-01-11 23:09:23,2025-01-11 23:47:41,,7.01,,,91,37,0,37.77,0.0,0.5,0.0,0.0,1.0,39.27,,,0.0
1,2025-01-08 09:12:39,2025-01-08 09:28:43,1.0,1.5,1.0,N,114,231,1,13.5,3.25,0.5,3.65,0.0,1.0,21.9,2.5,0.0,0.75
1,2025-01-09 09:23:45,2025-01-09 09:28:42,1.0,0.9,1.0,N,68,68,1,7.2,3.25,0.5,5.0,0.0,1.0,16.95,2.5,0.0,0.75
2,2025-01-11 23:08:17,2025-01-11 23:25:07,3.0,2.63,1.0,N,114,162,1,17.0,1.0,0.5,4.55,0.0,1.0,27.3,2.5,0.0,0.75
2,2025-01-14 18:37:28,2025-01-14 18:45:22,3.0,1.06,1.0,N,263,141,1,9.3,2.5,0.5,3.16,0.0,1.0,18.96,2.5,0.0,0.0
2,2025-01-05 15:07:49,2025-01-05 15:26:01,1.0,4.63,1.0,N,249,239,1,24.0,0.0,0.5,2.0,0.0,1.0,30.75,2.5,0.0,0.75
2,2025-01-04 21:35:16,2025-01-04 21:54:11,1.0,3.57,1.0,N,148,246,1,21.2,1.0,0.5,5.24,0.0,1.0,31.44,2.5,0.0,0.0
2,2025-01-28 20:42:13,2025-01-28 20:49:30,1.0,1.61,1.0,N,236,238,1,10.0,1.0,0.5,3.0,0.0,1.0,18.0,2.5,0.0,0.0
2,2025-01-06 09:09:45,2025-01-06 09:26:37,1.0,1.62,1.0,N,186,161,1,15.6,0.0,0.5,3.05,0.0,1.0,23.4,2.5,0.0,0.75
2,2025-01-05 11:47:10,2025-01-05 12:00:50,1.0,4.42,1.0,N,263,79,1,20.5,0.0,0.5,5.05,0.0,1.0,30.3,2.5,0.0,0.75
2,2025-01-06 07:15:29,2025-01-06 08:18:57,1.0,17.07,2.0,N,132,230,1,70.0,0.0,0.5,16.34,6.94,1.0,99.78,2.5,1.75,0.75
2,2025-01-28 12:21:51,2025-01-28 12:26:37,1.0,0.53,1.0,N,137,170,1,6.5,0.0,0.5,2.25,0.0,1.0,13.5,2.5,0.0,0.75
2,2025-01-25 21:33:50,2025-01-25 21:42:49,2.0,1.98,1.0,N,236,143,1,12.1,1.0,0.5,3.42,0.0,1.0,20.52,2.5,0.0,0.0
2,2025-01-31 23:14:05,2025-01-31 23:31:40,,3.1,,,141,151,0,13.14,0.0,0.5,0.0,0.0,1.0,17.14,,,0.0
2,2025-01-09 14:08:51,2025-01-09 14:42:33,1.0,4.0,1.0,N,236,113,1,30.3,0.0,0.5,7.01,0.0,1.0,42.06,2.5,0.0,0.75
2,2025-01-04 01:35:19,2025-01-04 01:49:53,1.0,5.45,1.0,N,4,40,1,24.0,1.0,0.5,8.7,0.0,1.0,37.7,2.5,0.0,0.0
2,2025-01-09 12:18:40,2025-01-09 12:21:50,1.0,0.46,1.0,N,75,236,1,5.1,0.0,0.5,1.82,0.0,1.0,10.92,2.5,0.0,0.0
2,2025-01-08 18:06:38,2025-01-08 18:14:05,1.0,0.65,1.0,N,230,48,1,7.9,2.5,0.5,1.0,0.0,1.0,16.15,2.5,0.0,0.75
2,2025-01-21 16:35:28,2025-01-21 16:45:37,1.0,1.76,1.0,N,249,13,1,11.4,2.5,0.5,3.73,0.0,1.0,22.38,2.5,0.0,0.75
2,2025-01-29 17:59:00,2025-01-29 18:05:00,,0.7,,,68,234,0,10.1,0.0,0.5,0.0,0.0,1.0,14.85,,,0.75
2,2025-01-24 13:27:45,2025-01-24 13:45:13,1.0,1.78,1.0,N,164,211,1,15.6,0.0,0.5,2.0,0.0,1.0,22.35,2.5,0.0,0.75
2,2025-01-25 14:00:18,2025-01-25 14:07:09,1.0,1.06,1.0,N,263,140,1,8.6,0.0,0.5,1.0,0.0,1.0,13.6,2.5,0.0,0.0
2,2025-01-28 20:15:22,2025-01-28 20:23:47,2.0,1.28,1.0,N,68,170,1,9.3,1.0,0.5,3.01,0.0,1.0,18.06,2.5,0.0,0.75
1,2025-01-06 11:35:57,2025-01-06 11:46:19,1.0,0.7,1.0,N,163,237,1,8.6,2.5,0.5,10.0,0.0,1.0,22.6,2.5,0.0,0.0
2,2025-01-05 17:36:07,2025-01-05 18:10:14,1.0,12.76,1.0,N,138,261,1,52.0,5.0,0.5,13.74,6.94,1.0,84.18,2.5,1.75,0.75
2,2025-01-14 15:56:48,2025-01-14 16:08:30,2.0,2.35,1.0,N,161,234,2,13.5,0.0,0.5,0.0,0.0,1.0,18.25,2.5,0.0,0.75
2,2025-01-25 20:55:07,2025-01-25 20:58:26,1.0,0.43,1.0,N,234,137,1,5.1,1.0,0.5,2.17,0.0,1.0,13.02,2.5,0.0,0.75
2,2025-01-05 09:26:26,2025-01-05 09:36:50,1.0,1.91,1.0,N,24,74,1,12.1,0.0,0.5,2.72,0.0,1.0,16.32,0.0,0.0,0.0
2,2025-01-17 16:47:06,2025-01-17 16:57:01,1.0,1.18,1.0,N,239,238,1,10.7,2.5,0.5,3.44,0.0,1.0,20.64,2.5,0.0,0.0
2,2025-01-20 12:50:40,2025-01-20 12:56:06,1.0,0.65,1.0,N,163,162,1,7.2,0.0,0.5,2.39,0.0,1.0,14.34,2.5,0.0,0.75
2,2025-01-28 20:13:01,2025-01-28 20:27:24,1.0,2.77,1.0,N,186,148,1,15.6,1.0,0.5,2.0,0.0,1.0,23.35,2.5,0.0,0.75
2,2025-01-14 14:55:22,2025-01-14 15:07:06,1.0,2.21,1.0,N,142,236,2,14.2,0.0,0.5,0.0,0.0,1.0,18.2,2.5,0.0,0.0
2,2025-01-11 19:06:40,2025-01-11 19:16:03,1.0,0.91,1.0,N,113,249,1,9.3,0.0,0.5,0.0,0.0,1.0,14.05,2.5,0.0,0.75
2,2025-01-25 12:44:23,2025-01-25 12:55:29,1.0,0.87,1.0,N,100,246,1,10.7,0.0,0.5,3.09,0.0,1.0,18.54,2.5,0.0,0.75
2,2025-01-20 10:38:16,2025-01-20 10:52:39,1.0,2.93,1.0,N,237,246,1,16.3,0.0,0.5,4.21,0.0,1.0,25.26,2.5,0.0,0.75
1,2025-01-08 12:20:16,2025-01-08 12:28:20,1.0,1.1,1.0,N,107,249,1,8.6,3.25,0.5,2.67,0.0,1.0,16.02,2.5,0.0,0.75
2,2025-01-27 16:14:38,2025-01-27 16:45:01,1.0,4.58,1.0,N,158,236,1,28.9,2.5,0.5,7.23,0.0,1.0,43.38,2.5,0.0,0.75
2,2025-01-19 00:28:12,2025-01-19 00:37:44,,1.65,,,148,158,0,-4.75,0.0,0.5,0.0,0.0,1.0,4.38,,,0.75
2,2025-01-11 11:37:09,2025-01-11 11:43:18,1.0,1.41,1.0,N,163,43,2,9.3,0.0,0.5,0.0,0.0,1.0,14.05,2.5,0.0,0.75
1,2025-01-01 20:34:02,2025-01-01 20:41:56,1.0,2.1,1.0,N,229,236,1,11.4,3.5,0.5,3.25,0.0,1.0,19.65,2.5,0.0,0.0
2,2025-01-11 08:51:39,2025-01-11 08:57:07,1.0,1.33,1.0,N,249,231,1,8.6,0.0,0.5,2.0,0.0,1.0,15.35,2.5,0.0,0.75
2,2025-01-30 09:04:41,2025-01-30 09:35:25,1.0,10.01,1.0,N,138,162,1,41.5,5.0,0.5,10.79,6.94,1.0,70.73,2.5,1.75,0.75
1,2025-01-11 12:50:27,2025-01-11 13:09:49,2.0,3.7,1.0,N,238,68,1,19.8,3.25,0.5,3.0,0.0,1.0,27.55,2.5,0.0,0.75
1,2025-01-09 15:48:30,2025-01-09 15:56:22,1.0,0.8,1.0,N,237,142,1,7.9,3.25,0.5,1.89,0.0,1.0,14.54,2.5,0.0,0.75
2,2025-01-29 10:50:03,2025-01-29 11:20:04,1.0,5.57,1.0,N,186,7,1,31.0,0.0,0.5,10.67,6.94,1.0,53.36,2.5,0.0,0.75
1,2025-01-16 19:32:16,2025-01-16 19:44:05,2.0,1.4,1.0,N,249,231,1,10.7,5.75,0.5,1.8,0.0,1.0,19.75,2.5,0.0,0.75
1,2025-01-09 14:24:02,2025-01-09 14:33:35,1.0,1.1,1.0,N,141,236,1,10.0,2.5,0.5,1.0,0.0,1.0,15.0,2.5,0.0,0.0
2,2025-01-20 07:25:01,2025-01-20 07:36:48,,4.12,,,257,195,0,15.97,0.0,0.5,0.0,0.0,1.0,17.47,,,0.0
2,2025-01-18 17:06:53,2025-01-18 17:28:52,1.0,2.54,1.0,N,229,246,1,19.8,0.0,0.5,4.91,0.0,1.0,29.46,2.5,0.0,0.75
2,2025-01-11 13:05:00,2025-01-11 13:19:28,1.0,2.58,1.0,N,161,75,1,15.6,0.0,0.5,5.09,0.0,1.0,25.44,2.5,0.0,0.75
2,2025-01-30 19:39:51,2025-01-30 19:53:23,1.0,1.86,1.0,N,68,142,1,13.5,2.5,0.5,2.0,0.0,1.0,22.75,2.5,0.0,0.75
2,2025-01-01 17:36:07,2025-01-01 18:08:37,,4.68,,,231,230,0,8.73,0.0,0.5,0.0,0.0,1.0,20.82,,,0.0
2,2025-01-29 07:39:08,2025-01-29 07:51:29,1.0,2.2,1.0,N,262,233,2,14.2,0.0,0.5,0.0,0.0,1.0,18.95,2.5,0.0,0.75
2,2025-01-26 07:37:38,2025-01-26 08:07:15,1.0,17.23,2.0,N,230,132,1,70.0,0.0,0.5,16.34,6.94,1.0,98.03,2.5,0.0,0.75
2,2025-01-23 22:49:33,2025-01-23 23:03:15,,2.04,,,249,170,0,13.38,0.0,0.5,0.0,0.0,1.0,18.13,,,0.75
2,2025-01-09 07:45:10,2025-01-09 07:58:55,1.0,5.41,1.0,N,142,244,2,24.0,0.0,0.5,0.0,0.0,1.0,28.0,2.5,0.0,0.0
2,2025-01-10 01:58:43,2025-01-10 02:07:00,1.0,2.2,1.0,N,48,238,1,12.1,1.0,0.5,2.0,0.0,1.0,19.85,2.5,0.0,0.75
2,2025-01-10 20:17:11,2025-01-10 20:36:04,1.0,2.95,1.0,N,234,141,1,19.1,1.0,0.5,2.0,0.0,1.0,26.85,2.5,0.0,0.75
2,2025-01-26 00:36:28,2025-01-26 00:43:12,,0.98,,,231,13,0,11.86,0.0,0.5,0.0,0.0,1.0,16.61,,,0.75
2,2025-01-18 00:38:00,2025-01-18 01:00:00,,5.52,,,211,263,0,-4.75,0.0,0.5,0.0,0.0,1.0,4.15,,,0.75
2,2025-01-05 17:52:59,2025-01-05 18:01:18,1.0,1.45,1.0,N,107,79,1,10.0,0.0,0.5,0.0,0.0,1.0,14.75,2.5,0.0,0.75
2,2025-01-02 12:28:13,2025-01-02 12:54:16,2.0,11.88,1.0,N,138,211,1,47.8,5.0,0.5,11.36,0.0,1.0,69.91,2.5,1.75,0.0
2,2025-01-28 18:07:44,2025-01-28 18:21:46,,0.0,,,262,170,0,21.62,0.0,0.5,1.32,0.0,1.0,27.69,,,0.75
2,2025-01-29 11:14:48,2025-01-29 11:21:59,1.0,0.63,1.0,N,161,170,1,7.9,0.0,0.5,2.53,0.0,1.0,15.18,2.5,0.0,0.75
2,2025-01-17 00:26:56,2025-01-17 00:42:16,1.0,9.39,1.0,N,132,56,2,35.9,1.0,0.5,0.0,0.0,1.0,40.15,0.0,1.75,0.0
2,2025-01-04 21:18:41,2025-01-04 21:31:52,1.0,1.3,1.0,N,114,90,1,12.8,1.0,0.5,1.78,0.0,1.0,19.58,2.5,0.0,0.0
2,2025-01-11 17:23:44,2025-01-11 17:33:32,,1.24,,,233,224,0,10.48,0.0,0.5,0.0,0.0,1.0,15.23,,,0.75
2,2025-01-24 19:14:45,2025-01-24 19:28:27,3.0,1.7,1.0,N,43,162,1,13.5,2.5,0.5,4.15,0.0,1.0,24.9,2.5,0.0,0.75
2,2025-01-20 21:35:51,2025-01-20 21:54:38,1.0,7.05,1.0,N,138,255,1,31.7,6.0,0.5,11.76,0.0,1.0,52.71,0.0,1.75,0.0
1,2025-01-17 08:30:49,2025-01-17 08:48:49,,2.9,,,125,161,0,20.27,0.0,0.5,0.0,0.0,1.0,25.02,,,0.75
2,2025-01-18 14:42:14,2025-01-18 15:25:18,1.0,13.67,5.0,N,256,132,1,82.0,0.0,0.0,16.6,0.0,1.0,99.6,0.0,0.0,0.0
2,2025-01-11 16:50:55,2025-01-11 17:20:22,1.0,9.65,1.0,N,43,231,1,42.2,0.0,0.5,9.39,0.0,1.0,56.34,2.5,0.0,0.75
2,2025-01-09 12:43:24,2025-01-09 12:53:10,1.0,1.06,1.0,N,170,90,1,10.0,0.0,0.5,3.69,0.0,1.0,18.44,2.5,0.0,0.75
2,2025-01-21 13:32:06,2025-01-21 13:42:29,1.0,1.02,1.0,N,100,90,1,10.7,0.0,0.5,2.0,0.0,1.0,17.45,2.5,0.0,0.75
2,2025-01-15 18:39:51,2025-01-15 19:00:17,1.0,2.24,1.0,N,140,143,1,18.4,2.5,0.5,3.74,0.0,1.0,28.64,2.5,0.0,0.0
2,2025-01-02 16:09:04,2025-01-02 16:39:42,2.0,9.73,1.0,N,239,138,1,43.6,7.5,0.5,7.96,6.94,1.0,70.0,2.5,0.0,0.0
2,2025-01-27 21:23:52,2025-01-27 21:34:24,,1.71,,,170,224,0,-4.75,0.0,0.5,0.0,0.0,1.0,5.0,,,0.75
2,2025-01-12 08:29:00,2025-01-12 08:38:20,2.0,1.64,1.0,N,246,158,1,11.4,0.0,0.5,3.23,0.0,1.0,19.38,2.5,0.0,0.75
2,2025-01-25 22:56:46,2025-01-25 23:12:47,,1.64,,,50,164,0,18.26,0.0,0.5,0.0,0.0,1.0,23.01,,,0.75
2,2025-01-08 16:57:22,2025-01-08 17:33:05,1.0,5.02,1.0,N,163,247,1,31.0,2.5,0.5,9.56,0.0,1.0,47.81,2.5,0.0,0.75
2,2025-01-22 17:30:48,2025-01-22 17:51:32,3.0,4.66,1.0,N,231,163,1,24.7,2.5,0.5,6.39,0.0,1.0,38.34,2.5,0.0,0.75
2,2025-01-28 16:28:00,2025-01-28 16:41:10,1.0,2.24,1.0,N,113,246,1,13.5,2.5,0.5,2.0,0.0,1.0,22.75,2.5,0.0,0.75
2,2025-01-21 09:07:40,2025-01-21 09:23:20,1.0,2.0,1.0,N,249,137,1,14.9,0.0,0.5,0.0,0.0,1.0,19.65,2.5,0.0,0.75
1,2025-01-24 09:10:11,2025-01-24 10:24:35,1.0,22.9,99.0,N,39,141,1,64.5,0.0,0.5,0.0,0.0,0.0,65.0,0.0,0.0,0.0
2,2025-01-22 07:19:02,2025-01-22 07:24:02,1.0,0.78,1.0,N,90,100,1,7.2,0.0,0.5,0.0,0.0,1.0,11.95,2.5,0.0,0.75
2,2025-01-24 12:18:50,2025-01-24 12:27:46,1.0,0.96,1.0,N,237,236,1,10.0,0.0,0.5,3.5,0.0,1.0,17.5,2.5,0.0,0.0
1,2025-01-10 07:14:58,2025-01-10 07:27:10,1.0,2.1,1.0,N,151,74,1,13.5,0.0,0.5,2.0,0.0,1.0,17.0,0.0,0.0,0.0
2,2025-01-18 08:41:35,2025-01-18 08:46:37,2.0,0.58,1.0,N,229,163,1,6.5,0.0,0.5,2.25,0.0,1.0,13.5,2.5,0.0,0.75
2,2025-01-06 13:09:17,2025-01-06 13:16:57,1.0,0.65,1.0,N,236,236,1,8.6,0.0,0.5,2.0,0.0,1.0,14.6,2.5,0.0,0.0
2,2025-01-21 19:53:45,2025-01-21 19:59:13,1.0,0.62,1.0,N,262,236,1,6.5,2.5,0.5,1.95,0.0,1.0,14.95,2.5,0.0,0.0
2,2025-01-11 12:37:20,2025-01-11 12:55:35,1.0,3.67,1.0,N,141,246,1,20.5,0.0,0.5,5.05,0.0,1.0,30.3,2.5,0.0,0.75
2,2025-01-21 09:03:50,2025-01-21 09:12:22,1.0,1.41,1.0,N,263,229,1,10.0,0.0,0.5,2.95,0.0,1.0,17.7,2.5,0.0,0.75
2,2025-01-13 19:49:31,2025-01-13 20:09:24,1.0,2.88,1.0,N,162,158,1,19.1,2.5,0.5,5.27,0.0,1.0,31.62,2.5,0.0,0.75
2,2025-01-13 21:32:17,2025-01-13 21:38:00,1.0,0.9,1.0,N,164,90,1,7.9,1.0,0.5,2.73,0.0,1.0,16.38,2.5,0.0,0.75
1,2025-01-30 14:54:37,2025-01-30 15:09:52,1.0,2.0,1.0,N,142,75,1,16.3,2.5,0.5,4.06,0.0,1.0,24.36,2.5,0.0,0.0
1,2025-01-21 00:53:46,2025-01-21 01:15:07,,9.3,,,197,145,0,32.06,0.0,0.5,0.0,0.0,1.0,33.56,,,0.0
2,2025-01-28 14:10:42,2025-01-28 14:34:40,1.0,4.17,1.0,N,236,116,2,25.4,0.0,0.5,0.0,0.0,1.0,29.4,2.5,0.0,0.0
2,2025-01-18 21:31:59,2025-01-18 21:50:57,1.0,11.81,1.0,N,132,223,3,44.3,6.0,0.5,0.0,0.0,1.0,53.55,0.0,1.75,0.0
2,2025-01-27 21:16:16,2025-01-27 21:19:57,1.0,0.95,1.0,N,236,239,1,6.5,1.0,0.5,2.3,0.0,1.0,13.8,2.5,0.0,0.0
2,2025-01-06 16:33:35,2025-01-06 16:38:11,1.0,0.79,1.0,N,237,237,1,7.2,2.5,0.5,2.89,0.0,1.0,17.34,2.5,0.0,0.75
2,2025-01-03 08:09:41,2025-01-03 08:15:05,1.0,1.55,1.0,N,229,137,1,8.6,0.0,0.5,2.52,0.0,1.0,15.12,2.5,0.0,0.0
2,2025-01-23 20:46:32,2025-01-23 20:49:51,1.0,0.58,1.0,N,230,234,1,5.8,1.0,0.5,2.0,0.0,1.0,13.55,2.5,0.0,0.75
2,2025-01-29 11:48:43,2025-01-29 11:56:03,1.0,1.04,1.0,N,262,236,2,8.6,0.0,0.5,0.0,0.0,1.0,12.6,2.5,0.0,0.0
2,2025-01-05 17:09:59,2025-01-05 17:22:56,1.0,1.54,1.0,N,100,246,4,-12.8,0.0,-0.5,0.0,0.0,-1.0,-17.55,-2.5,0.0,0.0
2,2025-01-24 10:24:18,2025-01-24 10:38:48,1.0,1.1,1.0,N,162,236,1,13.5,0.0,0.5,3.65,0.0,1.0,21.9,2.5,0.0,0.75
2,2025-01-24 20:09:14,2025-01-24 20:14:24,2.0,0.8,1.0,N,68,90,1,7.2,1.0,0.5,2.59,0.0,1.0,15.54,2.5,0.0,0.75
2,2025-01-21 15:22:37,2025-01-21 15:47:14,1.0,8.46,1.0,N,236,138,1,37.3,5.0,0.5,10.65,6.94,1.0,63.89,2.5,0.0,0.0
2,2025-01-21 18:13:07,2025-01-21 18:14:22,1.0,0.27,1.0,N,236,236,1,3.7,2.5,0.5,2.04,0.0,1.0,12.24,2.5,0.0,0.0
1,2025-01-28 22:12:32,2025-01-28 22:24:08,1.0,4.8,1.0,N,132,10,1,20.5,2.75,0.5,4.95,0.0,1.0,29.7,0.0,1.75,0.0
2,2025-01-24 19:13:49,2025-01-24 19:21:38,1.0,0.95,1.0,N,249,90,1,8.6,2.5,0.5,0.79,0.0,1.0,16.64,2.5,0.0,0.75
1,2025-01-17 14:47:47,2025-01-17 14:53:46,1.0,0.7,1.0,N,114,249,1,7.2,3.25,0.5,2.39,0.0,1.0,14.34,2.5,0.0,0.75
2,2025-01-05 16:47:30,2025-01-05 16:47:34,1.0,0.0,5.0,N,255,255,1,85.55,0.0,0.0,5.0,0.0,1.0,91.55,0.0,0.0,0.0
2,2025-01-06 21:16:07,2025-01-06 21:34:29,1.0,5.28,1.0,N,113,151,1,24.0,1.0,0.5,5.95,0.0,1.0,35.7,2.5,0.0,0.75
1,2025-01-07 17:50:35,2025-01-07 18:06:20,1.0,3.0,1.0,N,161,231,1,17.0,5.75,0.5,4.0,0.0,1.0,28.25,2.5,0.0,0.75
2,2025-01-03 13:41:59,2025-01-03 13:57:13,2.0,2.03,1.0,N,249,170,1,15.6,0.0,0.5,3.92,0.0,1.0,23.52,2.5,0.0,0.0
2,2025-01-26 22:19:59,2025-01-26 22:27:02,1.0,1.43,1.0,N,90,107,1,9.3,1.0,0.5,3.01,0.0,1.0,18.06,2.5,0.0,0.75
2,2025-01-04 14:48:46,2025-01-04 14:59:52,1.0,1.26,1.0,N,231,113,1,11.4,0.0,0.5,3.08,0.0,1.0,18.48,2.5,0.0,0.0
2,2025-01-21 15:43:38,2025-01-21 15:47:18,1.0,0.42,1.0,N,164,164,1,5.1,0.0,0.5,2.0,0.0,1.0,11.85,2.5,0.0,0.75
1,2025-01-04 09:10:28,2025-01-04 09:18:33,1.0,2.0,1.0,N,107,141,1,10.0,2.5,0.5,2.8,0.0,1.0,16.8,2.5,0.0,0.0
2,2025-01-22 16:27:56,2025-01-22 16:38:01,4.0,1.07,1.0,N,237,229,1,10.7,2.5,0.5,3.59,0.0,1.0,21.54,2.5,0.0,0.75
2,2025-01-27 21:04:12,2025-01-27 21:05:52,2.0,0.52,1.0,N,237,237,1,4.4,1.0,0.5,1.52,0.0,1.0,11.67,2.5,0.0,0.75
1,2025-01-28 23:27:06,2025-01-28 23:33:59,1.0,1.0,1.0,N,164,107,1,7.2,4.25,0.5,2.0,0.0,1.0,14.95,2.5,0.0,0.75
2,2025-01-14 18:34:28,2025-01-14 18:47:13,1.0,1.68,1.0,N,161,237,1,13.5,2.5,0.5,4.15,0.0,1.0,24.9,2.5,0.0,0.75
2,2025-01-24 15:38:55,2025-01-24 15:47:54,2.0,0.82,1.0,N,237,163,1,9.3,0.0,0.5,2.81,0.0,1.0,16.86,2.5,0.0,0.75
2,2025-01-26 16:48:57,2025-01-26 17:48:09,1.0,16.35,2.0,N,132,164,1,70.0,0.0,0.5,16.34,6.94,1.0,99.78,2.5,1.75,0.75
1,2025-01-01 02:06:58,2025-01-01 02:36:57,2.0,8.5,1.0,N,87,239,1,39.4,3.5,0.5,8.88,0.0,1.0,53.28,2.5,0.0,0.0
2,2025-01-26 14:57:39,2025-01-26 15:22:42,1.0,3.37,1.0,N,68,141,1,22.6,0.0,0.5,5.47,0.0,1.0,32.82,2.5,0.0,0.75
1,2025-01-31 18:39:08,2025-01-31 18:45:30,1.0,0.6,1.0,N,211,231,1,6.5,5.75,0.5,2.75,0.0,1.0,16.5,2.5,0.0,0.75
2,2025-01-16 15:59:40,2025-01-16 16:11:01,2.0,1.12,1.0,N,141,236,1,10.7,0.0,0.5,2.94,0.0,1.0,17.64,2.5,0.0,0.0
2,2025-01-21 10:12:36,2025-01-21 10:37:50,,2.77,,,17,66,0,25.29,0.0,0.5,0.0,0.0,1.0,26.79,,,0.0
2,2025-01-10 11:18:21,2025-01-10 11:33:29,1.0,2.54,1.0,N,161,249,1,16.3,0.0,0.5,2.0,0.0,1.0,23.05,2.5,0.0,0.75
2,2025-01-11 00:05:52,2025-01-11 00:39:28,1.0,11.76,1.0,N,132,82,2,53.4,1.0,0.5,0.0,0.0,1.0,60.15,2.5,1.75,0.0
2,2025-01-16 08:34:49,2025-01-16 09:03:11,1.0,3.53,1.0,N,186,88,1,25.4,0.0,0.5,6.03,0.0,1.0,36.18,2.5,0.0,0.75
2,2025-01-29 17:51:20,2025-01-29 18:06:55,1.0,1.81,1.0,N,161,236,1,14.9,2.5,0.5,3.5,0.0,1.0,25.65,2.5,0.0,0.75
1,2025-01-25 09:44:27,2025-01-25 10:07:08,1.0,1.8,99.0,N,39,76,1,19.5,0.0,0.5,0.0,0.0,0.0,20.0,0.0,0.0,0.0
2,2025-01-14 17:52:53,2025-01-14 17:52:57,1.0,0.0,1.0,N,138,138,2,3.0,7.5,0.5,0.0,0.0,1.0,13.75,0.0,1.75,0.0
2,2025-01-12 18:31:31,2025-01-12 18:36:55,1.0,0.57,1.0,N,161,170,1,6.5,0.0,0.5,2.25,0.0,1.0,13.5,2.5,0.0,0.75
2,2025-01-16 11:57:37,2025-01-16 11:59:52,1.0,0.42,1.0,N,151,151,1,5.1,0.0,0.5,1.32,0.0,1.0,7.92,0.0,0.0,0.0
2,2025-01-31 11:52:23,2025-01-31 11:58:28,1.0,0.96,1.0,N,238,239,2,7.9,0.0,0.5,0.0,0.0,1.0,11.9,2.5,0.0,0.0
2,2025-01-21 10:33:30,2025-01-21 10:44:04,1.0,1.12,1.0,N,233,161,1,11.4,0.0,0.5,1.0,0.0,1.0,17.15,2.5,0.0,0.75
1,2025-01-28 19:02:29,2025-01-28 19:07:40,1.0,0.7,1.0,N,48,50,1,5.8,5.75,0.5,1.5,0.0,1.0,14.55,2.5,0.0,0.75
2,2025-01-12 13:37:43,2025-01-12 13:46:50,1.0,1.9,1.0,N,13,158,2,12.1,0.0,0.5,0.0,0.0,1.0,16.85,2.5,0.0,0.75
2,2025-01-09 14:59:21,2025-01-09 15:06:22,1.0,1.04,1.0,N,186,48,1,8.6,0.0,0.5,2.0,0.0,1.0,15.35,2.5,0.0,0.75
2,2025-01-24 07:07:20,2025-01-24 07:24:58,,4.66,,,42,161,0,24.99,0.0,0.5,0.0,0.0,1.0,29.74,,,0.75
2,2025-01-28 15:18:21,2025-01-28 15:35:19,1.0,5.89,1.0,N,138,135,2,25.4,5.0,0.5,0.0,0.0,1.0,33.65,0.0,1.75,0.0
2,2025-01-23 21:45:02,2025-01-23 21:48:17,1.0,0.49,1.0,N,186,90,1,5.1,1.0,0.5,2.17,0.0,1.0,13.02,2.5,0.0,0.75
2,2025-01-02 12:53:50,2025-01-02 13:00:23,1.0,0.9,1.0,N,140,237,2,7.9,0.0,0.5,0.0,0.0,1.0,11.9,2.5,0.0,0.0
1,2025-01-27 10:18:05,2025-01-27 10:42:05,1.0,2.4,1.0,N,148,12,1,19.8,3.25,0.5,4.9,0.0,1.0,29.45,2.5,0.0,0.75
2,2025-01-28 17:29:30,2025-01-28 17:33:43,1.0,0.6,1.0,N,140,263,1,5.8,2.5,0.5,1.84,0.0,1.0,14.14,2.5,0.0,0.0
2,2025-01-18 14:05:30,2025-01-18 14:26:04,2.0,2.96,1.0,N,163,79,1,19.8,0.0,0.5,4.91,0.0,1.0,29.46,2.5,0.0,0.75
2,2025-01-19 18:04:15,2025-01-19 18:20:46,,3.19,,,13,90,0,17.95,0.0,0.5,0.0,0.0,1.0,22.7,,,0.75
2,2025-01-09 21:29:20,2025-01-09 21:46:27,,3.46,,,48,114,0,20.5,0.0,0.5,0.0,0.0,1.0,25.25,,,0.75
2,2025-01-05 13:40:20,2025-01-05 13:49:13,1.0,1.73,1.0,N,236,151,1,10.7,0.0,0.5,2.2,0.0,1.0,16.9,2.5,0.0,0.0
2,2025-01-03 22:44:53,2025-01-03 22:59:09,1.0,4.08,1.0,N,231,107,1,20.5,1.0,0.5,5.1,0.0,1.0,30.6,2.5,0.0,0.0
1,2025-01-31 16:45:56,2025-01-31 16:58:35,0.0,1.2,1.0,N,141,236,1,10.7,5.75,0.5,3.59,0.0,1.0,21.54,2.5,0.0,0.75
2,2025-01-30 14:27:44,2025-01-30 15:23:46,2.0,17.17,2.0,N,132,161,1,70.0,0.0,0.5,20.42,6.94,1.0,103.86,2.5,1.75,0.75
2,2025-01-13 09:43:20,2025-01-13 09:48:30,1.0,0.65,1.0,N,263,262,1,6.5,0.0,0.5,2.62,0.0,1.0,13.12,2.5,0.0,0.0
2,2025-01-26 19:57:02,2025-01-26 20:08:27,3.0,1.76,1.0,N,144,234,1,12.8,0.0,0.5,0.0,0.0,1.0,17.55,2.5,0.0,0.75
2,2025-01-24 17:32:32,2025-01-24 17:51:34,1.0,5.05,1.0,N,87,164,1,24.7,2.5,0.5,6.39,0.0,1.0,38.34,2.5,0.0,0.75
2,2025-01-26 17:16:26,2025-01-26 17:52:06,1.0,17.27,1.0,N,132,178,1,66.7,0.0,0.5,2.0,0.0,1.0,71.95,0.0,1.75,0.0
2,2025-01-06 19:27:46,2025-01-06 19:34:30,1.0,1.18,1.0,N,161,142,1,8.6,2.5,0.5,3.96,0.0,1.0,19.81,2.5,0.0,0.75
2,2025-01-24 12:05:40,2025-01-24 12:55:42,2.0,13.4,1.0,N,138,100,1,64.6,5.0,0.5,16.61,6.94,1.0,99.65,2.5,1.75,0.75
1,2025-01-18 16:47:59,2025-01-18 16:56:32,1.0,1.1,1.0,N,161,229,2,7.9,3.25,0.5,0.0,0.0,1.0,12.65,2.5,0.0,0.75
2,2025-01-03 19:02:03,2025-01-03 19:12:26,1.0,1.96,1.0,N,239,263,1,12.8,2.5,0.5,3.86,0.0,1.0,23.16,2.5,0.0,0.0
2,2025-01-31 22:55:28,2025-01-31 23:35:35,1.0,21.19,2.0,N,132,87,1,70.0,0.0,0.5,3.0,0.0,1.0,79.5,2.5,1.75,0.75
2,2025-01-03 07:53:51,2025-01-03 07:59:04,1.0,0.87,1.0,N,163,50,2,7.2,0.0,0.5,0.0,0.0,1.0,11.2,2.5,0.0,0.0
2,2025-01-05 16:32:15,2025-01-05 16:32:24,1.0,0.0,5.0,N,265,265,2,200.0,0.0,0.0,0.0,0.0,1.0,201.0,0.0,0.0,0.0
2,2025-01-06 17:00:11,2025-01-06 17:12:19,1.0,3.4,1.0,N,137,148,4,17.0,2.5,0.5,0.0,0.0,1.0,24.25,2.5,0.0,0.75
1,2025-01-15 11:55:45,2025-01-15 12:04:00,1.0,0.8,1.0,N,233,100,1,7.9,3.25,0.5,2.0,0.0,1.0,14.65,2.5,0.0,0.75
2,2025-01-03 00:03:27,2025-01-03 00:32:17,2.0,11.92,1.0,N,138,62,1,47.8,6.0,0.5,16.59,0.0,1.0,73.64,0.0,1.75,0.0
2,2025-01-24 16:23:44,2025-01-24 16:27:58,1.0,0.35,1.0,N,114,125,1,5.8,2.5,0.5,2.0,0.0,1.0,15.05,2.5,0.0,0.75
1,2025-01-28 13:08:19,2025-01-28 13:23:12,1.0,1.1,1.0,N,161,237,1,13.5,3.25,0.5,4.55,0.0,1.0,22.8,2.5,0.0,0.75
2,2025-01-23 19:02:19,2025-01-23 19:21:33,2.0,7.35,1.0,N,132,135,1,29.6,2.5,0.5,6.72,0.0,1.0,42.07,0.0,1.75,0.0
1,2025-01-28 18:01:47,2025-01-28 18:07:26,3.0,0.8,1.0,N,234,249,1,7.2,5.75,0.5,2.85,0.0,1.0,17.3,2.5,0.0,0.75
2,2025-01-26 22:59:50,2025-01-26 23:04:08,2.0,0.84,1.0,N,107,170,1,7.2,1.0,0.5,1.2,0.0,1.0,14.15,2.5,0.0,0.75
2,2025-01-18 12:54:03,2025-01-18 13:06:45,2.0,0.97,1.0,N,142,230,1,12.1,0.0,0.5,3.37,0.0,1.0,20.22,2.5,0.0,0.75
1,2025-01-15 17:30:56,2025-01-15 17:39:10,1.0,1.2,1.0,N,162,107,1,9.3,5.75,0.5,3.3,0.0,1.0,19.85,2.5,0.0,0.75
2,2025-01-03 13:06:50,2025-01-03 13:21:56,1.0,2.51,1.0,N,236,230,2,16.3,0.0,0.5,0.0,0.0,1.0,20.3,2.5,0.0,0.0
2,2025-01-05 19:45:41,2025-01-05 19:50:02,4.0,0.6,1.0,N,161,137,1,6.5,0.0,0.5,2.25,0.0,1.0,13.5,2.5,0.0,0.75
2,2025-01-05 11:07:28,2025-01-05 11:18:02,1.0,1.34,1.0,N,161,186,1,10.7,0.0,0.5,3.09,0.0,1.0,18.54,2.5,0.0,0.75
2,2025-01-01 02:11:31,2025-01-01 02:25:46,1.0,2.48,1.0,N,236,48,1,16.3,1.0,0.5,3.0,0.0,1.0,24.3,2.5,0.0,0.0
1,2025-01-20 20:11:42,2025-01-20 20:38:54,0.0,9.8,1.0,N,140,49,1,41.5,4.25,0.5,20.0,0.0,1.0,67.25,2.5,0.0,0.75
2,2025-01-15 08:29:10,2025-01-15 08:39:47,1.0,1.52,1.0,N,142,237,1,12.1,0.0,0.5,3.22,0.0,1.0,19.32,2.5,0.0,0.0
2,2025-01-10 17:54:39,2025-01-10 17:54:45,2.0,0.0,2.0,N,141,141,2,70.0,5.0,0.5,0.0,0.0,1.0,79.0,2.5,0.0,0.0
2,2025-01-10 07:19:24,2025-01-10 07:21:15,1.0,0.7,1.0,N,141,141,1,5.1,0.0,0.5,1.64,0.0,1.0,10.74,2.5,0.0,0.0
2,2025-01-04 21:43:55,2025-01-04 21:56:41,2.0,1.08,1.0,N,186,170,1,12.1,1.0,0.5,3.42,0.0,1.0,20.52,2.5,0.0,0.0
2,2025-01-15 17:40:32,2025-01-15 17:58:27,1.0,1.27,1.0,N,162,164,1,15.6,2.5,0.5,2.28,0.0,1.0,25.13,2.5,0.0,0.75
1,2025-01-01 02:49:25,2025-01-01 02:54:22,1.0,0.8,1.0,N,234,90,1,6.5,3.5,0.5,0.0,0.0,1.0,11.5,2.5,0.0,0.0
2,2025-01-10 01:39:14,2025-01-10 01:57:45,1.0,10.69,1.0,N,138,163,1,41.5,6.0,0.5,11.84,6.94,1.0,72.78,2.5,1.75,0.75
2,2025-01-30 21:19:50,2025-01-30 21:33:03,1.0,1.25,1.0,N,230,170,1,12.1,1.0,0.5,3.57,0.0,1.0,21.42,2.5,0.0,0.75
2,2025-01-27 07:21:32,2025-01-27 07:37:58,2.0,2.54,1.0,N,229,90,1,16.3,0.0,0.5,5.26,0.0,1.0,26.31,2.5,0.0,0.75
2,2025-01-03 04:16:58,2025-01-03 04:29:32,1.0,3.03,1.0,N,238,42,2,17.0,1.0,0.5,0.0,0.0,1.0,22.0,2.5,0.0,0.0
2,2025-01-04 18:51:00,2025-01-04 19:06:33,1.0,1.72,1.0,N,107,246,1,14.9,0.0,0.5,3.78,0.0,1.0,22.68,2.5,0.0,0.0
2,2025-01-31 17:44:50,2025-01-31 17:57:18,1.0,2.03,1.0,N,234,246,1,14.2,2.5,0.5,5.36,0.0,1.0,26.81,2.5,0.0,0.75
2,2025-01-16 12:36:48,2025-01-16 12:42:19,,0.94,,,238,238,0,12.3,0.0,0.5,3.26,0.0,1.0,19.56,,,0.0
2,2025-01-30 07:43:32,2025-01-30 07:53:57,1.0,1.36,1.0,N,234,161,2,11.4,0.0,0.5,0.0,0.0,1.0,16.15,2.5,0.0,0.75
2,2025-01-12 14:11:56,2025-01-12 14:39:31,3.0,1.98,1.0,N,237,230,1,23.3,0.0,0.5,7.01,0.0,1.0,35.06,2.5,0.0,0.75
2,2025-01-12 20:09:34,2025-01-12 20:21:43,1.0,2.17,1.0,N,237,238,1,14.2,1.0,0.5,3.84,0.0,1.0,23.04,2.5,0.0,0.0
2,2025-01-05 22:24:29,2025-01-05 22:40:46,1.0,5.07,1.0,N,164,226,2,23.3,1.0,0.5,0.0,0.0,1.0,29.05,2.5,0.0,0.75
1,2025-01-28 21:55:35,2025-01-28 22:04:36,1.0,1.9,1.0,N,234,48,1,11.4,4.25,0.5,3.43,0.0,1.0,20.58,2.5,0.0,0.75
2,2025-01-17 22:16:42,2025-01-17 22:33:50,,7.06,,,140,243,0,25.97,0.0,0.5,0.0,0.0,1.0,29.97,,,0.0
2,2025-01-06 15:52:51,2025-01-06 15:59:51,1.0,1.07,1.0,N,237,262,2,8.6,0.0,0.5,0.0,0.0,1.0,12.6,2.5,0.0,0.0
2,2025-01-29 18:03:16,2025-01-29 18:11:51,1.0,0.91,1.0,N,229,237,1,9.3,2.5,0.5,3.31,0.0,1.0,19.86,2.5,0.0,0.75
1,2025-01-11 15:11:42,2025-01-11 15:27:04,1.0,2.3,1.0,N,161,249,1,14.2,3.25,0.5,3.8,0.0,1.0,22.75,2.5,0.0,0.75
1,2025-01-29 11:15:50,2025-01-29 11:28:39,1.0,2.0,1.0,N,263,238,1,12.1,2.5,0.5,2.75,0.0,1.0,18.85,2.5,0.0,0.0
1,2025-01-05 16:25:36,2025-01-05 16:36:44,1.0,2.0,1.0,N,142,236,1,11.4,2.5,0.5,3.1,0.0,1.0,18.5,2.5,0.0,0.0
2,2025-01-03 21:50:13,2025-01-03 21:59:23,1.0,1.1,1.0,N,161,48,1,10.0,1.0,0.5,3.0,0.0,1.0,18.0,2.5,0.0,0.0
2,2025-01-21 15:04:22,2025-01-21 15:15:13,1.0,1.64,1.0,N,68,164,1,11.4,0.0,0.5,3.23,0.0,1.0,19.38,2.5,0.0,0.75
2,2025-01-26 16:43:00,2025-01-26 17:24:37,1.0,21.84,1.0,N,138,210,4,80.7,5.0,0.5,0.0,0.0,1.0,88.95,0.0,1.75,0.0
2,2025-01-15 18:23:08,2025-01-15 18:38:08,1.0,2.17,1.0,N,162,262,1,14.2,2.5,0.5,4.29,0.0,1.0,25.74,2.5,0.0,0.75
2,2025-01-14 22:06:43,2025-01-14 22:29:00,1.0,6.28,1.0,N,249,262,2,-29.6,-1.0,-0.5,0.0,0.0,-1.0,-35.35,-2.5,0.0,0.0
2,2025-01-16 21:51:35,2025-01-16 22:03:52,2.0,1.39,1.0,N,237,230,1,12.1,1.0,0.5,4.46,0.0,1.0,22.31,2.5,0.0,0.75
2,2025-01-18 17:43:54,2025-01-18 17:48:01,1.0,0.4,1.0,N,237,163,3,-5.8,0.0,-0.5,0.0,0.0,-1.0,-10.55,-2.5,0.0,0.0
1,2025-01-19 23:50:17,2025-01-20 00:04:21,,2.5,,,158,87,0,24.64,0.0,0.5,0.0,0.0,1.0,29.39,,,0.75
2,2025-01-31 17:38:13,2025-01-31 17:56:09,,0.0,,,43,143,0,13.95,0.0,0.5,0.0,0.0,1.0,17.95,,,0.0
2,2025-01-26 10:35:28,2025-01-26 10:46:42,1.0,2.43,1.0,N,148,170,1,14.2,0.0,0.5,3.79,0.0,1.0,22.74,2.5,0.0,0.75
2,2025-01-29 17:09:37,2025-01-29 17:13:31,1.0,0.81,1.0,N,137,107,1,6.5,2.5,0.5,1.0,0.0,1.0,14.75,2.5,0.0,0.75
2,2025-01-09 20:05:16,2025-01-09 20:09:31,1.0,0.87,1.0,N,211,158,1,6.5,1.0,0.5,2.45,0.0,1.0,14.7,2.5,0.0,0.75
2,2025-01-11 12:47:49,2025-01-11 13:00:23,1.0,1.9,1.0,N,186,143,1,13.5,0.0,0.5,5.47,0.0,1.0,23.72,2.5,0.0,0.75
2,2025-01-27 07:44:07,2025-01-27 07:56:42,4.0,2.03,1.0,N,137,249,2,13.5,0.0,0.5,0.0,0.0,1.0,18.25,2.5,0.0,0.75
2,2025-01-27 20:49:28,2025-01-27 20:50:22,1.0,0.22,1.0,N,186,186,2,3.7,1.0,0.5,0.0,0.0,1.0,9.45,2.5,0.0,0.75
2,2025-01-29 20:58:43,2025-01-29 21:03:11,1.0,0.37,1.0,N,170,233,1,5.8,1.0,0.5,2.31,0.0,1.0,13.86,2.5,0.0,0.75
2,2025-01-16 02:21:19,2025-01-16 02:26:37,2.0,0.62,1.0,N,164,186,1,7.2,1.0,0.5,0.65,0.0,1.0,13.6,2.5,0.0,0.75
2,2025-01-08 21:15:35,2025-01-08 21:32:07,,3.96,,,246,236,0,-4.75,0.0,0.5,0.0,0.0,1.0,7.51,,,0.75
2,2025-01-28 12:39:21,2025-01-28 12:52:27,1.0,1.21,1.0,N,90,246,2,12.8,0.0,0.5,0.0,0.0,1.0,17.55,2.5,0.0,0.75
2,2025-01-01 12:09:28,2025-01-01 12:19:17,1.0,1.77,1.0,N,162,68,2,11.4,0.0,0.5,0.0,0.0,1.0,15.4,2.5,0.0,0.0
2,2025-01-31 20:00:52,2025-01-31 20:10:12,1.0,1.5,1.0,N,142,236,1,11.4,1.0,0.5,2.46,0.0,1.0,18.86,2.5,0.0,0.0
2,2025-01-23 12:25:16,2025-01-23 12:55:29,1.0,8.53,1.0,N,138,162,1,39.4,5.0,0.5,11.22,6.94,1.0,69.06,2.5,1.75,0.75
1,2025-01-20 04:49:31,2025-01-20 05:24:46,,14.5,,,229,132,0,55.0,0.0,0.5,0.0,0.0,1.0,59.75,,,0.75
2,2025-01-05 18:39:22,2025-01-05 18:56:20,1.0,2.59,1.0,N,246,237,1,17.0,0.0,0.5,2.0,0.0,1.0,23.75,2.5,0.0,0.75
2,2025-01-06 19:43:19,2025-01-06 19:50:29,1.0,0.95,1.0,N,162,142,1,8.6,2.5,0.5,1.0,0.0,1.0,16.85,2.5,0.0,0.75
2,2025-01-06 09:31:10,2025-01-06 10:13:07,1.0,18.89,2.0,N,132,114,1,70.0,0.0,0.5,16.34,6.94,1.0,99.78,2.5,1.75,0.75
2,2025-01-13 23:21:51,2025-01-13 23:28:29,1.0,1.54,1.0,N,163,186,1,9.3,1.0,0.5,2.0,0.0,1.0,17.05,2.5,0.0,0.75
1,2025-01-13 12:43:38,2025-01-13 12:48:34,1.0,0.9,1.0,N,249,186,1,7.2,3.25,0.5,2.35,0.0,1.0,14.3,2.5,0.0,0.75
1,2025-01-04 14:21:41,2025-01-04 14:27:08,1.0,1.0,1.0,N,140,141,1,7.2,2.5,0.5,2.01,0.0,1.0,13.21,2.5,0.0,0.0
2,2025-01-11 21:08:23,2025-01-11 21:17:36,2.0,1.81,1.0,N,141,137,1,10.7,1.0,0.5,3.29,0.0,1.0,19.74,2.5,0.0,0.75
2,2025-01-19 18:13:25,2025-01-19 18:18:22,1.0,0.72,1.0,N,163,230,1,6.5,0.0,0.5,2.25,0.0,1.0,13.5,2.5,0.0,0.75
2,2025-01-22 23:20:54,2025-01-22 23:27:31,2.0,0.86,1.0,N,142,163,1,7.9,1.0,0.5,2.73,0.0,1.0,16.38,2.5,0.0,0.75
2,2025-01-10 08:26:31,2025-01-10 08:30:34,1.0,0.24,1.0,N,75,236,1,5.8,0.0,0.5,1.46,0.0,1.0,8.76,0.0,0.0,0.0
1,2025-01-31 09:17:56,2025-01-31 09:42:58,1.0,2.9,1.0,N,125,161,1,20.5,3.25,0.5,1.75,0.0,1.0,27.0,2.5,0.0,0.75
2,2025-01-23 23:23:33,2025-01-23 23:35:19,1.0,1.64,1.0,N,249,164,1,12.8,1.0,0.5,0.0,0.0,1.0,18.55,2.5,0.0,0.75
2,2025-01-01 04:46:22,2025-01-01 04:56:36,2.0,1.2,1.0,N,100,68,1,11.4,1.0,0.5,3.28,0.0,1.0,19.68,2.5,0.0,0.0
2,2025-01-01 19:43:22,2025-01-01 20:00:20,1.0,9.65,1.0,N,138,148,1,38.0,5.0,0.5,9.4,0.0,1.0,58.15,2.5,1.75,0.0
2,2025-01-08 08:34:16,2025-01-08 08:55:36,,2.69,,,143,140,0,-4.0,0.0,0.5,0.0,0.0,1.0,3.28,,,0.0
2,2025-01-27 07:35:42,2025-01-27 07:49:39,1.0,1.69,1.0,N,142,162,1,14.2,0.0,0.5,3.79,0.0,1.0,22.74,2.5,0.0,0.75
1,2025-01-25 13:34:55,2025-01-25 13:47:20,3.0,1.8,1.0,N,170,237,1,12.8,3.25,0.5,3.51,0.0,1.0,21.06,2.5,0.0,0.75
2,2025-01-22 20:57:30,2025-01-22 21:09:04,,1.79,,,161,107,0,9.15,0.0,0.5,0.0,0.0,1.0,13.9,,,0.75
2,2025-01-25 20:54:22,2025-01-25 21:19:42,1.0,10.01,1.0,N,144,74,1,40.8,1.0,0.5,9.31,0.0,1.0,55.86,2.5,0.0,0.75
2,2025-01-29 07:27:53,2025-01-29 07:29:39,1.0,0.3,1.0,N,87,88,1,4.4,0.0,0.5,2.75,0.0,1.0,11.9,2.5,0.0,0.75
2,2025-01-25 18:44:20,2025-01-25 19:04:20,2.0,2.1,1.0,N,231,164,1,18.4,0.0,0.5,0.01,0.0,1.0,23.16,2.5,0.0,0.75
2,2025-01-18 22:06:00,2025-01-18 22:25:18,1.0,3.02,1.0,N,163,262,1,20.5,1.0,0.5,5.25,0.0,1.0,31.5,2.5,0.0,0.75
2,2025-01-03 11:14:49,2025-01-03 11:43:33,1.0,3.33,1.0,N,75,48,1,24.0,0.0,0.5,5.6,0.0,1.0,33.6,2.5,0.0,0.0
1,2025-01-14 12:26:44,2025-01-14 12:47:37,,3.6,,,213,126,0,17.01,0.0,0.5,0.0,0.0,1.0,18.51,,,0.0
2,2025-01-06 18:09:40,2025-01-06 18:50:01,1.0,18.29,2.0,N,132,230,1,70.0,5.0,0.5,17.34,6.94,1.0,105.78,2.5,1.75,0.75
2,2025-01-08 12:44:45,2025-01-08 13:09:16,1.0,3.24,1.0,N,234,141,1,22.6,0.0,0.5,4.92,0.0,1.0,32.27,2.5,0.0,0.75
2,2025-01-29 17:31:47,2025-01-29 17:47:44,1.0,3.24,1.0,N,48,158,1,18.4,2.5,0.5,6.41,0.0,1.0,32.06,2.5,0.0,0.75
1,2025-01-23 10:14:01,2025-01-23 10:23:37,3.0,1.4,1.0,N,142,161,1,10.0,3.25,0.5,2.95,0.0,1.0,17.7,2.5,0.0,0.75
2,2025-01-25 17:48:56,2025-01-25 17:55:47,1.0,1.05,1.0,N,234,186,1,8.6,0.0,0.5,2.67,0.0,1.0,16.02,2.5,0.0,0.75
2,2025-01-02 18:36:15,2025-01-02 18:58:11,1.0,5.93,1.0,N,132,215,1,27.5,2.5,0.5,6.8,0.0,1.0,42.55,2.5,1.75,0.0
2,2025-01-10 19:32:00,2025-01-10 19:40:00,,1.34,,,262,141,0,8.68,0.0,0.5,0.0,0.0,1.0,12.68,,,0.0
2,2025-01-20 19:40:04,2025-01-20 19:40:09,4.0,0.0,5.0,N,138,138,1,65.0,5.0,0.0,14.2,0.0,1.0,86.95,0.0,1.75,0.0
2,2025-01-24 20:18:57,2025-01-24 20:37:44,1.0,2.45,1.0,N,162,4,2,18.4,1.0,0.5,0.0,0.0,1.0,24.15,2.5,0.0,0.75
2,2025-01-11 19:05:10,2025-01-11 19:24:46,4.0,2.66,1.0,N,229,90,1,19.1,0.0,0.5,5.0,0.0,1.0,28.85,2.5,0.0,0.75
1,2025-01-25 23:38:59,2025-01-25 23:48:40,,1.3,,,249,231,0,17.26,0.0,0.5,0.0,0.0,1.0,22.01,,,0.75
2,2025-01-22 07:22:55,2025-01-22 07:34:15,,3.32,,,232,161,0,19.73,0.0,0.5,0.0,0.0,1.0,24.48,,,0.75
2,2025-01-21 13:01:29,2025-01-21 13:12:10,1.0,1.14,1.0,N,90,170,2,10.7,0.0,0.5,0.0,0.0,1.0,15.45,2.5,0.0,0.75
2,2025-01-10 22:13:59,2025-01-10 22:28:32,4.0,1.59,1.0,N,114,164,1,14.2,1.0,0.5,5.99,0.0,1.0,25.94,2.5,0.0,0.75
1,2025-01-07 08:18:35,2025-01-07 08:20:46,0.0,0.2,1.0,Y,164,164,1,4.4,3.25,0.5,1.8,0.0,1.0,10.95,2.5,0.0,0.75
2,2025-01-01 15:36:12,2025-01-01 15:55:22,2.0,8.47,4.0,N,132,265,1,42.2,0.0,0.5,9.09,0.0,1.0,54.54,0.0,1.75,0.0
1,2025-01-08 12:05:10,2025-01-08 12:15:36,1.0,1.6,1.0,N,249,100,1,10.7,3.25,0.5,2.31,0.0,1.0,17.76,2.5,0.0,0.75
2,2025-01-07 18:21:27,2025-01-07 18:27:48,1.0,0.9,1.0,N,237,43,1,7.9,2.5,0.5,2.88,0.0,1.0,17.28,2.5,0.0,0.0
2,2025-01-15 12:34:34,2025-01-15 12:59:35,1.0,9.82,1.0,N,138,229,1,40.1,5.0,0.5,11.36,6.94,1.0,69.9,2.5,1.75,0.75
1,2025-01-30 21:10:13,2025-01-30 21:24:07,1.0,1.6,1.0,N,237,263,1,12.8,3.5,0.5,3.55,0.0,1.0,21.35,2.5,0.0,0.0
2,2025-01-26 08:20:58,2025-01-26 08:37:00,1.0,9.12,1.0,N,138,107,1,35.2,5.0,0.5,7.0,6.94,1.0,60.64,2.5,1.75,0.75
2,2025-01-22 07:45:09,2025-01-22 07:56:38,,1.45,,,74,41,0,17.81,0.0,0.5,0.0,0.0,1.0,19.31,,,0.0
2,2025-01-05 18:13:26,2025-01-05 18:24:25,1.0,1.8,1.0,N,141,238,1,11.4,0.0,0.5,2.31,0.0,1.0,17.71,2.5,0.0,0.0
1,2025-01-30 23:45:54,2025-01-31 00:28:01,1.0,25.1,1.0,N,132,265,1,91.2,2.75,0.5,23.3,21.0,1.0,139.75,0.0,1.75,0.0
2,2025-01-30 13:30:14,2025-01-30 13:42:56,1.0,1.88,1.0,N,186,137,1,13.5,0.0,0.5,4.56,0.0,1.0,22.81,2.5,0.0,0.75
1,2025-01-25 21:38:21,2025-01-25 21:46:44,2.0,2.3,1.0,N,236,239,1,11.4,3.5,0.5,1.25,0.0,1.0,17.65,2.5,0.0,0.0
1,2025-01-15 07:44:51,2025-01-15 08:05:07,,2.0,,,69,126,0,18.44,0.0,0.5,0.0,0.0,1.0,19.94,,,0.0
2,2025-01-23 14:49:44,2025-01-23 14:54:36,1.0,0.56,1.0,N,263,236,1,6.5,0.0,0.5,2.1,0.0,1.0,12.6,2.5,0.0,0.0
2,2025-01-19 14:34:24,2025-01-19 14:54:14,,3.96,,,43,234,0,18.73,0.0,0.5,0.0,0.0,1.0,23.48,,,0.75
2,2025-01-17 10:19:38,2025-01-17 10:28:51,1.0,1.01,1.0,N,263,140,1,10.0,0.0,0.5,2.0,0.0,1.0,16.0,2.5,0.0,0.0
2,2025-01-25 09:22:48,2025-01-25 09:38:53,1.0,2.2,1.0,N,107,230,1,14.9,0.0,0.5,2.1,0.0,1.0,21.75,2.5,0.0,0.75
2,2025-01-08 21:59:39,2025-01-08 22:16:14,1.0,3.23,1.0,N,142,262,1,18.4,1.0,0.5,3.51,0.0,1.0,26.91,2.5,0.0,0.0
2,2025-01-21 20:12:24,2025-01-21 20:40:47,1.0,17.34,2.0,N,132,229,1,70.0,0.0,0.5,10.0,6.94,1.0,93.44,2.5,1.75,0.75
2,2025-01-11 21:38:46,2025-01-11 22:01:21,1.0,2.72,1.0,N,114,233,1,20.5,1.0,0.5,5.25,0.0,1.0,31.5,2.5,0.0,0.75
2,2025-01-24 11:32:54,2025-01-24 11:53:47,5.0,2.92,1.0,N,79,141,1,19.8,0.0,0.5,4.91,0.0,1.0,29.46,2.5,0.0,0.75
2,2025-01-22 21:31:33,2025-01-22 21:43:57,1.0,1.65,1.0,N,142,239,1,13.5,1.0,0.5,3.85,0.0,1.0,23.1,2.5,0.0,0.75
1,2025-01-23 11:55:47,2025-01-23 11:59:51,1.0,0.9,1.0,Y,142,238,1,6.5,2.5,0.5,2.1,0.0,1.0,12.6,2.5,0.0,0.0
2,2025-01-17 22:12:09,2025-01-17 22:17:09,1.0,1.24,1.0,N,229,263,1,7.9,1.0,0.5,2.73,0.0,1.0,16.38,2.5,0.0,0.75
2,2025-01-10 20:24:34,2025-01-10 20:45:11,3.0,7.38,1.0,N,107,41,4,-33.1,-1.0,-0.5,0.0,0.0,-1.0,-38.85,-2.5,0.0,0.0
2,2025-01-31 16:58:11,2025-01-31 17:24:41,,0.0,,,142,107,0,28.99,0.0,0.5,0.0,0.0,1.0,33.74,,,0.75
2,2025-01-19 12:41:12,2025-01-19 12:44:33,1.0,0.37,1.0,N,75,74,2,5.1,0.0,0.5,0.0,0.0,1.0,6.6,0.0,0.0,0.0
2,2025-01-01 22:42:58,2025-01-01 22:56:49,1.0,1.93,1.0,N,164,100,2,14.9,1.0,0.5,0.0,0.0,1.0,19.9,2.5,0.0,0.0
2,2025-01-19 17:58:03,2025-01-19 18:02:09,,0.68,,,48,68,0,-4.75,0.0,0.5,0.0,0.0,1.0,1.0,,,0.75
2,2025-01-30 22:13:49,2025-01-30 22:21:36,1.0,1.38,1.0,N,161,164,1,10.0,1.0,0.5,3.15,0.0,1.0,18.9,2.5,0.0,0.75
1,2025-01-30 09:48:57,2025-01-30 09:55:16,1.0,0.3,1.0,N,161,161,1,6.5,3.25,0.5,0.0,0.0,1.0,11.25,2.5,0.0,0.75
2,2025-01-11 11:00:34,2025-01-11 11:07:44,1.0,1.61,1.0,N,236,142,1,9.3,0.0,0.5,2.0,0.0,1.0,15.3,2.5,0.0,0.0
2,2025-01-21 20:34:04,2025-01-21 20:52:10,1.0,3.09,1.0,N,161,231,1,18.4,1.0,0.5,4.83,0.0,1.0,28.98,2.5,0.0,0.75
2,2025-01-27 17:05:23,2025-01-27 17:17:51,1.0,1.62,1.0,N,161,164,2,12.8,2.5,0.5,0.0,0.0,1.0,20.05,2.5,0.0,0.75
2,2025-01-09 08:24:40,2025-01-09 08:32:03,,0.88,,,41,42,0,6.38,0.0,0.5,0.0,0.0,1.0,7.88,,,0.0
2,2025-01-12 09:59:21,2025-01-12 10:03:11,1.0,0.99,1.0,N,114,234,1,7.2,0.0,0.5,2.39,0.0,1.0,14.34,2.5,0.0,0.75
2,2025-01-18 08:11:16,2025-01-18 08:20:35,2.0,3.13,1.0,N,141,79,1,14.2,0.0,0.5,3.79,0.0,1.0,22.74,2.5,0.0,0.75
2,2025-01-10 22:12:33,2025-01-10 22:30:10,1.0,3.62,1.0,N,68,87,1,20.5,1.0,0.5,3.0,0.0,1.0,29.25,2.5,0.0,0.75
2,2025-01-12 12:00:47,2025-01-12 12:05:12,1.0,0.79,1.0,N,237,142,1,6.5,0.0,0.5,3.15,0.0,1.0,13.65,2.5,0.0,0.0
2,2025-01-13 19:14:17,2025-01-13 19:47:29,1.0,19.53,2.0,N,132,140,1,70.0,5.0,0.5,17.19,6.94,1.0,104.88,2.5,1.75,0.0
2,2025-01-26 13:32:50,2025-01-26 13:49:40,1.0,2.91,1.0,N,263,42,1,17.0,0.0,0.5,4.2,0.0,1.0,25.2,2.5,0.0,0.0
2,2025-01-16 17:12:34,2025-01-16 17:16:37,1.0,0.52,1.0,N,236,141,1,5.8,2.5,0.5,2.46,0.0,1.0,14.76,2.5,0.0,0.0
1,2025-01-05 20:50:42,2025-01-05 21:10:10,1.0,8.9,1.0,N,138,141,1,34.5,10.25,0.5,10.65,6.94,1.0,63.84,2.5,1.75,0.0
1,2025-01-10 09:28:26,2025-01-10 09:35:56,1.0,0.8,1.0,N,234,113,1,8.6,3.25,0.5,4.0,0.0,1.0,17.35,2.5,0.0,0.75
2,2025-01-18 04:01:32,2025-01-18 04:16:22,1.0,2.53,1.0,N,148,255,2,17.7,1.0,0.5,0.0,0.0,1.0,23.45,2.5,0.0,0.75
2,2025-01-25 18:05:14,2025-01-25 18:14:21,1.0,1.25,1.0,N,230,142,1,10.0,0.0,0.5,2.0,0.0,1.0,16.75,2.5,0.0,0.75
2,2025-01-23 23:54:02,2025-01-24 00:13:04,6.0,5.33,1.0,N,161,42,1,24.0,1.0,0.5,0.0,0.0,1.0,29.75,2.5,0.0,0.75
1,2025-01-31 08:04:55,2025-01-31 08:18:22,1.0,3.5,1.0,N,50,13,1,18.4,3.25,0.5,5.75,0.0,1.0,28.9,2.5,0.0,0.75
2,2025-01-18 18:29:04,2025-01-18 18:35:08,1.0,1.11,1.0,N,141,140,2,7.9,0.0,0.5,0.0,0.0,1.0,12.65,2.5,0.0,0.75
2,2025-01-31 23:35:38,2025-01-31 23:52:46,,2.42,,,137,148,0,16.68,0.0,0.5,0.0,0.0,1.0,21.43,,,0.75
1,2025-01-27 08:51:00,2025-01-27 08:53:12,,0.2,,,234,234,0,4.4,0.0,0.5,1.83,0.0,1.0,10.98,,,0.75
2,2025-01-25 18:29:00,2025-01-25 18:46:58,,1.43,,,107,186,0,-4.75,0.0,0.5,0.0,0.0,1.0,4.19,,,0.75
1,2025-01-27 08:46:50,2025-01-27 08:54:49,1.0,1.8,1.0,N,143,246,1,10.0,3.25,0.5,2.95,0.0,1.0,17.7,2.5,0.0,0.75
2,2025-01-31 13:41:07,2025-01-31 13:51:16,1.0,0.91,1.0,N,262,237,1,10.0,0.0,0.5,1.0,0.0,1.0,15.0,2.5,0.0,0.0
1,2025-01-16 17:52:14,2025-01-16 18:58:00,1.0,16.3,2.0,N,90,132,1,70.0,8.25,0.5,15.95,0.0,1.0,95.7,2.5,0.0,0.75
2,2025-01-21 08:21:36,2025-01-21 08:36:56,1.0,1.84,1.0,N,263,237,1,14.2,0.0,0.5,3.64,0.0,1.0,21.84,2.5,0.0,0.0
2,2025-01-08 23:51:31,2025-01-09 00:20:56,1.0,12.03,1.0,N,230,133,1,49.2,1.0,0.5,10.99,0.0,1.0,65.94,2.5,0.0,0.75
1,2025-01-15 11:56:57,2025-01-15 12:14:41,1.0,1.9,1.0,N,262,237,1,14.9,2.5,0.5,3.8,0.0,1.0,22.7,2.5,0.0,0.0
2,2025-01-14 18:09:39,2025-01-14 18:15:40,2.0,0.87,1.0,N,211,231,1,7.2,2.5,0.5,2.89,0.0,1.0,17.34,2.5,0.0,0.75
2,2025-01-30 13:21:01,2025-01-30 13:39:10,1.0,2.81,1.0,N,261,234,1,17.7,0.0,0.5,4.34,0.0,1.0,26.79,2.5,0.0,0.75
1,2025-01-14 18:52:35,2025-01-14 19:01:26,1.0,1.2,1.0,N,79,211,1,10.0,5.75,0.5,4.3,0.0,1.0,21.55,2.5,0.0,0.75
2,2025-01-24 17:20:07,2025-01-24 17:31:58,1.0,1.47,1.0,N,162,170,1,12.1,2.5,0.5,3.87,0.0,1.0,23.22,2.5,0.0,0.75
2,2025-01-13 13:10:23,2025-01-13 13:23:08,1.0,2.12,1.0,N,246,234,1,14.2,0.0,0.5,4.74,0.0,1.0,23.69,2.5,0.0,0.75
2,2025-01-08 18:37:41,2025-01-08 18:40:15,1.0,0.28,1.0,N,48,48,1,4.4,2.5,0.5,1.0,0.0,1.0,12.65,2.5,0.0,0.75
2,2025-01-28 17:48:36,2025-01-28 17:52:54,1.0,0.95,1.0,N,239,236,1,7.2,2.5,0.5,1.0,0.0,1.0,14.7,2.5,0.0,0.0
2,2025-01-26 15:59:47,2025-01-26 16:08:44,1.0,1.6,1.0,N,43,142,1,10.7,0.0,0.5,2.94,0.0,1.0,17.64,2.5,0.0,0.0
2,2025-01-31 15:11:22,2025-01-31 15:20:59,1.0,1.59,1.0,N,161,68,1,10.7,0.0,0.5,3.09,0.0,1.0,18.54,2.5,0.0,0.75
1,2025-01-07 15:44:06,2025-01-07 15:50:14,1.0,0.8,1.0,N,236,43,2,6.5,2.5,0.5,0.0,0.0,1.0,10.5,2.5,0.0,0.0
2,2025-01-05 17:23:20,2025-01-05 17:25:42,1.0,0.55,1.0,N,236,237,1,5.1,0.0,0.5,1.82,0.0,1.0,10.92,2.5,0.0,0.0
2,2025-01-10 15:54:18,2025-01-10 16:15:01,1.0,4.6,1.0,N,87,234,1,25.4,0.0,0.5,3.0,0.0,1.0,33.15,2.5,0.0,0.75
2,2025-01-12 14:51:00,2025-01-12 15:02:00,,1.65,,,244,116,0,10.9,0.0,0.5,0.0,0.0,1.0,12.4,,,0.0
1,2025-01-05 00:17:35,2025-01-05 00:24:03,1.0,0.8,1.0,N,237,162,1,7.2,3.5,0.5,2.45,0.0,1.0,14.65,2.5,0.0,0.0
2,2025-01-10 12:30:06,2025-01-10 12:44:03,1.0,1.65,1.0,N,43,237,1,13.5,0.0,0.5,3.5,0.0,1.0,21.0,2.5,0.0,0.0
2,2025-01-19 14:44:06,2025-01-19 15:32:57,2.0,16.35,2.0,N,161,132,1,70.0,0.0,0.5,18.69,0.0,1.0,93.44,2.5,0.0,0.75
2,2025-01-31 08:29:07,2025-01-31 08:42:05,1.0,1.92,1.0,N,151,41,1,13.5,0.0,0.5,4.5,0.0,1.0,19.5,0.0,0.0,0.0
2,2025-01-06 16:03:30,2025-01-06 16:19:42,1.0,1.7,1.0,N,239,140,1,15.6,2.5,0.5,4.42,0.0,1.0,26.52,2.5,0.0,0.0
2,2025-01-10 14:00:19,2025-01-10 14:06:50,1.0,0.74,1.0,N,262,141,2,-7.9,0.0,-0.5,0.0,0.0,-1.0,-11.9,-2.5,0.0,0.0
2,2025-01-08 15:26:41,2025-01-08 15:50:21,1.0,7.2,1.0,N,148,83,2,33.8,0.0,0.5,0.0,0.0,1.0,38.55,2.5,0.0,0.75
1,2025-01-14 14:51:22,2025-01-14 15:06:02,1.0,1.8,1.0,N,186,48,1,13.5,3.25,0.5,4.55,0.0,1.0,22.8,2.5,0.0,0.75
2,2025-01-11 16:08:41,2025-01-11 16:23:49,,2.67,,,41,238,0,15.37,0.0,0.5,0.0,0.0,1.0,19.37,,,0.0
1,2025-01-21 14:18:03,2025-01-21 14:40:04,2.0,1.5,1.0,N,237,229,1,15.6,3.25,0.5,2.0,0.0,1.0,22.35,2.5,0.0,0.75
2,2025-01-05 20:58:59,2025-01-05 21:10:33,4.0,1.83,1.0,N,161,164,1,12.8,1.0,0.5,5.0,0.0,1.0,23.55,2.5,0.0,0.75
2,2025-01-15 19:21:01,2025-01-15 19:24:28,1.0,0.58,1.0,N,238,238,1,5.1,2.5,0.5,2.32,0.0,1.0,13.92,2.5,0.0,0.0
2,2025-01-19 13:13:56,2025-01-19 13:28:25,,7.61,,,223,28,0,27.16,0.0,0.5,0.0,0.0,1.0,28.66,,,0.0
2,2025-01-20 18:16:30,2025-01-20 18:26:16,1.0,2.06,1.0,N,142,236,1,12.1,0.0,0.5,3.22,0.0,1.0,19.32,2.5,0.0,0.0
2,2025-01-22 22:53:51,2025-01-22 23:31:43,1.0,7.16,1.0,N,236,231,1,40.1,1.0,0.5,7.0,0.0,1.0,52.85,2.5,0.0,0.75
2,2025-01-06 12:14:49,2025-01-06 12:51:39,1.0,11.69,1.0,N,138,164,1,52.0,5.0,0.5,8.0,0.0,1.0,71.5,2.5,1.75,0.75
2,2025-01-03 22:33:57,2025-01-03 22:44:56,1.0,1.24,1.0,N,142,48,1,11.4,1.0,0.5,3.28,0.0,1.0,19.68,2.5,0.0,0.0
1,2025-01-14 14:43:30,2025-01-14 14:45:49,1.0,0.3,1.0,N,50,48,1,4.4,3.25,0.5,1.0,0.0,1.0,10.15,2.5,0.0,0.75
1,2025-01-07 19:36:33,2025-01-07 19:45:45,1.0,1.1,1.0,N,209,231,1,8.6,5.75,0.5,3.95,0.0,1.0,19.8,2.5,0.0,0.75
2,2025-01-09 18:47:57,2025-01-09 18:58:31,1.0,0.92,1.0,N,164,163,1,10.7,2.5,0.5,3.59,0.0,1.0,21.54,2.5,0.0,0.75
1,2025-01-23 20:34:36,2025-01-23 21:01:22,,3.6,,,162,231,0,27.3,0.0,0.5,0.0,0.0,1.0,32.05,,,0.75
2,2025-01-04 10:44:32,2025-01-04 10:52:19,1.0,1.56,1.0,N,161,107,1,10.0,0.0,0.5,2.8,0.0,1.0,16.8,2.5,0.0,0.0
1,2025-01-30 05:20:19,2025-01-30 05:30:42,,3.7,,,262,233,0,12.94,0.0,0.5,0.0,0.0,1.0,17.69,,,0.75
1,2025-01-20 00:04:10,2025-01-20 00:08:51,1.0,0.9,1.0,N,75,238,2,7.2,1.0,0.5,0.0,0.0,1.0,9.7,0.0,0.0,0.0
1,2025-01-11 22:57:40,2025-01-11 23:10:16,1.0,2.4,1.0,N,230,238,1,12.8,4.25,0.5,3.7,0.0,1.0,22.25,2.5,0.0,0.75
2,2025-01-13 19:11:15,2025-01-13 19:19:23,1.0,1.26,1.0,N,162,233,1,9.3,2.5,0.5,3.31,0.0,1.0,19.86,2.5,0.0,0.75
2,2025-01-15 15:04:59,2025-01-15 15:10:35,1.0,0.63,1.0,N,211,158,1,7.2,0.0,0.5,2.39,0.0,1.0,14.34,2.5,0.0,0.75
2,2025-01-27 19:47:34,2025-01-27 20:04:08,2.0,1.66,1.0,N,186,163,1,14.9,2.5,0.5,3.0,0.0,1.0,25.15,2.5,0.0,0.75
2,2025-01-04 19:00:07,2025-01-04 19:09:53,,2.59,,,166,142,0,21.15,0.0,0.5,5.03,0.0,1.0,30.18,,,0.0
2,2025-01-28 02:12:24,2025-01-29 01:28:43,1.0,10.8,1.0,N,132,19,1,40.8,0.0,0.5,8.81,0.0,1.0,52.86,0.0,1.75,0.0
1,2025-01-27 21:36:07,2025-01-27 21:44:11,1.0,1.7,1.0,N,140,162,1,9.3,4.25,0.5,3.0,0.0,1.0,18.05,2.5,0.0,0.75
2,2025-01-02 10:33:28,2025-01-02 10:37:50,1.0,0.8,1.0,N,236,237,1,6.5,0.0,0.5,2.62,0.0,1.0,13.12,2.5,0.0,0.0
2,2025-01-09 21:38:06,2025-01-09 21:55:37,,3.21,,,230,238,0,17.29,0.0,0.5,0.0,0.0,1.0,22.04,,,0.75
2,2025-01-04 20:32:05,2025-01-04 21:05:43,1.0,8.84,1.0,N,148,238,1,42.9,1.0,0.5,9.58,0.0,1.0,57.48,2.5,0.0,0.0
1,2025-01-20 11:56:01,2025-01-20 12:03:17,,1.2,,,126,159,0,8.76,0.0,0.5,0.0,0.0,1.0,10.26,,,0.0
1,2025-01-16 18:24:29,2025-01-16 18:50:03,1.0,3.3,99.0,N,72,76,1,19.5,0.0,0.5,0.0,0.0,0.0,20.0,0.0,0.0,0.0
2,2025-01-02 18:12:54,2025-01-02 18:17:19,1.0,0.59,1.0,N,50,143,1,6.5,2.5,0.5,2.6,0.0,1.0,15.6,2.5,0.0,0.0
2,2025-01-31 10:17:50,2025-01-31 10:27:02,1.0,1.07,1.0,N,125,45,1,10.0,0.0,0.5,2.95,0.0,1.0,17.7,2.5,0.0,0.75
2,2025-01-16 14:38:27,2025-01-16 14:51:15,1.0,2.07,1.0,N,186,125,1,13.5,0.0,0.5,3.0,0.0,1.0,20.5,2.5,0.0,0.0
1,2025-01-04 21:52:58,2025-01-04 22:10:21,1.0,8.3,1.0,N,49,93,4,33.8,1.0,0.5,0.0,0.0,1.0,36.3,0.0,0.0,0.0
2,2025-01-03 15:53:00,2025-01-03 16:14:28,1.0,4.36,1.0,N,161,148,1,24.0,0.0,0.5,5.6,0.0,1.0,33.6,2.5,0.0,0.0
1,2025-01-07 08:43:12,2025-01-07 09:16:12,1.0,2.3,1.0,N,238,161,1,27.5,3.25,0.5,6.45,0.0,1.0,38.7,2.5,0.0,0.75
2,2025-01-21 19:40:06,2025-01-21 19:50:42,1.0,2.25,1.0,N,229,107,1,12.8,2.5,0.5,4.01,0.0,1.0,24.06,2.5,0.0,0.75
2,2025-01-16 20:34:20,2025-01-16 20:45:29,1.0,1.01,1.0,N,164,68,1,10.7,1.0,0.5,3.29,0.0,1.0,19.74,2.5,0.0,0.75
2,2025-01-30 16:13:58,2025-01-30 16:33:26,1.0,3.28,1.0,N,43,41,1,19.8,2.5,0.5,5.41,0.0,1.0,32.46,2.5,0.0,0.75
1,2025-01-24 07:51:01,2025-01-24 07:59:12,1.0,1.0,1.0,N,229,230,1,9.3,3.25,0.5,1.5,0.0,1.0,15.55,2.5,0.0,0.75
2,2025-01-29 22:55:01,2025-01-29 23:05:33,1.0,1.29,1.0,N,230,229,1,11.4,1.0,0.5,3.43,0.0,1.0,20.58,2.5,0.0,0.75
2,2025-01-26 01:57:17,2025-01-26 02:01:11,2.0,1.28,1.0,N,237,233,1,7.2,1.0,0.5,2.59,0.0,1.0,15.54,2.5,0.0,0.75
2,2025-01-31 16:32:32,2025-01-31 16:50:36,1.0,0.87,1.0,N,43,161,1,15.6,2.5,0.5,4.57,0.0,1.0,27.42,2.5,0.0,0.75
1,2025-01-27 12:04:15,2025-01-27 12:18:58,1.0,3.7,1.0,N,140,79,1,19.8,3.25,0.5,7.35,0.0,1.0,31.9,2.5,0.0,0.75
2,2025-01-04 16:23:25,2025-01-04 16:25:42,1.0,0.39,1.0,N,142,143,1,4.4,0.0,0.5,1.68,0.0,1.0,10.08,2.5,0.0,0.0
2,2025-01-06 22:01:47,2025-01-06 22:07:41,1.0,1.39,1.0,N,186,249,1,7.9,1.0,0.5,2.73,0.0,1.0,16.38,2.5,0.0,0.75
2,2025-01-09 17:50:13,2025-01-09 18:07:33,1.0,2.99,1.0,N,161,239,1,17.7,2.5,0.5,3.74,0.0,1.0,28.69,2.5,0.0,0.75
1,2025-01-17 14:14:44,2025-01-17 14:37:15,1.0,3.3,1.0,N,211,162,1,19.1,3.25,0.5,7.15,0.0,1.0,31.0,2.5,0.0,0.75
1,2025-01-24 22:53:58,2025-01-24 22:59:18,,0.7,,,48,163,0,5.55,0.0,0.5,0.0,0.0,1.0,10.3,,,0.75
2,2025-01-19 19:19:59,2025-01-19 19:32:18,2.0,1.98,1.0,N,161,263,1,12.8,0.0,0.5,3.51,0.0,1.0,21.06,2.5,0.0,0.75
2,2025-01-07 09:52:42,2025-01-07 10:08:51,1.0,2.23,1.0,N,236,161,1,16.3,0.0,0.5,3.58,0.0,1.0,24.63,2.5,0.0,0.75
2,2025-01-06 08:42:43,2025-01-06 08:46:12,1.0,0.57,1.0,N,75,41,1,5.8,0.0,0.5,2.0,0.0,1.0,9.3,0.0,0.0,0.0
2,2025-01-18 22:23:01,2025-01-18 22:32:47,,1.54,,,236,162,0,9.54,0.0,0.5,0.0,0.0,1.0,14.29,,,0.75
1,2025-01-26 02:10:19,2025-01-26 02:11:37,2.0,0.0,5.0,N,188,188,3,15.0,0.0,0.0,0.0,0.0,1.0,16.0,0.0,0.0,0.0
2,2025-01-23 06:04:53,2025-01-23 06:09:53,,0.6,,,170,162,0,-4.75,0.0,0.5,0.0,0.0,1.0,1.0,,,0.75
2,2025-01-31 21:01:40,2025-01-31 21:15:25,1.0,1.52,1.0,N,107,211,1,12.8,1.0,0.5,0.0,0.0,1.0,18.55,2.5,0.0,0.75
2,2025-01-31 18:43:14,2025-01-31 19:07:51,1.0,3.08,1.0,N,161,144,2,22.6,2.5,0.5,0.0,0.0,1.0,29.85,2.5,0.0,0.75
2,2025-01-12 17:25:47,2025-01-12 17:35:54,1.0,1.92,1.0,N,43,236,1,12.1,0.0,0.5,3.22,0.0,1.0,19.32,2.5,0.0,0.0
2,2025-01-20 15:09:34,2025-01-20 15:18:47,1.0,2.7,1.0,N,260,7,2,14.2,0.0,0.5,0.0,0.0,1.0,15.7,0.0,0.0,0.0
2,2025-01-26 15:07:51,2025-01-26 15:26:57,2.0,3.12,1.0,N,144,161,1,19.1,0.0,0.5,4.77,0.0,1.0,28.62,2.5,0.0,0.75
2,2025-01-24 09:17:47,2025-01-24 09:25:23,1.0,0.97,1.0,N,237,236,1,9.3,0.0,0.5,2.66,0.0,1.0,15.96,2.5,0.0,0.0
2,2025-01-26 11:32:03,2025-01-26 11:38:35,1.0,1.01,1.0,N,262,236,2,7.9,0.0,0.5,0.0,0.0,1.0,11.9,2.5,0.0,0.0
1,2025-01-27 13:37:35,2025-01-27 13:45:10,0.0,0.8,1.0,N,230,170,1,8.6,3.25,0.5,4.0,0.0,1.0,17.35,2.5,0.0,0.75
2,2025-01-22 09:40:54,2025-01-22 09:47:26,1.0,0.43,1.0,N,163,161,1,7.2,0.0,0.5,2.0,0.0,1.0,13.95,2.5,0.0,0.75
1,2025-01-25 10:43:41,2025-01-25 10:50:33,1.0,0.6,1.0,N,68,246,3,6.5,3.25,0.5,0.0,0.0,1.0,11.25,2.5,0.0,0.75
2,2025-01-25 18:01:09,2025-01-25 18:11:27,1.0,1.43,1.0,N,148,79,1,11.4,0.0,0.5,3.23,0.0,1.0,19.38,2.5,0.0,0.75
2,2025-01-12 21:04:03,2025-01-12 21:12:00,1.0,1.13,1.0,N,264,264,1,9.3,1.0,0.5,3.01,0.0,1.0,18.06,2.5,0.0,0.75
2,2025-01-12 16:19:40,2025-01-12 16:27:17,1.0,0.94,1.0,N,229,239,1,8.6,0.0,0.5,2.67,0.0,1.0,16.02,2.5,0.0,0.75
2,2025-01-24 19:36:00,2025-01-24 19:51:00,,2.92,,,151,262,0,-4.0,0.0,0.5,0.0,0.0,1.0,5.64,,,0.0
2,2025-01-10 17:44:05,2025-01-10 17:53:52,2.0,1.39,1.0,N,238,166,1,11.4,2.5,0.5,2.0,0.0,1.0,19.9,2.5,0.0,0.0
2,2025-01-05 12:13:53,2025-01-05 12:40:13,3.0,10.98,1.0,N,41,211,2,45.0,0.0,0.5,0.0,0.0,1.0,49.75,2.5,0.0,0.75
2,2025-01-25 15:49:40,2025-01-25 16:03:20,1.0,1.44,1.0,N,90,224,1,12.8,0.0,0.5,4.39,0.0,1.0,21.94,2.5,0.0,0.75
1,2025-01-01 03:10:22,2025-01-01 03:23:58,1.0,4.4,1.0,N,107,75,1,19.1,3.5,0.5,2.5,0.0,1.0,26.6,2.5,0.0,0.0
2,2025-01-19 18:28:27,2025-01-19 18:40:36,1.0,2.34,1.0,N,249,230,2,13.5,0.0,0.5,0.0,0.0,1.0,18.25,2.5,0.0,0.75
1,2025-01-06 15:30:02,2025-01-06 15:47:15,1.0,2.8,1.0,N,13,68,1,16.3,3.25,0.5,4.2,0.0,1.0,25.25,2.5,0.0,0.75
1,2025-01-22 09:25:52,2025-01-22 09:35:00,1.0,1.3,1.0,N,238,43,3,7.9,2.5,0.5,0.0,0.0,1.0,11.9,2.5,0.0,0.0
1,2025-01-15 17:45:13,2025-01-15 17:56:40,1.0,1.2,1.0,N,161,237,1,11.4,5.75,0.5,3.7,0.0,1.0,22.35,2.5,0.0,0.75
1,2025-01-30 10:41:50,2025-01-30 11:03:51,1.0,2.1,1.0,N,237,262,1,19.8,3.25,0.5,4.9,0.0,1.0,29.45,2.5,0.0,0.75
2,2025-01-30 13:27:34,2025-01-30 13:40:14,1.0,1.35,1.0,N,237,238,1,13.5,0.0,0.5,2.0,0.0,1.0,19.5,2.5,0.0,0.0
2,2025-01-29 17:20:25,2025-01-29 17:33:20,1.0,1.49,1.0,N,161,234,1,12.8,2.5,0.5,2.0,0.0,1.0,22.05,2.5,0.0,0.75
2,2025-01-29 17:08:06,2025-01-29 17:26:01,1.0,1.59,1.0,N,161,164,1,16.3,2.5,0.5,4.71,0.0,1.0,28.26,2.5,0.0,0.75
2,2025-01-28 20:34:36,2025-01-28 20:52:42,1.0,4.53,1.0,N,164,41,1,21.2,1.0,0.5,3.0,0.0,1.0,29.95,2.5,0.0,0.75
1,2025-01-15 22:42:32,2025-01-15 22:53:31,1.0,2.5,1.0,N,162,249,1,13.5,4.25,0.5,3.85,0.0,1.0,23.1,2.5,0.0,0.75
2,2025-01-24 17:14:56,2025-01-24 17:32:22,,0.0,,,188,181,0,-1.5,0.0,0.5,0.0,0.0,1.0,3.0,,,0.0
2,2025-01-02 10:40:50,2025-01-02 10:59:29,1.0,2.34,1.0,N,162,249,4,17.7,0.0,0.5,0.0,0.0,1.0,21.7,2.5,0.0,0.0
2,2025-01-13 20:17:13,2025-01-13 20:25:44,1.0,1.55,1.0,N,161,236,1,10.7,2.5,0.5,2.69,0.0,1.0,20.64,2.5,0.0,0.75
2,2025-01-30 13:11:03,2025-01-30 13:20:13,1.0,1.09,1.0,N,113,164,1,10.0,0.0,0.5,0.0,0.0,1.0,14.75,2.5,0.0,0.75
2,2025-01-10 16:11:13,2025-01-10 16:26:04,3.0,1.74,1.0,N,234,230,1,14.2,2.5,0.5,2.14,0.0,1.0,23.59,2.5,0.0,0.75
2,2025-01-28 21:24:51,2025-01-28 21:50:27,,5.3,,,61,39,0,28.4,0.0,0.5,0.0,0.0,1.0,29.9,,,0.0
1,2025-01-24 18:20:42,2025-01-24 18:44:39,4.0,2.6,1.0,N,162,239,1,19.8,5.75,0.5,5.4,0.0,1.0,32.45,2.5,0.0,0.75
2,2025-01-26 20:46:16,2025-01-26 21:00:53,1.0,4.36,1.0,N,48,41,1,20.5,1.0,0.5,3.94,0.0,1.0,30.19,2.5,0.0,0.75
2,2025-01-01 03:24:00,2025-01-01 03:58:00,,13.69,,,189,130,0,-24.21,0.0,0.5,0.0,0.0,1.0,-22.71,,,0.0
2,2025-01-31 18:25:39,2025-01-31 18:41:08,,0.0,,,163,234,0,16.05,0.0,0.5,0.0,0.0,1.0,20.8,,,0.75
2,2025-01-24 19:24:32,2025-01-24 19:35:50,1.0,1.69,1.0,N,164,249,1,12.1,2.5,0.5,3.87,0.0,1.0,23.22,2.5,0.0,0.75
1,2025-01-30 20:52:04,2025-01-30 21:01:49,1.0,1.6,1.0,N,233,140,1,10.0,4.25,0.5,3.95,0.0,1.0,19.7,2.5,0.0,0.75
2,2025-01-20 18:33:00,2025-01-20 18:42:00,,2.04,,,188,71,0,11.67,0.0,0.5,0.0,0.0,1.0,13.17,,,0.0
2,2025-01-24 16:59:24,2025-01-24 17:10:45,2.0,2.02,1.0,N,236,151,1,12.8,2.5,0.5,3.86,0.0,1.0,23.16,2.5,0.0,0.0
2,2025-01-24 02:35:17,2025-01-24 02:39:34,1.0,0.52,1.0,N,148,144,2,6.5,1.0,0.5,0.0,0.0,1.0,12.25,2.5,0.0,0.75
2,2025-01-01 19:34:44,2025-01-01 19:53:26,2.0,1.81,1.0,N,68,230,2,17.7,0.0,0.5,0.0,0.0,1.0,21.7,2.5,0.0,0.0
2,2025-01-12 21:30:41,2025-01-12 21:39:36,1.0,1.62,1.0,N,233,48,1,11.4,1.0,0.5,1.72,0.0,1.0,18.87,2.5,0.0,0.75
2,2025-01-11 21:21:45,2025-01-11 21:32:25,1.0,2.2,1.0,N,263,233,1,12.8,1.0,0.5,2.0,0.0,1.0,20.55,2.5,0.0,0.75
2,2025-01-08 11:04:01,2025-01-08 11:14:52,1.0,0.9,1.0,N,141,161,1,10.7,0.0,0.5,1.54,0.0,1.0,16.99,2.5,0.0,0.75
1,2025-01-19 06:46:06,2025-01-19 07:10:32,1.0,3.6,99.0,N,188,26,1,22.5,0.0,0.5,0.0,0.0,0.0,23.0,0.0,0.0,0.0
2,2025-01-17 15:46:27,2025-01-17 15:52:39,3.0,1.18,1.0,N,166,238,1,7.9,0.0,0.5,1.88,0.0,1.0,11.28,0.0,0.0,0.0
2,2025-01-28 07:37:02,2025-01-28 08:02:18,1.0,4.82,1.0,N,236,211,1,26.1,0.0,0.5,7.71,0.0,1.0,38.56,2.5,0.0,0.75
2,2025-01-09 23:50:18,2025-01-09 23:54:07,1.0,0.75,1.0,N,249,79,1,6.5,1.0,0.5,2.0,0.0,1.0,14.25,2.5,0.0,0.75
2,2025-01-25 03:09:30,2025-01-25 03:16:46,,1.07,,,246,164,0,9.77,0.0,0.5,0.0,0.0,1.0,14.52,,,0.75
2,2025-01-27 22:46:55,2025-01-27 22:51:17,1.0,0.75,1.0,N,230,143,4,6.5,1.0,0.5,0.0,0.0,1.0,12.25,2.5,0.0,0.75
2,2025-01-14 22:15:19,2025-01-14 22:43:53,1.0,12.52,1.0,N,132,160,1,49.2,1.0,0.5,10.34,0.0,1.0,63.79,0.0,1.75,0.0
2,2025-01-18 17:08:54,2025-01-18 17:25:16,1.0,1.89,1.0,N,186,162,1,15.6,0.0,0.5,4.07,0.0,1.0,24.42,2.5,0.0,0.75
2,2025-01-30 13:19:00,2025-01-30 13:27:03,2.0,0.72,1.0,N,234,107,1,8.6,0.0,0.5,2.67,0.0,1.0,16.02,2.5,0.0,0.75
1,2025-01-10 01:25:18,2025-01-10 01:49:45,1.0,10.3,1.0,N,132,82,1,42.9,2.75,0.5,3.3,0.0,1.0,50.45,0.0,1.75,0.0
2,2025-01-23 23:16:42,2025-01-23 23:28:16,1.0,2.04,1.0,N,48,137,1,12.8,1.0,0.5,1.0,0.0,1.0,19.55,2.5,0.0,0.75
2,2025-01-30 18:47:44,2025-01-30 19:01:55,1.0,0.0,1.0,N,162,79,1,12.8,2.5,0.5,5.01,0.0,1.0,25.06,2.5,0.0,0.75
2,2025-01-17 07:48:00,2025-01-17 08:22:00,,17.04,,,238,138,0,51.58,0.0,0.5,9.38,6.94,1.0,71.9,,,0.0
2,2025-01-17 07:32:42,2025-01-17 07:39:26,1.0,1.43,1.0,N,239,163,1,9.3,0.0,0.5,1.4,0.0,1.0,15.45,2.5,0.0,0.75
2,2025-01-25 12:10:02,2025-01-25 12:18:54,1.0,1.11,1.0,N,162,48,1,10.0,0.0,0.5,2.95,0.0,1.0,17.7,2.5,0.0,0.75
2,2025-01-26 10:51:20,2025-01-26 10:56:33,2.0,1.03,1.0,N,100,163,1,7.2,0.0,0.5,1.2,0.0,1.0,13.15,2.5,0.0,0.75
2,2025-01-14 12:09:00,2025-01-14 12:41:04,3.0,2.64,1.0,N,170,143,1,27.5,0.0,0.5,8.06,0.0,1.0,40.31,2.5,0.0,0.75
1,2025-01-06 07:36:29,2025-01-06 07:44:31,1.0,1.3,1.0,N,41,75,2,9.3,0.0,0.5,0.0,0.0,1.0,10.8,0.0,0.0,0.0
2,2025-01-18 12:06:25,2025-01-18 12:30:12,1.0,5.7,1.0,N,88,186,1,29.6,0.0,0.5,6.87,0.0,1.0,41.22,2.5,0.0,0.75
2,2025-01-07 17:49:16,2025-01-07 17:53:23,2.0,0.7,1.0,N,237,236,1,6.5,2.5,0.5,1.0,0.0,1.0,14.0,2.5,0.0,0.0
2,2025-01-08 08:22:13,2025-01-08 08:22:21,1.0,0.0,1.0,N,133,133,3,3.0,0.0,0.5,0.0,0.0,1.0,4.5,0.0,0.0,0.0
2,2025-01-19 21:25:55,2025-01-19 21:32:06,1.0,0.77,1.0,N,79,4,2,7.2,1.0,0.5,0.0,0.0,1.0,12.95,2.5,0.0,0.75
2,2025-01-31 12:55:08,2025-01-31 13:23:52,1.0,7.64,1.0,N,24,20,1,38.0,0.0,0.5,9.88,0.0,1.0,49.38,0.0,0.0,0.0
2,2025-01-02 12:21:22,2025-01-02 12:39:28,3.0,2.37,1.0,N,68,237,4,17.0,0.0,0.5,0.0,0.0,1.0,21.0,2.5,0.0,0.0
2,2025-01-22 23:38:57,2025-01-22 23:43:24,1.0,0.62,1.0,N,163,48,4,-5.8,-1.0,-0.5,0.0,0.0,-1.0,-11.55,-2.5,0.0,0.0
2,2025-01-18 19:41:00,2025-01-18 19:49:04,1.0,0.83,1.0,N,162,230,1,8.6,0.0,0.5,2.5,0.0,1.0,15.85,2.5,0.0,0.75
1,2025-01-15 09:20:10,2025-01-15 09:38:34,1.0,3.2,1.0,N,79,237,1,18.4,3.25,0.5,4.65,0.0,1.0,27.8,2.5,0.0,0.75
2,2025-01-01 11:00:29,2025-01-01 11:06:13,1.0,1.44,1.0,N,234,79,1,8.6,0.0,0.5,0.0,0.0,1.0,12.6,2.5,0.0,0.0
2,2025-01-25 01:23:26,2025-01-25 01:37:47,,2.15,,,249,137,0,14.82,0.0,0.5,0.0,0.0,1.0,19.57,,,0.75
2,2025-01-16 18:40:41,2025-01-16 18:59:31,1.0,3.26,1.0,N,238,164,1,19.8,2.5,0.5,4.06,0.0,1.0,31.11,2.5,0.0,0.75
2,2025-01-23 14:32:44,2025-01-23 14:47:14,1.0,2.12,1.0,N,236,142,1,15.6,0.0,0.5,3.92,0.0,1.0,23.52,2.5,0.0,0.0
2,2025-01-17 15:21:47,2025-01-17 15:27:44,1.0,1.28,1.0,N,90,158,1,8.6,0.0,0.5,2.67,0.0,1.0,16.02,2.5,0.0,0.75
2,2025-01-09 17:09:16,2025-01-09 17:23:40,2.0,1.79,1.0,N,161,142,1,14.2,2.5,0.5,3.0,0.0,1.0,24.45,2.5,0.0,0.75
2,2025-01-01 12:27:25,2025-01-01 13:13:19,3.0,18.03,2.0,N,132,230,1,70.0,0.0,0.5,16.19,6.94,1.0,98.88,2.5,1.75,0.0
2,2025-01-28 11:45:00,2025-01-28 11:52:18,2.0,1.08,1.0,N,186,234,2,8.6,0.0,0.5,0.0,0.0,1.0,13.35,2.5,0.0,0.75
1,2025-01-10 06:53:55,2025-01-10 07:28:23,1.0,9.6,99.0,N,168,231,1,38.5,0.0,0.5,0.0,6.94,0.0,45.94,0.0,0.0,0.0
2,2025-01-30 15:06:00,2025-01-30 15:20:00,,1.87,,,74,42,0,12.44,0.0,0.5,0.0,0.0,1.0,13.94,,,0.0
2,2025-01-15 05:49:11,2025-01-15 05:51:48,1.0,0.56,1.0,N,24,166,1,5.1,1.0,0.5,2.28,0.0,1.0,9.88,0.0,0.0,0.0
2,2025-01-31 23:56:46,2025-02-01 00:03:30,,0.76,,,107,249,0,9.71,0.0,0.5,0.0,0.0,1.0,14.46,,,0.75
2,2025-01-02 17:38:46,2025-01-02 17:51:58,2.0,1.54,1.0,N,246,164,1,12.8,2.5,0.5,3.86,0.0,1.0,23.16,2.5,0.0,0.0
2,2025-01-21 18:46:21,2025-01-21 18:52:09,1.0,0.86,1.0,N,249,114,1,7.2,2.5,0.5,3.61,0.0,1.0,18.06,2.5,0.0,0.75
2,2025-01-09 20:46:06,2025-01-09 20:57:30,1.0,2.31,1.0,N,142,236,1,13.5,1.0,0.5,3.85,0.0,1.0,23.1,2.5,0.0,0.75
2,2025-01-18 10:38:27,2025-01-18 10:47:17,1.0,2.05,1.0,N,263,163,1,12.1,0.0,0.5,5.06,0.0,1.0,21.91,2.5,0.0,0.75
2,2025-01-23 18:41:13,2025-01-23 18:51:11,1.0,1.45,1.0,N,90,161,1,10.7,2.5,0.5,3.59,0.0,1.0,21.54,2.5,0.0,0.75
2,2025-01-28 21:34:01,2025-01-28 21:42:12,1.0,1.27,1.0,N,13,45,1,9.3,1.0,0.5,3.01,0.0,1.0,18.06,2.5,0.0,0.75
2,2025-01-29 19:38:34,2025-01-29 19:44:33,2.0,1.0,1.0,N,263,237,1,7.9,2.5,0.5,4.32,0.0,1.0,18.72,2.5,0.0,0.0
2,2025-01-19 16:55:44,2025-01-19 17:07:20,1.0,1.78,1.0,N,148,249,1,12.1,0.0,0.5,3.37,0.0,1.0,20.22,2.5,0.0,0.75
2,2025-01-25 02:54:03,2025-01-25 03:01:50,,1.73,,,148,107,0,10.26,0.0,0.5,0.0,0.0,1.0,15.01,,,0.75
2,2025-01-26 22:29:11,2025-01-26 22:34:54,1.0,1.28,1.0,N,48,100,2,8.6,1.0,0.5,0.0,0.0,1.0,14.35,2.5,0.0,0.75
2,2025-01-30 11:20:51,2025-01-30 11:27:16,1.0,0.77,1.0,N,237,161,1,7.9,0.0,0.5,2.53,0.0,1.0,15.18,2.5,0.0,0.75
2,2025-01-31 08:20:15,2025-01-31 09:05:26,,12.48,,,208,164,0,64.76,0.0,0.5,0.0,6.94,1.0,76.45,,,0.75
2,2025-01-20 19:50:12,2025-01-20 19:53:29,1.0,0.75,1.0,N,161,137,1,5.8,0.0,0.5,1.0,0.0,1.0,11.55,2.5,0.0,0.75
2,2025-01-30 11:56:37,2025-01-30 12:05:18,1.0,0.85,1.0,N,107,90,1,9.3,0.0,0.5,3.51,0.0,1.0,17.56,2.5,0.0,0.75
2,2025-01-31 06:39:41,2025-01-31 06:45:18,1.0,1.19,1.0,N,162,237,1,7.9,0.0,0.5,1.9,0.0,1.0,14.55,2.5,0.0,0.75
2,2025-01-25 17:35:43,2025-01-25 17:46:19,,2.03,,,170,79,0,-4.75,0.0,0.5,0.0,0.0,1.0,4.68,,,0.75
2,2025-01-27 17:11:06,2025-01-27 17:17:11,1.0,1.05,1.0,N,249,90,1,7.9,2.5,0.5,3.03,0.0,1.0,18.18,2.5,0.0,0.75
2,2025-01-08 16:43:10,2025-01-08 16:56:39,1.0,1.01,1.0,N,107,113,1,12.8,2.5,0.5,1.0,0.0,1.0,21.05,2.5,0.0,0.75
2,2025-01-07 21:17:52,2025-01-07 21:33:00,1.0,3.07,1.0,N,170,239,1,17.0,1.0,0.5,4.55,0.0,1.0,27.3,2.5,0.0,0.75
2,2025-01-12 21:19:57,2025-01-12 21:46:24,1.0,10.72,1.0,N,138,163,1,45.0,6.0,0.5,12.89,6.94,1.0,77.33,2.5,1.75,0.75
2,2025-01-28 18:52:00,2025-01-28 19:14:00,,4.89,,,137,74,0,24.2,0.0,0.5,0.0,0.0,1.0,28.95,,,0.75
2,2025-01-04 09:55:38,2025-01-04 09:58:47,1.0,0.87,1.0,N,141,263,2,5.8,0.0,0.5,0.0,0.0,1.0,9.8,2.5,0.0,0.0
2,2025-01-24 08:56:01,2025-01-24 09:14:34,,3.25,,,262,230,0,19.05,0.0,0.5,0.0,0.0,1.0,23.8,,,0.75
2,2025-01-22 00:06:23,2025-01-22 00:19:17,1.0,1.94,1.0,N,161,107,1,14.2,1.0,0.5,3.99,0.0,1.0,23.94,2.5,0.0,0.75
2,2025-01-23 22:14:09,2025-01-23 22:29:33,1.0,3.13,1.0,N,143,41,1,17.7,1.0,0.5,2.5,0.0,1.0,25.2,2.5,0.0,0.0
2,2025-01-30 08:58:29,2025-01-30 09:09:46,1.0,2.42,1.0,N,262,162,1,13.5,0.0,0.5,4.56,0.0,1.0,22.81,2.5,0.0,0.75
2,2025-01-22 18:06:00,2025-01-22 18:44:00,,4.98,,,236,114,0,31.74,0.0,0.5,0.0,0.0,1.0,36.49,,,0.75
1,2025-01-21 20:46:00,2025-01-21 20:49:46,1.0,0.3,1.0,N,234,249,1,5.1,4.25,0.5,2.15,0.0,1.0,13.0,2.5,0.0,0.75
2,2025-01-25 00:37:19,2025-01-25 00:43:55,1.0,0.89,1.0,N,79,114,1,7.9,1.0,0.5,0.0,0.0,1.0,13.65,2.5,0.0,0.75
1,2025-01-24 17:57:55,2025-01-24 18:16:53,1.0,2.4,1.0,N,107,264,1,18.4,5.75,0.5,6.4,0.0,1.0,32.05,2.5,0.0,0.75
2,2025-01-31 17:49:56,2025-01-31 17:55:49,,0.0,,,262,236,0,8.73,0.0,0.5,0.0,0.0,1.0,12.73,,,0.0
1,2025-01-26 18:00:08,2025-01-26 18:15:21,1.0,1.2,1.0,N,246,161,2,14.2,3.25,0.5,0.0,0.0,1.0,18.95,2.5,0.0,0.75
2,2025-01-12 09:33:38,2025-01-12 09:53:15,1.0,9.55,1.0,N,138,229,1,37.3,5.0,0.5,8.25,6.94,1.0,63.24,2.5,1.75,0.0
2,2025-01-23 09:30:33,2025-01-23 09:33:02,1.0,0.3,1.0,N,137,170,1,4.4,2.5,0.5,2.33,0.0,1.0,13.98,2.5,0.0,0.75
1,2025-01-30 19:56:43,2025-01-30 20:14:36,1.0,2.5,1.0,N,161,249,2,17.0,5.75,0.5,0.0,0.0,1.0,24.25,2.5,0.0,0.75
2,2025-01-13 16:17:53,2025-01-13 16:23:03,1.0,0.8,1.0,N,246,50,1,7.2,0.0,0.5,2.0,0.0,1.0,13.95,2.5,0.0,0.75
2,2025-01-14 12:47:35,2025-01-14 12:58:13,2.0,1.33,1.0,N,246,164,1,11.4,0.0,0.5,3.23,0.0,1.0,19.38,2.5,0.0,0.75
2,2025-01-09 18:28:07,2025-01-09 18:34:17,1.0,1.03,1.0,N,239,143,1,8.6,2.5,0.5,3.9,0.0,1.0,19.0,2.5,0.0,0.0
2,2025-01-14 10:48:20,2025-01-14 11:10:13,1.0,6.21,1.0,N,13,161,1,28.9,0.0,0.5,3.0,0.0,1.0,36.65,2.5,0.0,0.75
2,2025-01-26 11:18:36,2025-01-26 11:24:50,1.0,1.29,1.0,N,151,239,1,8.6,0.0,0.5,2.52,0.0,1.0,15.12,2.5,0.0,0.0
2,2025-01-16 16:40:18,2025-01-16 16:46:11,1.0,0.74,1.0,N,170,229,1,7.2,2.5,0.5,2.89,0.0,1.0,17.34,2.5,0.0,0.75
2,2025-01-01 00:25:19,2025-01-01 00:36:11,1.0,3.49,1.0,N,224,45,1,17.0,1.0,0.5,3.3,0.0,1.0,25.3,2.5,0.0,0.0
2,2025-01-19 05:04:47,2025-01-19 05:14:08,,1.19,,,144,79,0,7.32,0.0,0.5,0.0,0.0,1.0,12.07,,,0.75
2,2025-01-23 11:04:38,2025-01-23 11:09:54,1.0,0.53,1.0,N,79,79,2,6.5,0.0,0.5,0.0,0.0,1.0,11.25,2.5,0.0,0.75
2,2025-01-21 17:39:37,2025-01-21 17:43:11,1.0,0.51,1.0,N,113,90,1,5.8,2.5,0.5,3.92,0.0,1.0,16.97,2.5,0.0,0.75
2,2025-01-21 12:16:57,2025-01-21 12:40:24,1.0,5.33,1.0,N,68,75,2,28.2,0.0,0.5,0.0,0.0,1.0,32.95,2.5,0.0,0.75
2,2025-01-02 14:35:34,2025-01-02 14:44:50,1.0,1.45,1.0,N,263,238,1,10.7,0.0,0.5,2.94,0.0,1.0,17.64,2.5,0.0,0.0
2,2025-01-24 10:37:16,2025-01-24 11:02:53,2.0,8.6,1.0,N,138,164,2,36.6,5.0,0.5,0.0,6.94,1.0,55.04,2.5,1.75,0.75
2,2025-01-27 18:41:08,2025-01-27 18:46:54,1.0,0.77,1.0,N,162,230,1,7.2,2.5,0.5,2.89,0.0,1.0,17.34,2.5,0.0,0.75
2,2025-01-08 17:56:19,2025-01-08 18:19:04,1.0,3.3,1.0,N,246,79,1,21.9,2.5,0.5,5.83,0.0,1.0,34.98,2.5,0.0,0.75
2,2025-01-05 11:32:42,2025-01-05 11:50:29,1.0,3.44,1.0,N,141,90,1,20.5,0.0,0.5,5.05,0.0,1.0,30.3,2.5,0.0,0.75
2,2025-01-30 15:39:57,2025-01-30 15:43:43,1.0,0.91,1.0,N,262,263,1,6.5,0.0,0.5,2.1,0.0,1.0,12.6,2.5,0.0,0.0
2,2025-01-22 17:45:19,2025-01-22 17:53:24,1.0,1.6,1.0,N,43,24,1,10.7,2.5,0.5,2.0,0.0,1.0,16.7,0.0,0.0,0.0
1,2025-01-04 14:37:09,2025-01-04 14:54:18,1.0,3.6,1.0,N,236,50,1,17.0,2.5,0.5,4.2,0.0,1.0,25.2,2.5,0.0,0.0
1,2025-01-21 11:28:16,2025-01-21 11:30:03,1.0,0.0,1.0,N,207,207,2,3.0,0.0,0.5,0.0,0.0,1.0,4.5,0.0,0.0,0.0
1,2025-01-07 22:31:12,2025-01-07 22:37:39,1.0,1.5,1.0,N,263,229,1,9.3,4.25,0.5,3.0,0.0,1.0,18.05,2.5,0.0,0.75
2,2025-01-10 20:52:57,2025-01-10 21:06:53,1.0,1.68,1.0,N,90,137,1,13.5,1.0,0.5,3.85,0.0,1.0,23.1,2.5,0.0,0.75
2,2025-01-12 18:51:24,2025-01-12 19:01:35,1.0,1.05,1.0,N,232,144,1,10.7,0.0,0.5,3.09,0.0,1.0,18.54,2.5,0.0,0.75
2,2025-01-17 19:34:33,2025-01-17 19:41:50,1.0,1.05,1.0,N,239,142,1,8.6,2.5,0.5,2.0,0.0,1.0,17.1,2.5,0.0,0.0
2,2025-01-14 13:30:28,2025-01-14 13:58:11,1.0,7.39,1.0,N,230,261,1,35.9,0.0,0.5,12.2,0.0,1.0,52.85,2.5,0.0,0.75
1,2025-01-17 12:25:47,2025-01-17 12:29:02,1.0,0.7,1.0,N,239,238,2,5.8,2.5,0.5,0.0,0.0,1.0,9.8,2.5,0.0,0.0
2,2025-01-18 12:05:08,2025-01-18 12:14:18,1.0,0.92,1.0,N,163,48,1,9.3,0.0,0.5,2.11,0.0,1.0,16.16,2.5,0.0,0.75
2,2025-01-12 10:24:53,2025-01-12 10:41:00,,3.51,,,230,158,0,17.79,0.0,0.5,0.0,0.0,1.0,22.54,,,0.75
2,2025-01-11 19:37:43,2025-01-11 19:59:03,,6.99,,,262,209,0,-4.75,0.0,0.5,0.0,0.0,1.0,3.65,,,0.75
1,2025-01-07 16:11:11,2025-01-07 16:17:35,1.0,0.7,1.0,N,237,237,1,7.9,5.0,0.5,3.6,0.0,1.0,18.0,2.5,0.0,0.0
2,2025-01-01 01:27:25,2025-01-01 01:45:22,,5.23,,,255,87,0,25.45,0.0,0.5,2.94,0.0,1.0,32.39,,,0.0
2,2025-01-13 15:09:21,2025-01-13 15:14:25,1.0,0.63,1.0,N,263,236,1,6.5,0.0,0.5,2.62,0.0,1.0,13.12,2.5,0.0,0.0
2,2025-01-15 14:01:26,2025-01-15 14:18:52,,3.29,,,246,13,0,-4.75,0.0,0.5,0.0,0.0,1.0,7.53,,,0.75
2,2025-01-31 10:46:29,2025-01-31 11:14:44,2.0,6.82,1.0,N,166,164,1,33.8,0.0,0.5,2.0,0.0,1.0,40.55,2.5,0.0,0.75
2,2025-01-17 22:07:30,2025-01-17 22:12:36,1.0,0.91,1.0,N,100,170,1,7.2,1.0,0.5,1.0,0.0,1.0,13.95,2.5,0.0,0.75
2,2025-01-13 21:05:45,2025-01-13 21:17:05,1.0,1.91,1.0,N,142,170,1,12.8,1.0,0.5,3.71,0.0,1.0,22.26,2.5,0.0,0.75
2,2025-01-04 12:44:54,2025-01-04 12:57:15,1.0,1.41,1.0,N,239,43,1,13.5,0.0,0.5,3.5,0.0,1.0,21.0,2.5,0.0,0.0
2,2025-01-02 14:35:31,2025-01-02 14:35:35,1.0,0.05,1.0,N,145,226,4,3.0,0.0,0.5,0.0,0.0,1.0,4.5,0.0,0.0,0.0
1,2025-01-28 16:51:20,2025-01-28 16:58:48,1.0,1.2,1.0,N,68,249,2,8.6,5.75,0.5,0.0,0.0,1.0,15.85,2.5,0.0,0.75
2,2025-01-18 08:48:28,2025-01-18 08:55:51,1.0,1.65,1.0,N,137,114,1,10.0,0.0,0.5,2.21,0.0,1.0,16.96,2.5,0.0,0.75
2,2025-01-04 22:33:44,2025-01-04 22:39:31,1.0,1.07,1.0,N,239,238,1,7.9,1.0,0.5,2.58,0.0,1.0,15.48,2.5,0.0,0.0
1,2025-01-08 16:57:16,2025-01-08 17:16:06,3.0,2.4,1.0,N,186,79,1,18.4,5.75,0.5,5.1,0.0,1.0,30.75,2.5,0.0,0.75
2,2025-01-09 08:48:39,2025-01-09 09:08:11,1.0,2.59,1.0,N,262,161,1,18.4,0.0,0.5,4.63,0.0,1.0,27.78,2.5,0.0,0.75
1,2025-01-30 18:41:49,2025-01-30 18:58:50,,2.5,,,162,239,0,15.71,0.0,0.5,0.0,0.0,1.0,20.46,,,0.75
2,2025-01-03 10:46:37,2025-01-03 10:51:22,1.0,0.49,1.0,N,163,229,1,6.5,0.0,0.5,2.1,0.0,1.0,12.6,2.5,0.0,0.0
2,2025-01-12 20:24:32,2025-01-12 20:36:47,,3.97,,,126,185,0,17.96,0.0,0.5,0.0,0.0,1.0,19.46,,,0.0
2,2025-01-11 18:01:36,2025-01-11 18:18:36,1.0,1.95,1.0,N,211,68,1,16.3,0.0,0.5,4.21,0.0,1.0,25.26,2.5,0.0,0.75
2,2025-01-16 23:14:38,2025-01-16 23:34:35,1.0,8.97,1.0,N,138,17,1,37.3,6.0,0.5,6.98,0.0,1.0,53.53,0.0,1.75,0.0
2,2025-01-10 19:06:50,2025-01-10 19:12:51,1.0,0.64,1.0,N,162,100,1,7.2,2.5,0.5,2.89,0.0,1.0,17.34,2.5,0.0,0.75
1,2025-01-01 01:00:04,2025-01-01 01:08:16,1.0,2.0,1.0,N,143,236,1,11.4,3.5,0.5,3.25,0.0,1.0,19.65,2.5,0.0,0.0
2,2025-01-26 01:01:46,2025-01-26 01:18:50,1.0,2.01,1.0,N,4,249,1,16.3,1.0,0.5,4.41,0.0,1.0,26.46,2.5,0.0,0.75
2,2025-01-29 17:22:31,2025-01-29 18:02:53,1.0,15.37,1.0,N,261,138,1,61.1,7.5,0.5,16.06,6.94,1.0,96.35,2.5,0.0,0.75
2,2025-01-22 09:44:40,2025-01-22 09:54:54,1.0,1.35,1.0,N,249,13,4,12.1,0.0,0.5,0.0,0.0,1.0,16.85,2.5,0.0,0.75
2,2025-01-16 22:07:21,2025-01-16 22:15:12,1.0,1.3,1.0,N,230,164,2,9.3,1.0,0.5,0.0,0.0,1.0,15.05,2.5,0.0,0.75
1,2025-01-04 13:43:12,2025-01-04 14:03:50,1.0,3.0,1.0,N,236,246,1,20.5,2.5,0.5,4.9,0.0,1.0,29.4,2.5,0.0,0.0
2,2025-01-06 05:24:23,2025-01-06 05:54:48,1.0,16.9,2.0,N,79,132,1,70.0,0.0,0.5,16.34,6.94,1.0,98.03,2.5,0.0,0.75
2,2025-01-15 15:51:46,2025-01-15 16:04:38,,1.16,,,161,170,0,-4.75,0.0,0.5,0.0,0.0,1.0,3.73,,,0.75
2,2025-01-21 12:08:42,2025-01-21 12:23:40,1.0,1.36,1.0,N,236,229,1,14.2,0.0,0.5,1.9,0.0,1.0,20.85,2.5,0.0,0.75
2,2025-01-08 21:39:27,2025-01-08 21:48:11,,1.31,,,164,170,0,9.18,0.0,0.5,0.0,0.0,1.0,13.93,,,0.75
2,2025-01-11 14:33:53,2025-01-11 14:49:37,3.0,7.94,1.0,N,138,170,1,31.7,5.0,0.5,9.68,6.94,1.0,59.82,2.5,1.75,0.75
2,2025-01-25 18:47:30,2025-01-25 19:13:52,1.0,2.57,1.0,N,211,170,1,22.6,0.0,0.5,8.2,0.0,1.0,35.55,2.5,0.0,0.75
2,2025-01-20 12:01:26,2025-01-20 12:20:43,1.0,3.13,1.0,N,239,234,1,19.8,0.0,0.5,4.91,0.0,1.0,29.46,2.5,0.0,0.75
2,2025-01-13 18:07:22,2025-01-13 18:10:32,1.0,0.65,1.0,N,141,141,1,5.8,2.5,0.5,2.61,0.0,1.0,15.66,2.5,0.0,0.75
2,2025-01-04 23:48:59,2025-01-04 23:56:11,2.0,1.11,1.0,N,163,162,1,8.6,1.0,0.5,2.72,0.0,1.0,16.32,2.5,0.0,0.0
1,2025-01-02 12:53:31,2025-01-02 14:26:23,1.0,21.5,99.0,N,76,97,1,28.5,0.0,0.5,0.0,0.0,0.0,29.0,0.0,0.0,0.0
2,2025-01-26 20:43:47,2025-01-26 21:21:16,1.0,20.57,2.0,N,132,234,1,70.0,0.0,0.5,12.52,6.94,1.0,95.96,2.5,1.75,0.75
2,2025-01-24 20:22:37,2025-01-24 20:44:54,1.0,3.46,1.0,N,90,237,1,22.6,1.0,0.5,5.67,0.0,1.0,34.02,2.5,0.0,0.75
2,2025-01-04 11:38:47,2025-01-04 11:44:13,1.0,0.74,1.0,N,263,237,1,7.2,0.0,0.5,2.24,0.0,1.0,13.44,2.5,0.0,0.0
1,2025-01-19 12:56:40,2025-01-19 13:10:49,1.0,3.3,1.0,N,263,234,1,16.3,3.25,0.5,4.2,0.0,1.0,25.25,2.5,0.0,0.75
1,2025-01-05 20:48:13,2025-01-05 20:57:02,1.0,3.3,1.0,N,132,216,2,15.6,2.75,0.5,0.0,0.0,1.0,19.85,0.0,1.75,0.0
1,2025-01-30 05:31:56,2025-01-30 05:37:27,1.0,0.7,1.0,N,140,140,4,6.5,4.25,0.5,0.0,0.0,1.0,12.25,2.5,0.0,0.75
2,2025-01-07 18:10:59,2025-01-07 18:27:47,1.0,2.31,1.0,N,246,237,1,16.3,2.5,0.5,1.0,0.0,1.0,24.55,2.5,0.0,0.75
2,2025-01-25 15:10:25,2025-01-25 15:18:38,1.0,0.77,1.0,N,229,230,1,8.6,0.0,0.5,0.0,0.0,1.0,13.35,2.5,0.0,0.75
2,2025-01-07 23:40:48,2025-01-07 23:50:35,2.0,1.83,1.0,N,230,142,1,12.1,1.0,0.5,3.57,0.0,1.0,21.42,2.5,0.0,0.75
2,2025-01-14 18:48:42,2025-01-14 19:08:28,1.0,2.45,1.0,N,68,79,1,18.4,2.5,0.5,5.13,0.0,1.0,30.78,2.5,0.0,0.75
2,2025-01-17 22:41:21,2025-01-17 22:52:48,1.0,4.98,1.0,N,132,216,2,21.2,1.0,0.5,0.0,0.0,1.0,25.45,0.0,1.75,0.0
1,2025-01-30 13:48:10,2025-01-30 13:53:45,1.0,0.7,1.0,N,238,24,1,6.5,0.0,0.5,4.0,0.0,1.0,12.0,0.0,0.0,0.0
1,2025-01-02 12:33:49,2025-01-02 12:42:29,1.0,1.2,1.0,N,113,234,1,10.0,2.5,0.5,2.0,0.0,1.0,16.0,2.5,0.0,0.0
2,2025-01-16 20:27:09,2025-01-16 20:41:05,1.0,2.29,1.0,N,233,114,1,14.9,1.0,0.5,3.1,0.0,1.0,23.75,2.5,0.0,0.75
1,2025-01-30 19:44:25,2025-01-30 19:59:06,1.0,3.2,1.0,N,239,74,1,17.7,5.0,0.5,5.0,0.0,1.0,29.2,2.5,0.0,0.0
2,2025-01-21 19:47:50,2025-01-21 20:09:39,1.0,4.37,1.0,N,166,162,1,24.0,2.5,0.5,6.25,0.0,1.0,37.5,2.5,0.0,0.75
1,2025-01-24 14:16:14,2025-01-24 14:37:23,1.0,6.9,1.0,N,13,161,1,31.0,3.25,0.5,8.95,0.0,1.0,44.7,2.5,0.0,0.75
1,2025-01-03 11:24:04,2025-01-03 11:41:20,1.0,3.1,1.0,N,162,158,1,19.1,2.5,0.5,4.6,0.0,1.0,27.7,2.5,0.0,0.0
2,2025-01-06 15:09:27,2025-01-06 15:38:31,2.0,6.33,1.0,N,142,148,2,33.1,0.0,0.5,0.0,0.0,1.0,37.85,2.5,0.0,0.75
2,2025-01-24 15:48:53,2025-01-24 16:07:21,1.0,2.46,1.0,N,231,107,1,18.4,0.0,0.5,4.63,0.0,1.0,27.78,2.5,0.0,0.75
2,2025-01-06 11:30:11,2025-01-06 11:51:35,4.0,4.54,1.0,N,164,12,1,24.0,0.0,0.5,10.0,0.0,1.0,38.75,2.5,0.0,0.75
2,2025-01-13 18:44:02,2025-01-13 18:50:44,1.0,1.05,1.0,N,163,141,1,7.9,2.5,0.5,3.03,0.0,1.0,18.18,2.5,0.0,0.75
2,2025-01-31 22:58:59,2025-01-31 23:02:43,1.0,0.95,1.0,N,140,262,1,6.5,1.0,0.5,1.15,0.0,1.0,12.65,2.5,0.0,0.0
2,2025-01-15 21:58:03,2025-01-15 22:10:15,,2.47,,,142,263,0,14.34,0.0,0.5,0.0,0.0,1.0,18.34,,,0.0
2,2025-01-19 18:40:00,2025-01-19 18:46:00,,0.69,,,43,142,0,6.35,0.0,0.5,0.0,0.0,1.0,10.35,,,0.0
2,2025-01-08 14:27:39,2025-01-08 14:33:20,2.0,1.45,1.0,N,48,246,1,7.9,0.0,0.5,3.16,0.0,1.0,15.81,2.5,0.0,0.75
1,2025-01-07 22:09:35,2025-01-07 22:15:07,1.0,0.9,1.0,N,237,142,1,6.5,3.5,0.5,2.3,0.0,1.0,13.8,2.5,0.0,0.0
2,2025-01-30 16:07:20,2025-01-30 16:11:24,1.0,0.77,1.0,N,238,239,1,6.5,2.5,0.5,2.6,0.0,1.0,15.6,2.5,0.0,0.0
1,2025-01-24 22:40:56,2025-01-24 22:49:51,2.0,1.4,1.0,N,239,48,1,10.7,4.25,0.5,3.25,0.0,1.0,19.7,2.5,0.0,0.75
1,2025-01-31 22:31:08,2025-01-31 22:40:20,1.0,1.9,1.0,N,142,90,1,10.7,4.25,0.5,4.1,0.0,1.0,20.55,2.5,0.0,0.75
2,2025-01-10 09:37:23,2025-01-10 09:44:49,1.0,0.91,1.0,N,229,237,1,8.6,0.0,0.5,2.67,0.0,1.0,16.02,2.5,0.0,0.75
2,2025-01-20 14:50:03,2025-01-20 15:10:37,1.0,3.68,1.0,N,236,116,2,21.9,0.0,0.5,0.0,0.0,1.0,25.9,2.5,0.0,0.0
2,2025-01-07 11:36:51,2025-01-07 11:46:22,1.0,1.18,1.0,N,151,239,4,10.0,0.0,0.5,0.0,0.0,1.0,14.0,2.5,0.0,0.0
1,2025-01-24 19:07:31,2025-01-24 19:16:04,2.0,1.2,1.0,N,164,107,1,9.3,5.75,0.5,3.3,0.0,1.0,19.85,2.5,0.0,0.75
2,2025-01-07 13:13:10,2025-01-07 13:48:23,1.0,7.75,1.0,N,162,138,1,40.8,5.0,0.5,7.58,0.0,1.0,58.13,2.5,0.0,0.75
2,2025-01-25 02:20:12,2025-01-25 02:26:19,1.0,0.71,1.0,N,114,114,1,7.2,1.0,0.5,3.24,0.0,1.0,16.19,2.5,0.0,0.75
2,2025-01-20 15:00:44,2025-01-20 15:04:51,1.0,0.71,1.0,N,43,141,1,5.8,0.0,0.5,1.96,0.0,1.0,11.76,2.5,0.0,0.0
1,2025-01-17 18:48:12,2025-01-17 19:20:34,,5.2,,,74,100,0,37.23,0.0,0.5,0.0,0.0,1.0,41.98,,,0.75
2,2025-01-26 00:28:58,2025-01-26 00:42:30,,2.46,,,79,162,0,19.21,0.0,0.5,0.0,0.0,1.0,23.96,,,0.75
1,2025-01-16 09:07:17,2025-01-16 09:20:19,1.0,2.2,1.0,N,236,162,1,13.5,3.25,0.5,1.9,0.0,1.0,20.15,2.5,0.0,0.75
2,2025-01-13 17:08:18,2025-01-13 17:22:33,1.0,1.82,1.0,N,166,43,1,14.2,2.5,0.5,5.18,0.0,1.0,25.88,2.5,0.0,0.0
1,2025-01-19 21:05:57,2025-01-19 21:18:16,3.0,1.8,1.0,N,238,43,1,13.5,3.5,0.5,3.7,0.0,1.0,22.2,2.5,0.0,0.0
2,2025-01-26 16:16:32,2025-01-26 17:05:51,1.0,8.34,1.0,N,186,168,1,50.6,0.0,0.5,11.07,0.0,1.0,66.42,2.5,0.0,0.75
2,2025-01-20 11:58:34,2025-01-20 12:08:04,1.0,1.02,1.0,N,186,137,1,10.0,0.0,0.5,2.95,0.0,1.0,17.7,2.5,0.0,0.75
1,2025-01-17 14:03:54,2025-01-17 14:11:10,1.0,1.3,1.0,N,236,238,2,8.6,2.5,0.5,0.0,0.0,1.0,12.6,2.5,0.0,0.0
2,2025-01-16 18:16:13,2025-01-16 18:38:07,2.0,3.8,1.0,N,234,13,1,23.3,2.5,0.5,6.11,0.0,1.0,36.66,2.5,0.0,0.75
2,2025-01-22 12:36:09,2025-01-22 12:48:55,1.0,0.78,1.0,N,237,236,1,12.1,0.0,0.5,3.22,0.0,1.0,19.32,2.5,0.0,0.0
2,2025-01-03 12:02:13,2025-01-03 12:17:35,1.0,1.83,1.0,N,230,246,1,14.9,0.0,0.5,3.78,0.0,1.0,22.68,2.5,0.0,0.0
1,2025-01-03 11:22:39,2025-01-03 11:53:46,1.0,3.3,99.0,N,162,74,1,22.5,0.0,0.5,0.0,0.0,0.0,23.0,0.0,0.0,0.0
1,2025-01-03 10:20:30,2025-01-03 10:26:00,1.0,1.1,1.0,N,113,246,2,7.9,2.5,0.5,0.0,0.0,1.0,11.9,2.5,0.0,0.0
2,2025-01-14 19:31:14,2025-01-14 19:43:47,1.0,1.81,1.0,N,162,234,1,12.8,2.5,0.5,4.01,0.0,1.0,24.06,2.5,0.0,0.75
2,2025-01-23 14:39:34,2025-01-23 14:51:55,1.0,1.68,1.0,N,237,43,1,12.8,0.0,0.5,3.36,0.0,1.0,20.16,2.5,0.0,0.0
2,2025-01-07 08:54:11,2025-01-07 09:18:09,1.0,1.85,1.0,N,233,48,1,20.5,0.0,0.5,3.5,0.0,1.0,28.75,2.5,0.0,0.75
2,2025-01-07 23:36:44,2025-01-07 23:42:11,1.0,1.73,1.0,N,48,239,1,9.3,1.0,0.5,0.0,0.0,1.0,15.05,2.5,0.0,0.75
2,2025-01-10 22:53:12,2025-01-10 23:13:12,1.0,1.16,1.0,N,161,163,1,17.0,1.0,0.5,4.55,0.0,1.0,27.3,2.5,0.0,0.75
2,2025-01-03 12:13:45,2025-01-03 12:13:59,1.0,0.07,1.0,N,237,237,2,3.0,0.0,0.5,0.0,0.0,1.0,7.0,2.5,0.0,0.0
2,2025-01-18 20:58:08,2025-01-18 21:11:55,,3.67,,,126,247,0,17.06,0.0,0.5,0.0,0.0,1.0,18.56,,,0.0
2,2025-01-20 05:43:11,2025-01-20 06:10:54,2.0,17.92,5.0,N,246,1,1,105.0,0.0,0.0,5.0,21.06,1.0,132.06,0.0,0.0,0.0
2,2025-01-13 16:43:55,2025-01-13 17:06:41,1.0,3.55,1.0,N,144,230,1,22.6,2.5,0.5,5.97,0.0,1.0,35.82,2.5,0.0,0.75
2,2025-01-20 12:45:18,2025-01-20 13:05:17,1.0,2.76,1.0,N,186,144,1,18.4,0.0,0.5,5.27,3.18,1.0,31.6,2.5,0.0,0.75
2,2025-01-19 10:31:01,2025-01-19 10:35:12,1.0,0.83,1.0,N,68,90,2,6.5,0.0,0.5,0.0,0.0,1.0,11.25,2.5,0.0,0.75
2,2025-01-19 10:32:32,2025-01-19 10:36:38,1.0,0.93,1.0,N,234,107,1,6.5,0.0,0.5,2.25,0.0,1.0,13.5,2.5,0.0,0.75
2,2025-01-17 07:04:49,2025-01-17 07:10:39,1.0,1.23,1.0,N,186,161,1,7.9,0.0,0.5,2.53,0.0,1.0,15.18,2.5,0.0,0.75
1,2025-01-18 02:16:28,2025-01-18 02:23:03,,1.2,,,79,249,0,7.02,0.0,0.5,0.0,0.0,1.0,11.77,,,0.75
1,2025-01-29 22:43:30,2025-01-29 22:47:21,1.0,0.6,1.0,N,163,237,1,5.8,4.25,0.5,2.3,0.0,1.0,13.85,2.5,0.0,0.75
2,2025-01-11 17:58:26,2025-01-11 18:10:32,1.0,1.34,1.0,N,158,234,1,12.1,0.0,0.5,4.21,0.0,1.0,21.06,2.5,0.0,0.75
2,2025-01-21 16:06:57,2025-01-21 16:14:11,1.0,1.01,1.0,N,13,231,1,8.6,2.5,0.5,3.17,0.0,1.0,19.02,2.5,0.0,0.75
2,2025-01-21 11:28:01,2025-01-21 11:43:05,2.0,3.99,1.0,N,137,193,2,19.8,0.0,0.5,0.0,0.0,1.0,24.55,2.5,0.0,0.75
2,2025-01-30 16:07:31,2025-01-30 16:24:37,1.0,1.53,1.0,N,140,233,1,15.6,2.5,0.5,0.0,0.0,1.0,22.85,2.5,0.0,0.75
1,2025-01-25 19:16:58,2025-01-25 19:25:14,,1.0,,,41,41,0,10.89,0.0,0.5,0.0,0.0,1.0,12.39,,,0.0
2,2025-01-19 22:06:49,2025-01-19 22:29:55,,7.12,,,166,229,0,29.16,0.0,0.5,0.0,0.0,1.0,33.91,,,0.75
2,2025-01-29 13:06:14,2025-01-29 13:14:03,1.0,1.09,1.0,N,107,170,2,9.3,0.0,0.5,0.0,0.0,1.0,14.05,2.5,0.0,0.75
2,2025-01-19 17:15:22,2025-01-19 18:00:18,1.0,18.31,2.0,N,132,161,1,70.0,0.0,0.5,17.93,14.9,1.0,109.33,2.5,1.75,0.75
2,2025-01-05 17:10:17,2025-01-05 17:19:15,3.0,2.1,1.0,N,140,162,1,11.4,0.0,0.5,3.23,0.0,1.0,19.38,2.5,0.0,0.75
2,2025-01-15 11:54:14,2025-01-15 12:07:44,1.0,2.3,1.0,N,140,233,1,14.9,0.0,0.5,3.93,0.0,1.0,23.58,2.5,0.0,0.75
2,2025-01-11 01:31:22,2025-01-11 01:41:13,1.0,1.49,1.0,N,211,232,1,11.4,1.0,0.5,3.43,0.0,1.0,20.58,2.5,0.0,0.75
2,2025-01-17 10:19:28,2025-01-17 10:34:03,1.0,2.26,1.0,N,143,161,2,14.9,0.0,0.5,0.0,0.0,1.0,19.65,2.5,0.0,0.75
2,2025-01-15 18:22:18,2025-01-15 18:29:42,2.0,1.48,1.0,N,236,239,1,9.3,2.5,0.5,3.16,0.0,1.0,18.96,2.5,0.0,0.0
2,2025-01-14 14:28:39,2025-01-14 15:18:18,2.0,13.11,1.0,N,138,101,1,56.2,5.0,0.5,12.54,0.0,1.0,76.99,0.0,1.75,0.0
1,2025-01-01 12:05:17,2025-01-01 12:12:25,,1.2,,,137,90,0,13.98,0.0,0.5,0.0,0.0,1.0,17.98,,,0.0
2,2025-01-23 13:12:06,2025-01-23 13:36:18,4.0,8.83,1.0,N,70,164,1,38.0,5.0,0.5,10.94,6.94,1.0,67.38,2.5,1.75,0.75
2,2025-01-01 21:59:00,2025-01-01 22:04:56,1.0,1.24,1.0,N,186,249,2,8.6,1.0,0.5,0.0,0.0,1.0,13.6,2.5,0.0,0.0
2,2025-01-08 15:56:36,2025-01-08 16:01:58,1.0,0.62,1.0,N,161,161,1,7.2,0.0,0.5,2.39,0.0,1.0,14.34,2.5,0.0,0.75
1,2025-01-30 08:44:01,2025-01-30 08:56:14,1.0,1.4,1.0,N,237,229,1,10.7,3.25,0.5,3.1,0.0,1.0,18.55,2.5,0.0,0.75
2,2025-01-20 21:40:38,2025-01-20 21:41:59,1.0,0.44,1.0,N,229,140,1,4.4,1.0,0.5,1.5,0.0,1.0,11.65,2.5,0.0,0.75
2,2025-01-25 22:34:28,2025-01-25 22:53:17,1.0,4.56,1.0,N,113,87,1,23.3,1.0,0.5,0.0,0.0,1.0,29.05,2.5,0.0,0.75
2,2025-01-22 06:51:57,2025-01-22 06:59:31,,1.74,,,238,142,0,9.07,0.0,0.5,0.0,0.0,1.0,13.07,,,0.0
2,2025-01-11 00:46:35,2025-01-11 01:31:29,1.0,20.91,2.0,N,132,231,1,70.0,0.0,0.5,14.95,0.0,1.0,91.45,2.5,1.75,0.75
2,2025-01-16 19:52:07,2025-01-16 20:00:54,2.0,0.92,1.0,N,163,237,1,9.3,2.5,0.5,2.0,0.0,1.0,18.55,2.5,0.0,0.75
2,2025-01-08 15:33:24,2025-01-08 15:48:36,1.0,1.94,1.0,N,161,263,1,14.2,0.0,0.5,3.79,0.0,1.0,22.74,2.5,0.0,0.75
1,2025-01-23 08:42:35,2025-01-23 08:47:58,1.0,0.9,1.0,N,238,239,1,7.2,2.5,0.5,1.0,0.0,1.0,12.2,2.5,0.0,0.0
1,2025-01-09 21:45:37,2025-01-09 21:52:05,1.0,1.2,1.0,N,114,231,1,7.9,4.25,0.5,3.4,0.0,1.0,17.05,2.5,0.0,0.75
2,2025-01-30 08:47:31,2025-01-30 09:24:40,,10.22,,,32,140,0,51.44,0.0,0.5,0.0,6.94,1.0,62.38,,,0.0
2,2025-01-08 07:00:08,2025-01-08 07:08:31,1.0,2.08,1.0,N,263,161,1,11.4,0.0,0.5,2.0,0.0,1.0,18.15,2.5,0.0,0.75
2,2025-01-22 13:46:59,2025-01-22 13:58:09,1.0,1.07,1.0,N,163,100,1,11.4,0.0,0.5,3.23,0.0,1.0,19.38,2.5,0.0,0.75
1,2025-01-23 11:10:38,2025-01-23 11:51:31,1.0,6.5,99.0,N,78,42,1,26.5,0.0,0.5,0.0,0.0,0.0,27.0,0.0,0.0,0.0
2,2025-01-31 22:49:45,2025-01-31 23:03:08,3.0,1.33,1.0,N,249,148,1,12.8,1.0,0.5,1.0,0.0,1.0,19.55,2.5,0.0,0.75
1,2025-01-30 08:13:57,2025-01-30 08:20:29,1.0,0.6,1.0,N,164,137,1,7.2,3.25,0.5,1.0,0.0,1.0,12.95,2.5,0.0,0.75
1,2025-01-01 08:36:01,2025-01-01 08:41:16,1.0,0.9,1.0,N,264,264,1,7.2,2.5,0.5,1.5,0.0,1.0,12.7,2.5,0.0,0.0
2,2025-01-15 21:14:53,2025-01-15 21:29:44,1.0,1.87,1.0,N,163,186,1,14.2,1.0,0.5,3.99,0.0,1.0,23.94,2.5,0.0,0.75
2,2025-01-01 00:40:17,2025-01-01 00:45:07,1.0,0.64,1.0,N,234,113,1,6.5,1.0,0.5,1.15,0.0,1.0,12.65,2.5,0.0,0.0
2,2025-01-28 19:53:58,2025-01-28 20:04:01,1.0,1.9,1.0,N,246,163,1,12.1,2.5,0.5,1.0,0.0,1.0,20.35,2.5,0.0,0.75
2,2025-01-08 19:07:04,2025-01-08 19:22:12,1.0,3.57,1.0,N,79,141,1,17.7,2.5,0.5,4.99,0.0,1.0,29.94,2.5,0.0,0.75
1,2025-01-28 12:02:05,2025-01-28 12:22:40,1.0,8.4,1.0,N,262,138,1,34.5,7.5,0.5,15.15,6.94,1.0,65.59,2.5,0.0,0.0
2,2025-01-18 19:37:34,2025-01-18 20:14:03,1.0,18.97,2.0,N,236,132,1,70.0,0.0,0.5,10.0,6.94,1.0,90.94,2.5,0.0,0.0
2,2025-01-05 13:45:09,2025-01-05 13:51:14,1.0,1.06,1.0,N,239,151,1,8.6,0.0,0.5,2.52,0.0,1.0,15.12,2.5,0.0,0.0
2,2025-01-13 18:44:21,2025-01-13 18:51:05,1.0,0.63,1.0,N,100,234,1,7.9,2.5,0.5,3.03,0.0,1.0,18.18,2.5,0.0,0.75
2,2025-01-21 18:18:39,2025-01-21 19:09:40,1.0,16.46,1.0,N,132,189,1,70.9,2.5,0.5,16.86,0.0,1.0,93.51,0.0,1.75,0.0
1,2025-01-16 15:23:02,2025-01-16 15:29:27,1.0,1.1,1.0,N,90,211,1,7.9,3.25,0.5,2.55,0.0,1.0,15.2,2.5,0.0,0.75
1,2025-01-04 18:09:28,2025-01-04 18:38:18,1.0,4.3,1.0,N,68,236,1,27.5,2.5,0.5,6.3,0.0,1.0,37.8,2.5,0.0,0.0
1,2025-01-06 09:51:05,2025-01-06 10:06:16,1.0,3.2,1.0,N,158,48,1,19.1,3.25,0.5,5.95,0.0,1.0,29.8,2.5,0.0,0.75
2,2025-01-04 11:46:52,2025-01-04 11:57:45,1.0,1.97,1.0,N,162,140,2,12.1,0.0,0.5,0.0,0.0,1.0,16.1,2.5,0.0,0.0
2,2025-01-12 00:33:30,2025-01-12 00:40:40,1.0,0.84,1.0,N,114,249,1,8.6,1.0,0.5,2.87,0.0,1.0,17.22,2.5,0.0,0.75
2,2025-01-12 08:53:56,2025-01-12 09:24:24,2.0,17.55,2.0,N,43,132,1,70.0,0.0,0.5,16.34,6.94,1.0,98.03,2.5,0.0,0.75
2,2025-01-31 23:02:19,2025-01-31 23:10:19,1.0,1.27,1.0,N,249,79,1,9.3,1.0,0.5,4.51,0.0,1.0,19.56,2.5,0.0,0.75
2,2025-01-18 21:47:24,2025-01-18 21:55:38,1.0,3.66,1.0,N,132,215,2,16.3,1.0,0.5,0.0,0.0,1.0,20.55,0.0,1.75,0.0
2,2025-01-09 19:08:42,2025-01-09 19:22:19,2.0,1.81,1.0,N,237,230,1,14.2,2.5,0.5,4.29,0.0,1.0,25.74,2.5,0.0,0.75
2,2025-01-27 14:26:14,2025-01-27 14:53:22,1.0,7.63,5.0,N,138,48,1,65.0,5.0,0.0,10.0,0.0,1.0,86.0,2.5,1.75,0.75
2,2025-01-16 08:15:00,2025-01-16 08:36:00,,3.06,,,107,140,0,19.18,0.0,0.5,0.0,0.0,1.0,23.93,,,0.75
2,2025-01-08 20:37:03,2025-01-08 20:47:09,1.0,1.64,1.0,N,161,170,1,11.4,1.0,0.5,3.43,0.0,1.0,20.58,2.5,0.0,0.75
2,2025-01-18 18:17:28,2025-01-18 18:47:24,,5.76,,,262,148,0,23.63,0.0,0.5,0.0,0.0,1.0,28.38,,,0.75
2,2025-01-18 18:46:19,2025-01-18 19:09:02,1.0,2.85,1.0,N,162,4,1,21.2,0.0,0.5,5.19,0.0,1.0,31.14,2.5,0.0,0.75
2,2025-01-06 16:24:16,2025-01-06 16:44:12,2.0,1.99,1.0,N,237,143,1,17.7,2.5,0.5,6.05,0.0,1.0,30.25,2.5,0.0,0.0
2,2025-01-11 16:15:23,2025-01-11 16:20:37,2.0,1.09,1.0,N,144,234,1,7.9,0.0,0.5,2.53,0.0,1.0,15.18,2.5,0.0,0.75
2,2025-01-24 09:38:47,2025-01-24 10:19:46,1.0,9.46,1.0,N,138,142,2,46.4,0.0,0.5,0.0,0.0,1.0,52.9,2.5,1.75,0.75
2,2025-01-30 16:02:47,2025-01-30 16:10:23,1.0,0.84,1.0,N,231,144,1,8.6,2.5,0.5,3.17,0.0,1.0,19.02,2.5,0.0,0.75
2,2025-01-18 16:35:14,2025-01-18 17:30:48,1.0,16.89,1.0,N,132,49,1,70.9,0.0,0.5,18.1,0.0,1.0,90.5,0.0,0.0,0.0
1,2025-01-05 02:15:10,2025-01-05 02:17:35,1.0,0.4,1.0,N,234,107,1,4.4,3.5,0.5,2.0,0.0,1.0,11.4,2.5,0.0,0.0
2,2025-01-28 12:56:16,2025-01-28 13:05:27,1.0,1.01,1.0,N,162,237,1,10.0,0.0,0.5,4.42,0.0,1.0,19.17,2.5,0.0,0.75
2,2025-01-11 19:56:02,2025-01-11 20:42:18,1.0,11.56,1.0,N,164,72,1,54.1,0.0,0.5,4.0,0.0,1.0,62.85,2.5,0.0,0.75
1,2025-01-02 21:55:57,2025-01-02 22:01:14,1.0,0.5,1.0,N,161,161,1,5.8,3.5,0.5,2.15,0.0,1.0,12.95,2.5,0.0,0.0
2,2025-01-25 12:04:23,2025-01-25 12:08:21,1.0,0.34,1.0,N,170,170,1,5.1,0.0,0.5,1.97,0.0,1.0,11.82,2.5,0.0,0.75
2,2025-01-27 04:54:57,2025-01-27 04:59:51,,1.29,,,75,263,0,6.23,0.0,0.5,0.0,0.0,1.0,10.23,,,0.0
2,2025-01-12 12:07:08,2025-01-12 12:32:13,1.0,9.64,1.0,N,138,97,1,39.4,5.0,0.5,9.18,0.0,1.0,56.83,0.0,1.75,0.0
1,2025-01-30 13:02:30,2025-01-30 13:19:32,1.0,1.5,1.0,N,230,234,1,14.9,3.25,0.5,4.9,0.0,1.0,24.55,2.5,0.0,0.75
1,2025-01-31 11:46:51,2025-01-31 11:56:59,,1.1,,,140,237,0,10.58,0.0,0.5,0.0,0.0,1.0,14.58,,,0.0
1,2025-01-12 12:31:33,2025-01-12 12:36:13,1.0,0.7,1.0,N,233,229,1,6.5,3.25,0.5,2.25,0.0,1.0,13.5,2.5,0.0,0.75
2,2025-01-07 10:07:55,2025-01-07 10:36:33,1.0,2.17,1.0,N,90,163,1,24.0,0.0,0.5,5.75,0.0,1.0,34.5,2.5,0.0,0.75
2,2025-01-12 15:22:15,2025-01-12 15:35:46,,2.2,,,141,143,0,17.11,0.0,0.5,0.0,0.0,1.0,21.11,,,0.0
2,2025-01-21 19:34:18,2025-01-21 19:45:47,2.0,2.11,1.0,N,43,163,1,13.5,2.5,0.5,4.15,0.0,1.0,24.9,2.5,0.0,0.75
2,2025-01-11 04:00:29,2025-01-11 04:14:35,1.0,4.0,1.0,N,144,141,1,19.1,1.0,0.5,4.97,0.0,1.0,29.82,2.5,0.0,0.75
2,2025-01-29 16:35:07,2025-01-29 16:48:42,1.0,2.08,1.0,N,238,263,1,14.2,2.5,0.5,3.1,0.0,1.0,23.8,2.5,0.0,0.0
2,2025-01-08 15:09:40,2025-01-08 16:28:14,4.0,27.51,1.0,N,132,26,3,-109.4,0.0,-0.5,0.0,0.0,-1.0,-112.65,0.0,-1.75,0.0
2,2025-01-11 15:32:09,2025-01-11 15:49:54,3.0,3.21,1.0,N,144,229,1,19.1,0.0,0.5,5.96,0.0,1.0,29.81,2.5,0.0,0.75
2,2025-01-21 16:26:57,2025-01-21 16:35:01,1.0,0.74,1.0,N,229,237,1,8.6,2.5,0.5,2.5,0.0,1.0,18.35,2.5,0.0,0.75
2,2025-01-20 15:13:29,2025-01-20 15:41:37,3.0,4.35,1.0,N,100,261,2,26.1,0.0,0.5,0.0,0.0,1.0,30.85,2.5,0.0,0.75
2,2025-01-15 17:33:51,2025-01-15 17:59:29,1.0,7.65,1.0,N,138,41,1,35.9,7.5,0.5,4.0,6.94,1.0,57.59,0.0,1.75,0.0
2,2025-01-22 21:21:27,2025-01-22 21:31:12,,2.78,,,170,4,0,14.93,0.0,0.5,0.0,0.0,1.0,19.68,,,0.75
2,2025-01-23 06:37:03,2025-01-23 06:52:56,,5.47,,,175,95,0,17.65,0.0,0.5,0.0,0.0,1.0,19.15,,,0.0
2,2025-01-27 17:52:19,2025-01-27 18:09:40,1.0,1.98,1.0,N,161,113,1,16.3,2.5,0.5,4.71,0.0,1.0,28.26,2.5,0.0,0.75
2,2025-01-20 14:34:51,2025-01-20 14:48:51,1.0,3.05,1.0,N,238,74,1,16.3,0.0,0.5,5.08,0.0,1.0,25.38,2.5,0.0,0.0
2,2025-01-24 22:18:16,2025-01-24 22:22:00,1.0,0.52,1.0,N,141,262,2,5.8,1.0,0.5,0.0,0.0,1.0,10.8,2.5,0.0,0.0
2,2025-01-12 18:36:30,2025-01-12 18:41:20,1.0,0.86,1.0,N,237,141,1,6.5,0.0,0.5,2.1,0.0,1.0,12.6,2.5,0.0,0.0
2,2025-01-04 20:48:49,2025-01-04 21:13:25,,9.37,,,7,114,0,-4.0,0.0,0.5,0.0,0.0,1.0,5.5,,,0.0
2,2025-01-20 14:04:21,2025-01-20 14:11:18,1.0,0.75,1.0,N,161,163,1,7.9,0.0,0.5,3.0,0.0,1.0,15.65,2.5,0.0,0.75
2,2025-01-18 12:19:12,2025-01-18 12:27:30,1.0,1.9,1.0,N,161,141,1,10.7,0.0,0.5,3.09,0.0,1.0,18.54,2.5,0.0,0.75
2,2025-01-27 19:46:57,2025-01-27 20:20:37,1.0,18.96,1.0,N,132,147,2,-71.6,-2.5,-0.5,0.0,-6.94,-1.0,-84.29,0.0,-1.75,0.0
2,2025-01-28 18:46:32,2025-01-28 19:07:39,1.0,4.9,1.0,N,230,13,1,25.4,2.5,0.5,6.53,0.0,1.0,39.18,2.5,0.0,0.75
2,2025-01-12 13:26:27,2025-01-12 13:45:08,1.0,2.77,1.0,N,163,237,1,19.8,0.0,0.5,4.91,0.0,1.0,29.46,2.5,0.0,0.75
2,2025-01-01 11:29:52,2025-01-01 11:45:14,1.0,9.5,1.0,N,132,39,1,36.6,0.0,0.5,7.62,0.0,1.0,47.47,0.0,1.75,0.0
2,2025-01-02 07:58:25,2025-01-02 08:16:21,1.0,3.58,1.0,N,68,237,1,20.5,0.0,0.5,4.9,0.0,1.0,29.4,2.5,0.0,0.0
2,2025-01-16 13:10:18,2025-01-16 13:18:30,1.0,0.69,1.0,N,161,229,1,8.6,0.0,0.5,4.0,0.0,1.0,17.35,2.5,0.0,0.75
2,2025-01-03 09:14:43,2025-01-03 09:43:42,1.0,11.51,1.0,N,138,230,1,48.5,5.0,0.5,12.89,6.94,1.0,79.08,2.5,1.75,0.0
1,2025-01-20 10:23:56,2025-01-20 10:27:16,1.0,1.3,1.0,N,48,68,2,7.2,3.25,0.5,0.0,0.0,1.0,11.95,2.5,0.0,0.75
2,2025-01-07 17:35:48,2025-01-07 18:01:33,1.0,3.77,1.0,N,107,142,1,24.0,2.5,0.5,6.25,0.0,1.0,37.5,2.5,0.0,0.75
2,2025-01-28 06:18:26,2025-01-28 06:32:54,1.0,8.75,1.0,N,262,138,1,33.8,5.0,0.5,14.92,6.94,1.0,64.66,2.5,0.0,0.0
2,2025-01-12 10:25:04,2025-01-12 10:30:57,1.0,0.61,1.0,N,237,140,2,7.2,0.0,0.5,0.0,0.0,1.0,11.2,2.5,0.0,0.0
2,2025-01-28 18:12:38,2025-01-28 18:15:56,1.0,0.66,1.0,N,186,90,1,5.8,2.5,0.5,2.0,0.0,1.0,15.05,2.5,0.0,0.75
2,2025-01-14 22:50:45,2025-01-14 23:30:22,1.0,14.41,1.0,N,132,112,1,63.9,1.0,0.5,17.23,0.0,1.0,87.88,2.5,1.75,0.0
2,2025-01-19 20:25:15,2025-01-19 20:33:23,2.0,0.89,1.0,N,236,236,1,8.6,1.0,0.5,2.72,0.0,1.0,16.32,2.5,0.0,0.0
1,2025-01-31 02:36:51,2025-01-31 02:43:31,1.0,0.9,1.0,N,148,107,1,8.6,4.25,0.5,1.5,0.0,1.0,15.85,2.5,0.0,0.75
2,2025-01-21 08:28:59,2025-01-21 08:50:48,1.0,2.44,1.0,N,231,164,2,19.8,0.0,0.5,0.0,0.0,1.0,24.55,2.5,0.0,0.75
2,2025-01-07 16:25:40,2025-01-07 16:30:31,1.0,0.93,1.0,N,246,230,1,7.2,2.5,0.5,1.0,0.0,1.0,15.45,2.5,0.0,0.75
2,2025-01-01 02:38:11,2025-01-01 02:47:10,,2.96,,,243,42,0,-4.05,0.0,0.5,0.0,0.0,1.0,-2.55,,,0.0
2,2025-01-19 22:49:27,2025-01-19 23:04:16,1.0,2.64,1.0,N,48,107,2,16.3,1.0,0.5,0.0,0.0,1.0,22.05,2.5,0.0,0.75
2,2025-01-28 18:49:37,2025-01-28 19:15:55,1.0,9.88,5.0,N,138,143,1,60.0,5.0,0.0,3.0,6.94,1.0,80.19,2.5,1.75,0.0
2,2025-01-15 20:06:39,2025-01-15 20:20:05,1.0,3.4,1.0,N,229,202,4,-17.0,-1.0,-0.5,0.0,0.0,-1.0,-22.75,-2.5,0.0,0.0
2,2025-01-16 21:08:36,2025-01-16 21:33:25,1.0,5.45,1.0,N,186,54,1,26.8,1.0,0.5,6.51,0.0,1.0,39.06,2.5,0.0,0.75
2,2025-01-10 11:07:39,2025-01-10 11:08:10,1.0,0.11,2.0,N,151,238,2,70.0,0.0,0.5,0.0,0.0,1.0,71.5,0.0,0.0,0.0
2,2025-01-29 10:04:29,2025-01-29 10:14:25,1.0,1.08,1.0,N,262,141,2,10.7,0.0,0.5,0.0,0.0,1.0,14.7,2.5,0.0,0.0
2,2025-01-26 12:49:02,2025-01-26 12:56:28,,1.2,,,237,236,0,7.15,0.0,0.5,0.0,0.0,1.0,11.15,,,0.0
2,2025-01-20 17:56:18,2025-01-20 18:11:20,2.0,4.54,1.0,N,132,218,1,20.5,2.5,0.5,5.0,0.0,1.0,31.25,0.0,1.75,0.0
2,2025-01-23 23:01:23,2025-01-23 23:18:46,,3.71,,,148,48,0,24.12,0.0,0.5,0.0,0.0,1.0,28.87,,,0.75
2,2025-01-11 15:54:30,2025-01-11 16:10:40,1.0,3.11,1.0,N,90,143,1,17.0,0.0,0.5,4.35,0.0,1.0,26.1,2.5,0.0,0.75
2,2025-01-31 05:00:34,2025-01-31 05:05:11,1.0,0.9,1.0,N,79,148,1,7.2,1.0,0.5,2.59,0.0,1.0,15.54,2.5,0.0,0.75
2,2025-01-28 16:33:45,2025-01-28 16:49:20,2.0,2.28,1.0,N,113,162,1,15.6,2.5,0.5,4.57,0.0,1.0,27.42,2.5,0.0,0.75
2,2025-01-17 20:23:14,2025-01-17 20:50:33,3.0,3.84,1.0,N,140,68,1,24.7,1.0,0.5,0.0,0.0,1.0,30.45,2.5,0.0,0.75
2,2025-01-31 21:26:14,2025-01-31 21:51:04,,4.58,,,236,246,0,28.75,0.0,0.5,0.0,0.0,1.0,33.5,,,0.75
2,2025-01-04 12:19:41,2025-01-04 12:35:35,2.0,2.68,1.0,N,234,229,1,17.0,0.0,0.5,2.0,0.0,1.0,23.0,2.5,0.0,0.0
1,2025-01-02 15:06:39,2025-01-02 15:07:33,1.0,0.1,1.0,N,264,211,1,3.7,2.5,0.5,0.0,0.0,1.0,7.7,2.5,0.0,0.0
1,2025-01-30 13:02:06,2025-01-30 13:24:46,1.0,1.7,1.0,N,164,48,1,19.1,3.25,0.5,4.0,0.0,1.0,27.85,2.5,0.0,0.75
1,2025-01-26 00:17:06,2025-01-26 00:30:36,1.0,1.8,1.0,N,163,141,1,11.4,4.25,0.5,3.45,0.0,1.0,20.6,2.5,0.0,0.75
2,2025-01-17 15:10:54,2025-01-17 15:21:34,1.0,1.76,1.0,N,43,239,1,12.1,0.0,0.5,2.53,0.0,1.0,19.38,2.5,0.0,0.75
1,2025-01-13 09:20:58,2025-01-13 09:39:22,2.0,1.3,1.0,N,234,264,1,13.5,3.25,0.5,0.0,0.0,1.0,18.25,2.5,0.0,0.75
2,2025-01-21 09:33:13,2025-01-21 09:38:11,1.0,0.99,1.0,N,263,262,1,7.2,0.0,0.5,2.24,0.0,1.0,13.44,2.5,0.0,0.0
1,2025-01-02 08:05:58,2025-01-02 09:03:48,1.0,13.1,99.0,N,135,88,1,45.5,0.0,0.5,0.0,6.94,0.0,52.94,0.0,0.0,0.0
2,2025-01-26 00:50:30,2025-01-26 01:11:38,,4.02,,,48,79,0,22.39,0.0,0.5,0.0,0.0,1.0,27.14,,,0.75
1,2025-01-11 14:58:05,2025-01-11 15:02:03,2.0,0.6,1.0,N,238,239,1,5.8,2.5,0.5,1.95,0.0,1.0,11.75,2.5,0.0,0.0
1,2025-01-04 19:51:27,2025-01-04 20:09:39,2.0,1.7,1.0,N,230,113,2,16.3,2.5,0.5,0.0,0.0,1.0,20.3,2.5,0.0,0.0
2,2025-01-01 11:56:55,2025-01-01 11:59:11,1.0,0.5,1.0,N,186,234,2,5.1,0.0,0.5,0.0,0.0,1.0,9.1,2.5,0.0,0.0
2,2025-01-09 19:34:36,2025-01-09 19:42:01,1.0,2.53,1.0,N,137,263,1,12.1,2.5,0.5,3.87,0.0,1.0,23.22,2.5,0.0,0.75
2,2025-01-26 13:38:49,2025-01-26 13:44:54,2.0,0.28,1.0,N,186,186,1,7.2,0.0,0.5,2.39,0.0,1.0,14.34,2.5,0.0,0.75
2,2025-01-13 19:29:14,2025-01-13 19:34:58,1.0,0.83,1.0,N,48,161,1,7.2,2.5,0.5,2.89,0.0,1.0,17.34,2.5,0.0,0.75
2,2025-01-15 22:26:23,2025-01-15 22:35:56,1.0,0.97,1.0,N,142,239,1,10.0,1.0,0.5,3.0,0.0,1.0,18.0,2.5,0.0,0.0
1,2025-01-17 15:20:07,2025-01-17 15:47:53,1.0,6.7,1.0,N,186,195,1,33.1,3.25,0.5,6.0,6.94,1.0,50.79,2.5,0.0,0.75
2,2025-01-29 13:00:58,2025-01-29 13:21:15,,6.15,,,13,161,0,25.41,0.0,0.5,0.0,0.0,1.0,30.16,,,0.75
2,2025-01-30 11:42:10,2025-01-30 11:49:11,1.0,0.66,1.0,N,142,143,2,8.6,0.0,0.5,0.0,0.0,1.0,12.6,2.5,0.0,0.0
2,2025-01-03 01:58:00,2025-01-03 02:03:00,,1.38,,,234,230,0,-1.86,0.0,0.5,0.0,0.0,1.0,2.14,,,0.0
2,2025-01-01 17:02:36,2025-01-01 17:08:54,3.0,1.18,1.0,N,230,142,1,8.6,0.0,0.5,3.78,0.0,1.0,16.38,2.5,0.0,0.0
2,2025-01-14 10:05:40,2025-01-14 10:28:50,3.0,1.44,1.0,N,186,161,1,19.1,0.0,0.5,4.77,0.0,1.0,28.62,2.5,0.0,0.75
2,2025-01-01 18:52:08,2025-01-01 19:38:05,1.0,7.74,1.0,N,129,56,2,-42.9,0.0,-0.5,0.0,0.0,-1.0,-44.4,0.0,0.0,0.0
1,2025-01-01 22:32:07,2025-01-01 22:45:04,1.0,2.7,1.0,N,186,140,1,15.6,3.5,0.5,2.0,0.0,1.0,22.6,2.5,0.0,0.0
1,2025-01-09 10:02:24,2025-01-09 10:12:40,1.0,1.3,1.0,N,90,230,1,10.0,3.25,0.5,2.95,0.0,1.0,17.7,2.5,0.0,0.75
2,2025-01-12 00:14:00,2025-01-12 00:25:00,,1.88,,,152,74,0,-1.5,0.0,0.5,0.0,0.0,1.0,1.0,,,0.0
1,2025-01-18 14:04:00,2025-01-18 14:32:11,1.0,5.0,1.0,N,161,261,1,25.4,3.25,0.5,9.05,0.0,1.0,39.2,2.5,0.0,0.75
2,2025-01-16 08:03:41,2025-01-16 08:11:19,,1.01,,,90,113,0,7.67,0.0,0.5,0.0,0.0,1.0,12.42,,,0.75
2,2025-01-07 13:48:11,2025-01-07 13:55:59,1.0,0.86,1.0,N,161,237,1,8.6,0.0,0.5,2.67,0.0,1.0,16.02,2.5,0.0,0.75
1,2025-01-24 18:53:34,2025-01-24 19:17:23,1.0,7.5,1.0,N,138,37,1,33.8,9.25,0.5,8.9,0.0,1.0,53.45,0.0,1.75,0.0
2,2025-01-16 10:36:42,2025-01-16 10:58:50,2.0,1.55,1.0,N,186,162,1,19.1,0.0,0.5,4.77,0.0,1.0,28.62,2.5,0.0,0.75
2,2025-01-25 03:45:25,2025-01-25 04:01:28,,5.0,,,211,262,0,25.28,0.0,0.5,0.0,0.0,1.0,30.03,,,0.75
1,2025-01-08 16:17:49,2025-01-08 16:24:56,1.0,0.6,1.0,N,114,144,1,7.2,5.75,0.5,2.9,0.0,1.0,17.35,2.5,0.0,0.75
2,2025-01-19 03:55:56,2025-01-19 04:04:14,1.0,1.45,1.0,N,249,79,1,10.0,1.0,0.5,3.15,0.0,1.0,18.9,2.5,0.0,0.75
2,2025-01-24 14:41:53,2025-01-24 14:49:57,1.0,0.74,1.0,N,141,237,1,8.6,0.0,0.5,1.0,0.0,1.0,14.35,2.5,0.0,0.75
2,2025-01-16 21:56:48,2025-01-16 22:16:53,1.0,3.93,1.0,N,142,145,1,21.9,1.0,0.5,5.53,0.0,1.0,33.18,2.5,0.0,0.75
1,2025-01-06 17:44:36,2025-01-06 17:56:50,2.0,2.2,1.0,N,263,74,2,13.5,5.0,0.5,0.0,0.0,1.0,20.0,2.5,0.0,0.0
2,2025-01-16 18:46:53,2025-01-16 19:08:57,1.0,7.49,1.0,N,138,255,1,34.5,7.5,0.5,5.0,0.0,1.0,50.25,0.0,1.75,0.0
2,2025-01-22 14:50:39,2025-01-22 15:16:03,2.0,2.57,1.0,N,140,151,1,22.6,0.0,0.5,5.32,0.0,1.0,31.92,2.5,0.0,0.0
1,2025-01-22 15:21:42,2025-01-22 15:41:49,1.0,1.8,1.0,N,43,164,1,17.0,3.25,0.5,2.0,0.0,1.0,23.75,2.5,0.0,0.75
2,2025-01-02 14:22:37,2025-01-02 14:33:44,1.0,2.1,1.0,N,140,238,1,13.5,0.0,0.5,3.5,0.0,1.0,21.0,2.5,0.0,0.0
2,2025-01-14 10:33:06,2025-01-14 10:45:07,1.0,0.64,1.0,N,237,163,1,11.4,0.0,0.5,0.2,0.0,1.0,16.35,2.5,0.0,0.75
2,2025-01-24 15:21:29,2025-01-24 15:54:57,1.0,4.39,1.0,N,236,113,1,30.3,0.0,0.5,3.5,0.0,1.0,38.55,2.5,0.0,0.75
2,2025-01-10 23:23:18,2025-01-10 23:34:32,3.0,1.63,1.0,N,4,114,1,12.1,1.0,0.5,3.57,0.0,1.0,21.42,2.5,0.0,0.75
1,2025-01-12 00:28:12,2025-01-12 00:43:54,,2.9,,,249,233,0,17.29,0.0,0.5,0.0,0.0,1.0,22.04,,,0.75
2,2025-01-23 00:13:11,2025-01-23 00:29:12,3.0,7.07,4.0,N,132,265,1,35.2,1.0,0.5,6.0,0.0,1.0,45.45,0.0,1.75,0.0
2,2025-01-28 16:09:13,2025-01-28 16:21:54,1.0,1.33,1.0,N,162,234,1,12.8,2.5,0.5,4.01,0.0,1.0,24.06,2.5,0.0,0.75
1,2025-01-09 09:37:08,2025-01-09 09:54:38,1.0,1.7,1.0,N,186,229,1,14.9,3.25,0.5,5.9,0.0,1.0,25.55,2.5,0.0,0.75
2,2025-01-20 23:44:11,2025-01-20 23:56:34,3.0,5.39,1.0,N,238,243,4,24.0,1.0,0.5,0.0,0.0,1.0,26.5,0.0,0.0,0.0
1,2025-01-21 14:24:41,2025-01-21 14:37:27,1.0,1.1,1.0,N,161,234,2,12.1,3.25,0.5,0.0,0.0,1.0,16.85,2.5,0.0,0.75
2,2025-01-19 17:54:43,2025-01-19 18:09:13,,2.4,,,211,230,0,16.91,0.0,0.5,0.0,0.0,1.0,21.66,,,0.75
2,2025-01-18 11:42:28,2025-01-18 11:49:15,1.0,0.92,1.0,N,186,164,1,7.9,0.0,0.5,2.53,0.0,1.0,15.18,2.5,0.0,0.75
2,2025-01-25 20:05:09,2025-01-25 20:22:05,,1.51,,,144,234,0,-4.75,0.0,0.5,0.0,0.0,1.0,2.0,,,0.75
2,2025-01-04 15:16:25,2025-01-04 15:39:52,1.0,2.7,1.0,N,161,239,1,21.9,0.0,0.5,5.18,0.0,1.0,31.08,2.5,0.0,0.0
2,2025-01-07 08:32:04,2025-01-07 08:41:07,1.0,1.58,1.0,N,142,230,1,10.7,0.0,0.5,3.09,0.0,1.0,18.54,2.5,0.0,0.75
2,2025-01-25 02:20:03,2025-01-25 02:25:58,2.0,0.6,1.0,N,144,231,1,7.2,1.0,0.5,10.0,0.0,1.0,22.95,2.5,0.0,0.75
1,2025-01-13 05:23:07,2025-01-13 06:00:35,1.0,22.3,1.0,N,132,106,3,84.2,1.0,0.0,0.0,0.0,1.0,86.2,0.0,0.0,0.0
2,2025-01-28 16:57:11,2025-01-28 17:10:11,1.0,1.05,1.0,N,141,162,1,12.1,2.5,0.5,3.87,0.0,1.0,23.22,2.5,0.0,0.75
2,2025-01-09 22:54:01,2025-01-09 22:59:38,2.0,1.2,1.0,N,161,237,1,7.9,1.0,0.5,3.41,0.0,1.0,17.06,2.5,0.0,0.75
2,2025-01-25 12:47:49,2025-01-25 13:02:21,3.0,1.23,1.0,N,186,161,2,13.5,0.0,0.5,0.0,0.0,1.0,18.25,2.5,0.0,0.75
2,2025-01-11 20:20:13,2025-01-11 20:42:07,1.0,2.48,1.0,N,231,79,1,19.8,1.0,0.5,5.11,0.0,1.0,30.66,2.5,0.0,0.75
1,2025-01-14 08:51:29,2025-01-14 09:00:14,1.0,1.1,1.0,N,142,237,1,9.3,2.5,0.5,2.65,0.0,1.0,15.95,2.5,0.0,0.0
1,2025-01-27 10:35:34,2025-01-27 11:25:12,1.0,18.9,2.0,N,236,132,1,70.0,2.5,0.5,22.2,0.0,1.0,96.2,2.5,0.0,0.0
2,2025-01-27 17:51:58,2025-01-27 18:03:59,1.0,1.94,1.0,N,140,142,1,13.5,2.5,0.5,5.0,0.0,1.0,25.0,2.5,0.0,0.0
2,2025-01-15 00:11:24,2025-01-15 00:18:30,1.0,1.79,1.0,N,249,224,1,10.0,1.0,0.5,3.15,0.0,1.0,18.9,2.5,0.0,0.75
2,2025-01-07 21:47:41,2025-01-07 22:06:58,1.0,2.31,1.0,N,141,186,1,19.1,1.0,0.5,4.97,0.0,1.0,29.82,2.5,0.0,0.75
2,2025-01-22 17:29:43,2025-01-22 17:43:03,,0.0,,,13,148,0,14.07,0.0,0.5,0.0,0.0,1.0,18.82,,,0.75
2,2025-01-14 17:28:51,2025-01-14 17:36:11,1.0,1.02,1.0,N,239,143,1,8.6,2.5,0.5,3.02,0.0,1.0,18.12,2.5,0.0,0.0
1,2025-01-24 07:27:27,2025-01-24 07:50:35,1.0,7.5,1.0,N,48,244,1,33.8,3.25,0.5,7.7,0.0,1.0,46.25,2.5,0.0,0.75
2,2025-01-28 11:04:27,2025-01-28 11:19:42,2.0,1.35,1.0,N,161,107,1,14.2,0.0,0.5,3.5,0.0,1.0,22.45,2.5,0.0,0.75
2,2025-01-17 21:42:29,2025-01-17 22:02:30,1.0,3.5,1.0,N,161,148,1,20.5,1.0,0.5,5.25,0.0,1.0,31.5,2.5,0.0,0.75
2,2025-01-30 20:29:18,2025-01-30 20:35:33,2.0,0.8,1.0,N,161,48,1,7.2,1.0,0.5,2.59,0.0,1.0,15.54,2.5,0.0,0.75
1,2025-01-08 13:06:05,2025-01-08 13:23:05,1.0,1.9,1.0,N,237,186,1,14.2,3.25,0.5,3.8,0.0,1.0,22.75,2.5,0.0,0.75
1,2025-01-14 11:07:42,2025-01-14 11:26:57,1.0,2.6,1.0,N,237,238,1,17.0,2.5,0.5,4.2,0.0,1.0,25.2,2.5,0.0,0.0
2,2025-01-07 22:47:03,2025-01-07 22:58:16,,2.03,,,164,50,0,15.56,0.0,0.5,0.0,0.0,1.0,20.31,,,0.75
2,2025-01-06 08:14:37,2025-01-06 08:45:46,1.0,11.91,1.0,N,138,162,1,49.2,5.0,0.5,13.18,6.94,1.0,80.82,2.5,1.75,0.75
2,2025-01-19 15:54:44,2025-01-19 16:05:49,1.0,1.5,1.0,N,163,236,1,12.1,0.0,0.5,2.53,0.0,1.0,19.38,2.5,0.0,0.75
1,2025-01-27 18:09:41,2025-01-27 18:26:49,1.0,2.0,1.0,N,142,141,1,14.9,5.0,0.5,5.35,0.0,1.0,26.75,2.5,0.0,0.0
2,2025-01-24 20:10:37,2025-01-24 20:19:08,,1.68,,,229,263,0,11.49,0.0,0.5,0.0,0.0,1.0,16.24,,,0.75
1,2025-01-23 00:34:45,2025-01-23 00:41:16,1.0,1.0,1.0,N,162,163,2,8.6,4.25,0.5,0.0,0.0,1.0,14.35,2.5,0.0,0.75
2,2025-01-31 22:02:17,2025-01-31 22:18:17,5.0,2.85,1.0,N,237,107,1,16.3,1.0,0.5,5.51,0.0,1.0,27.56,2.5,0.0,0.75
2,2025-01-30 14:23:57,2025-01-30 14:39:59,,5.22,,,168,213,0,24.05,0.0,0.5,0.0,0.0,1.0,25.55,,,0.0
2,2025-01-10 15:22:10,2025-01-10 15:59:04,,8.92,,,61,170,0,43.91,0.0,0.5,0.0,0.0,1.0,48.66,,,0.75
2,2025-01-19 00:31:54,2025-01-19 00:38:35,2.0,1.59,1.0,N,48,90,1,9.3,1.0,0.5,3.01,0.0,1.0,18.06,2.5,0.0,0.75
2,2025-01-31 23:04:50,2025-01-31 23:20:09,,1.56,,,90,148,0,10.94,0.0,0.5,0.0,0.0,1.0,15.69,,,0.75
1,2025-01-06 18:53:09,2025-01-06 19:03:25,1.0,1.6,1.0,N,186,161,1,11.4,5.75,0.5,3.7,0.0,1.0,22.35,2.5,0.0,0.75
1,2025-01-16 14:50:49,2025-01-16 14:55:12,1.0,0.2,1.0,N,143,143,1,5.1,2.5,0.5,3.0,0.0,1.0,12.1,2.5,0.0,0.0
2,2025-01-01 00:53:37,2025-01-01 01:00:00,1.0,0.89,1.0,N,114,79,1,7.9,1.0,0.5,1.0,0.0,1.0,13.9,2.5,0.0,0.0
2,2025-01-26 01:20:55,2025-01-26 01:28:06,,1.41,,,68,107,0,9.88,0.0,0.5,0.0,0.0,1.0,14.63,,,0.75
1,2025-01-03 13:09:28,2025-01-03 13:32:52,1.0,8.9,1.0,N,138,234,1,35.9,9.25,0.5,10.7,6.94,1.0,64.29,2.5,1.75,0.0
1,2025-01-22 11:33:40,2025-01-22 12:05:10,1.0,1.7,99.0,N,33,195,1,18.5,0.0,0.5,0.0,0.0,0.0,19.0,0.0,0.0,0.0
2,2025-01-28 09:05:05,2025-01-28 09:15:23,1.0,1.45,1.0,N,43,161,1,11.4,0.0,0.5,3.08,0.0,1.0,19.23,2.5,0.0,0.75
2,2025-01-19 19:48:06,2025-01-19 19:59:36,,1.82,,,127,244,0,-1.5,0.0,0.5,0.0,0.0,1.0,2.0,,,0.0
1,2025-01-18 13:17:06,2025-01-18 13:22:14,1.0,0.5,1.0,N,238,238,2,5.8,2.5,0.5,0.0,0.0,1.0,9.8,2.5,0.0,0.0
2,2025-01-24 22:26:28,2025-01-24 22:42:34,1.0,2.48,1.0,N,79,164,1,16.3,1.0,0.5,3.31,0.0,1.0,25.36,2.5,0.0,0.75
2,2025-01-21 06:56:00,2025-01-21 07:01:00,,1.38,,,239,236,0,10.02,0.0,0.5,0.0,0.0,1.0,14.02,,,0.0
2,2025-01-19 15:46:10,2025-01-19 15:58:14,1.0,1.81,1.0,N,170,142,1,12.8,0.0,0.5,3.51,0.0,1.0,21.06,2.5,0.0,0.75
1,2025-01-04 19:20:55,2025-01-04 19:31:54,1.0,1.0,1.0,N,114,79,1,10.0,2.5,0.5,2.8,0.0,1.0,16.8,2.5,0.0,0.0
2,2025-01-07 17:50:59,2025-01-07 18:01:27,1.0,1.49,1.0,N,236,238,1,11.4,2.5,0.5,3.58,0.0,1.0,21.48,2.5,0.0,0.0
1,2025-01-10 00:11:41,2025-01-10 00:27:04,1.0,4.0,1.0,N,230,166,1,18.4,4.25,0.5,4.85,0.0,1.0,29.0,2.5,0.0,0.75
2,2025-01-04 22:46:28,2025-01-04 22:53:50,1.0,0.78,1.0,N,230,162,1,7.9,1.0,0.5,2.58,0.0,1.0,15.48,2.5,0.0,0.0
2,2025-01-13 07:19:18,2025-01-13 07:28:14,1.0,2.17,1.0,N,186,144,1,11.4,0.0,0.5,3.23,0.0,1.0,19.38,2.5,0.0,0.75
2,2025-01-31 23:59:33,2025-02-01 00:05:47,,1.09,,,230,237,0,7.07,0.0,0.5,0.0,0.0,1.0,11.82,,,0.75
2,2025-01-12 19:27:06,2025-01-12 19:35:38,2.0,1.47,1.0,N,161,140,2,10.0,0.0,0.5,0.0,0.0,1.0,14.75,2.5,0.0,0.75
2,2025-01-26 11:05:21,2025-01-26 11:13:02,2.0,0.93,1.0,N,230,48,2,8.6,0.0,0.5,0.0,0.0,1.0,13.35,2.5,0.0,0.75
2,2025-01-12 11:44:27,2025-01-12 12:06:16,1.0,6.4,1.0,N,43,79,1,30.3,0.0,0.5,0.0,0.0,1.0,35.05,2.5,0.0,0.75
1,2025-01-01 18:43:06,2025-01-01 18:51:48,1.0,0.4,1.0,N,230,161,1,8.6,2.5,0.5,2.5,0.0,1.0,15.1,2.5,0.0,0.0
2,2025-01-11 12:32:52,2025-01-11 12:37:40,1.0,0.8,1.0,N,161,48,2,6.5,0.0,0.5,0.0,0.0,1.0,11.25,2.5,0.0,0.75
1,2025-01-17 17:37:00,2025-01-17 17:43:09,1.0,0.9,1.0,N,236,236,1,7.9,5.0,0.5,2.85,0.0,1.0,17.25,2.5,0.0,0.0
2,2025-01-25 19:05:52,2025-01-25 19:11:40,1.0,0.73,1.0,N,142,50,1,7.2,0.0,0.5,2.0,0.0,1.0,13.95,2.5,0.0,0.75
1,2025-01-16 18:56:55,2025-01-16 19:05:41,1.0,1.5,1.0,N,162,236,1,9.3,5.75,0.5,2.0,0.0,1.0,18.55,2.5,0.0,0.75
1,2025-01-22 22:11:12,2025-01-22 22:20:25,,1.1,,,161,142,0,11.36,0.0,0.5,0.0,0.0,1.0,16.11,,,0.75
1,2025-01-10 21:25:15,2025-01-10 21:52:33,1.0,12.0,1.0,N,234,243,1,49.2,4.25,0.5,10.95,0.0,1.0,65.9,2.5,0.0,0.75
2,2025-01-25 07:48:43,2025-01-25 07:56:31,1.0,1.69,1.0,N,90,246,1,10.0,0.0,0.5,3.69,0.0,1.0,18.44,2.5,0.0,0.75
1,2025-01-01 08:36:55,2025-01-01 08:55:20,1.0,6.1,1.0,N,161,88,1,25.4,2.5,0.5,0.0,0.0,1.0,29.4,2.5,0.0,0.0
2,2025-01-13 20:22:00,2025-01-13 20:27:00,,0.74,,,234,170,0,5.04,0.0,0.5,0.0,0.0,1.0,9.79,,,0.75
2,2025-01-16 16:40:37,2025-01-16 16:57:08,1.0,3.46,1.0,N,211,162,2,19.1,2.5,0.5,0.0,0.0,1.0,26.35,2.5,0.0,0.75
2,2025-01-27 04:32:28,2025-01-27 04:55:50,3.0,16.89,2.0,N,100,132,1,70.0,0.0,0.5,16.34,6.94,1.0,98.03,2.5,0.0,0.75
2,2025-01-13 19:17:10,2025-01-13 19:24:04,2.0,1.53,1.0,N,234,246,1,8.6,2.5,0.5,3.17,0.0,1.0,19.02,2.5,0.0,0.75
2,2025-01-02 13:17:26,2025-01-02 14:01:20,2.0,9.05,1.0,N,138,230,1,52.0,5.0,0.5,13.59,6.94,1.0,83.28,2.5,1.75,0.0
2,2025-01-10 18:26:50,2025-01-10 18:46:57,,0.0,,,186,137,0,13.91,0.0,0.5,0.0,0.0,1.0,18.66,,,0.75
2,2025-01-04 21:12:55,2025-01-04 21:42:27,1.0,9.24,1.0,N,132,37,2,40.8,1.0,0.5,0.0,0.0,1.0,45.05,0.0,1.75,0.0
2,2025-01-17 15:38:37,2025-01-17 15:44:32,,1.31,,,231,249,0,12.14,0.0,0.5,0.0,0.0,1.0,16.89,,,0.75
2,2025-01-12 11:25:29,2025-01-12 11:34:56,1.0,1.48,1.0,N,237,236,1,11.4,0.0,0.5,3.08,0.0,1.0,18.48,2.5,0.0,0.0
1,2025-01-26 16:52:35,2025-01-26 17:01:59,,1.9,,,262,162,0,12.3,0.0,0.5,0.0,0.0,1.0,17.05,,,0.75
1,2025-01-26 19:03:11,2025-01-26 19:12:27,1.0,1.4,1.0,N,237,143,1,8.6,2.5,0.5,2.5,0.0,1.0,15.1,2.5,0.0,0.0
2,2025-01-19 17:06:03,2025-01-19 17:25:45,1.0,3.34,1.0,N,236,234,1,20.5,0.0,0.5,4.54,0.0,1.0,29.79,2.5,0.0,0.75
2,2025-01-21 14:23:41,2025-01-21 14:43:18,1.0,1.09,1.0,N,237,161,1,17.0,0.0,0.5,4.35,0.0,1.0,26.1,2.5,0.0,0.75
2,2025-01-02 11:18:05,2025-01-02 11:47:34,1.0,6.09,1.0,N,230,12,1,33.1,0.0,0.5,7.42,0.0,1.0,44.52,2.5,0.0,0.0
2,2025-01-28 14:08:32,2025-01-28 14:10:25,1.0,0.28,1.0,N,90,68,1,4.4,0.0,0.5,1.83,0.0,1.0,10.98,2.5,0.0,0.75
2,2025-01-11 10:30:37,2025-01-11 10:41:13,1.0,1.96,1.0,N,231,107,1,12.1,0.0,0.5,3.37,0.0,1.0,20.22,2.5,0.0,0.75
1,2025-01-28 14:24:49,2025-01-28 14:47:53,1.0,2.3,1.0,N,234,237,1,19.1,3.25,0.5,4.75,0.0,1.0,28.6,2.5,0.0,0.75
2,2025-01-07 14:21:09,2025-01-07 14:26:19,1.0,0.54,1.0,N,43,236,1,6.5,0.0,0.5,1.3,0.0,1.0,11.8,2.5,0.0,0.0
1,2025-01-23 20:50:14,2025-01-23 21:00:33,1.0,2.2,1.0,N,162,140,1,11.4,4.25,0.5,3.45,0.0,1.0,20.6,2.5,0.0,0.75
2,2025-01-20 09:55:41,2025-01-20 10:03:35,1.0,1.36,1.0,N,229,230,1,9.3,0.0,0.5,2.25,0.0,1.0,16.3,2.5,0.0,0.75
2,2025-01-18 00:38:06,2025-01-18 00:51:03,,2.24,,,158,170,0,14.35,0.0,0.5,0.0,0.0,1.0,19.1,,,0.75
2,2025-01-29 14:14:19,2025-01-29 14:33:19,1.0,2.84,1.0,N,48,263,1,18.4,0.0,0.5,4.63,0.0,1.0,27.78,2.5,0.0,0.75
2,2025-01-21 22:32:10,2025-01-21 22:40:52,,1.44,,,48,68,0,10.95,0.0,0.5,0.0,0.0,1.0,15.7,,,0.75
2,2025-01-28 09:38:34,2025-01-28 09:49:37,1.0,1.28,1.0,N,161,234,1,11.4,0.0,0.5,2.0,0.0,1.0,18.15,2.5,0.0,0.75
2,2025-01-14 16:35:20,2025-01-14 16:39:20,1.0,0.86,1.0,N,238,239,2,6.5,2.5,0.5,0.0,0.0,1.0,13.0,2.5,0.0,0.0
2,2025-01-30 13:40:04,2025-01-30 14:06:41,,5.64,,,74,79,0,31.29,0.0,0.5,0.0,0.0,1.0,36.04,,,0.75
1,2025-01-28 19:42:37,2025-01-28 19:47:40,2.0,0.9,1.0,N,141,140,1,6.5,5.0,0.5,2.6,0.0,1.0,15.6,2.5,0.0,0.0
1,2025-01-31 18:37:23,2025-01-31 18:39:22,1.0,0.4,1.0,N,140,140,1,4.4,5.0,0.5,2.0,0.0,1.0,12.9,2.5,0.0,0.0
1,2025-01-19 14:03:19,2025-01-19 14:17:43,1.0,2.8,1.0,N,246,239,1,15.6,3.25,0.5,4.05,0.0,1.0,24.4,2.5,0.0,0.75
2,2025-01-18 10:00:16,2025-01-18 10:14:05,1.0,6.88,1.0,N,263,138,1,28.2,5.0,0.5,11.04,6.94,1.0,55.18,2.5,0.0,0.0
2,2025-01-21 09:55:48,2025-01-21 10:05:51,,3.85,,,4,13,0,21.05,0.0,0.5,0.0,0.0,1.0,25.8,,,0.75
2,2025-01-24 17:13:57,2025-01-24 17:23:27,1.0,1.18,1.0,N,186,137,1,10.0,2.5,0.5,3.45,0.0,1.0,20.7,2.5,0.0,0.75
1,2025-01-20 19:20:09,2025-01-20 19:38:27,1.0,1.8,1.0,N,107,107,2,13.5,3.25,0.5,0.0,0.0,1.0,18.25,2.5,0.0,0.75
1,2025-01-18 01:48:30,2025-01-18 01:57:28,1.0,2.2,1.0,N,249,230,1,11.4,4.25,0.5,2.0,0.0,1.0,19.15,2.5,0.0,0.75
1,2025-01-31 18:39:41,2025-01-31 19:01:07,1.0,3.0,1.0,N,162,249,2,17.7,5.75,0.5,0.0,0.0,1.0,24.95,2.5,0.0,0.75
2,2025-01-31 22:03:36,2025-01-31 22:08:15,2.0,0.73,1.0,N,170,233,1,6.5,1.0,0.5,3.06,0.0,1.0,15.31,2.5,0.0,0.75
2,2025-01-08 08:46:56,2025-01-08 08:54:14,1.0,0.77,1.0,N,230,162,1,8.6,0.0,0.5,2.0,0.0,1.0,15.35,2.5,0.0,0.75
2,2025-01-22 17:34:44,2025-01-22 18:02:01,,7.89,,,45,75,0,31.5,0.0,0.5,0.0,0.0,1.0,36.25,,,0.75
2,2025-01-05 00:06:01,2025-01-05 00:20:28,1.0,3.05,1.0,N,48,140,1,17.0,1.0,0.5,5.69,0.0,1.0,28.44,2.5,0.0,0.75
2,2025-01-12 10:18:14,2025-01-12 10:39:15,1.0,10.12,1.0,N,138,97,2,40.8,5.0,0.5,0.0,0.0,1.0,49.05,0.0,1.75,0.0
2,2025-01-23 18:20:23,2025-01-23 18:26:28,,0.0,,,158,90,0,12.42,0.0,0.5,0.0,0.0,1.0,17.17,,,0.75
2,2025-01-17 08:41:33,2025-01-17 08:41:53,,0.0,,,186,186,0,29.88,0.0,0.5,0.0,0.0,1.0,34.63,,,0.75
2,2025-01-29 10:00:56,2025-01-29 10:14:00,1.0,1.36,1.0,N,170,161,1,12.8,0.0,0.5,3.51,0.0,1.0,21.06,2.5,0.0,0.75
2,2025-01-22 00:00:19,2025-01-22 00:16:59,1.0,7.67,1.0,N,230,243,1,31.7,1.0,0.5,7.49,0.0,1.0,44.94,2.5,0.0,0.75
2,2025-01-28 15:21:11,2025-01-28 15:40:03,2.0,1.97,1.0,N,161,262,1,17.7,0.0,0.5,2.0,0.0,1.0,24.45,2.5,0.0,0.75
2,2025-01-30 07:50:02,2025-01-30 07:56:10,1.0,0.89,1.0,N,107,90,1,7.9,0.0,0.5,2.53,0.0,1.0,15.18,2.5,0.0,0.75
2,2025-01-04 00:11:59,2025-01-04 00:24:26,1.0,1.53,1.0,N,142,229,1,12.1,1.0,0.5,3.8,0.0,1.0,20.9,2.5,0.0,0.0
2,2025-01-10 18:07:35,2025-01-10 18:10:43,3.0,0.48,1.0,N,142,143,1,5.1,2.5,0.5,2.32,0.0,1.0,13.92,2.5,0.0,0.0
2,2025-01-19 15:32:10,2025-01-19 15:39:26,1.0,1.39,1.0,N,100,50,1,9.3,0.0,0.5,3.51,0.0,1.0,17.56,2.5,0.0,0.75
1,2025-01-30 17:21:50,2025-01-30 17:41:44,,3.4,,,7,112,0,24.28,0.0,0.5,0.0,0.0,1.0,25.78,,,0.0
1,2025-01-12 10:38:04,2025-01-12 10:53:59,1.0,1.3,1.0,N,162,68,1,13.5,3.25,0.5,3.65,0.0,1.0,21.9,2.5,0.0,0.75
2,2025-01-27 18:20:00,2025-01-27 18:35:00,,3.14,,,236,230,0,21.15,0.0,0.5,0.0,0.0,1.0,25.9,,,0.75
1,2025-01-10 19:27:06,2025-01-10 19:54:47,1.0,4.5,1.0,N,263,226,2,22.6,5.75,0.5,0.0,0.0,1.0,29.85,2.5,0.0,0.75
2,2025-01-10 08:05:33,2025-01-10 08:15:24,1.0,1.72,1.0,N,43,161,1,11.4,0.0,0.5,3.23,0.0,1.0,19.38,2.5,0.0,0.75
2,2025-01-22 06:29:29,2025-01-22 06:35:12,1.0,0.84,1.0,N,186,230,4,7.2,0.0,0.5,0.0,0.0,1.0,11.95,2.5,0.0,0.75
2,2025-01-24 23:24:22,2025-01-24 23:34:50,2.0,1.71,1.0,N,237,230,2,12.1,1.0,0.5,0.0,0.0,1.0,17.85,2.5,0.0,0.75
2,2025-01-14 12:19:03,2025-01-14 12:29:10,1.0,2.09,1.0,N,90,231,1,12.1,0.0,0.5,3.37,0.0,1.0,20.22,2.5,0.0,0.75
2,2025-01-19 09:56:00,2025-01-19 09:56:14,1.0,0.09,1.0,N,90,249,4,3.0,0.0,0.5,0.0,0.0,1.0,7.75,2.5,0.0,0.75
2,2025-01-11 23:13:00,2025-01-11 23:22:00,,1.34,,,144,4,0,11.22,0.0,0.5,0.0,0.0,1.0,15.97,,,0.75
1,2025-01-21 08:53:16,2025-01-21 09:02:41,,0.9,,,233,137,0,11.92,0.0,0.5,0.0,0.0,1.0,16.67,,,0.75
2,2025-01-31 15:25:32,2025-01-31 15:33:48,1.0,1.25,1.0,N,144,107,1,10.0,0.0,0.5,2.0,0.0,1.0,16.75,2.5,0.0,0.75
1,2025-01-14 21:11:33,2025-01-14 21:15:10,1.0,0.7,1.0,N,140,262,1,6.5,3.5,0.5,2.3,0.0,1.0,13.8,2.5,0.0,0.0
2,2025-01-15 14:57:14,2025-01-15 15:26:03,1.0,3.18,1.0,N,142,75,1,26.1,0.0,0.5,0.02,0.0,1.0,30.12,2.5,0.0,0.0
2,2025-01-26 10:11:21,2025-01-26 10:19:39,2.0,2.16,1.0,N,164,237,1,12.1,0.0,0.5,3.37,0.0,1.0,20.22,2.5,0.0,0.75
2,2025-01-21 18:40:06,2025-01-21 18:55:28,1.0,2.54,1.0,N,161,239,1,17.0,2.5,0.5,7.28,0.0,1.0,31.53,2.5,0.0,0.75
2,2025-01-13 10:06:44,2025-01-13 10:12:55,1.0,0.94,1.0,N,262,140,1,7.9,0.0,0.5,1.43,0.0,1.0,13.33,2.5,0.0,0.0
2,2025-01-22 20:02:41,2025-01-22 20:11:00,1.0,1.67,1.0,N,68,163,1,10.0,2.5,0.5,10.0,0.0,1.0,27.25,2.5,0.0,0.75
1,2025-01-03 11:13:22,2025-01-03 11:21:30,1.0,0.8,1.0,N,162,140,1,9.3,2.5,0.5,2.65,0.0,1.0,15.95,2.5,0.0,0.0
1,2025-01-08 20:31:07,2025-01-08 20:34:07,1.0,1.0,1.0,N,229,140,1,6.5,4.25,0.5,2.45,0.0,1.0,14.7,2.5,0.0,0.75
2,2025-01-18 02:25:05,2025-01-18 02:46:20,1.0,4.53,1.0,N,249,255,1,24.0,1.0,0.5,5.0,0.0,1.0,34.75,2.5,0.0,0.75
2,2025-01-07 15:04:38,2025-01-07 15:05:13,1.0,0.0,1.0,N,193,193,1,3.0,0.0,0.5,0.0,0.0,1.0,4.5,0.0,0.0,0.0
2,2025-01-07 18:52:07,2025-01-07 19:13:45,1.0,1.74,1.0,N,163,186,1,18.4,2.5,0.5,5.13,0.0,1.0,30.78,2.5,0.0,0.75
1,2025-01-25 16:29:23,2025-01-25 16:45:05,0.0,3.3,1.0,N,236,68,2,18.4,3.25,0.5,0.0,0.0,1.0,23.15,2.5,0.0,0.75
2,2025-01-10 17:40:17,2025-01-10 18:05:23,1.0,10.14,1.0,N,138,16,1,40.8,7.5,0.5,9.96,0.0,1.0,61.51,0.0,1.75,0.0
2,2025-01-08 21:23:34,2025-01-08 21:30:25,1.0,1.07,1.0,N,43,239,2,8.6,1.0,0.5,0.0,0.0,1.0,14.35,2.5,0.0,0.75
2,2025-01-11 00:23:27,2025-01-11 00:29:12,,0.95,,,45,87,0,8.85,0.0,0.5,0.0,0.0,1.0,13.6,,,0.75
2,2025-01-10 18:31:40,2025-01-10 18:41:03,1.0,1.32,1.0,N,229,237,2,10.0,2.5,0.5,0.0,0.0,1.0,17.25,2.5,0.0,0.75
1,2025-01-09 20:29:26,2025-01-09 20:36:38,1.0,1.3,1.0,N,230,50,1,7.9,4.25,0.5,3.4,0.0,1.0,17.05,2.5,0.0,0.75
2,2025-01-17 06:38:24,2025-01-17 06:58:46,1.0,5.98,5.0,N,132,258,4,-87.0,0.0,0.0,0.0,0.0,-1.0,-89.75,0.0,-1.75,0.0
1,2025-01-19 19:27:30,2025-01-19 19:41:32,0.0,2.7,1.0,N,229,264,1,15.6,3.25,0.5,4.05,0.0,1.0,24.4,2.5,0.0,0.75
2,2025-01-26 08:59:09,2025-01-26 09:05:23,1.0,1.3,1.0,N,74,75,1,8.6,0.0,0.5,2.02,0.0,1.0,12.12,0.0,0.0,0.0
2,2025-01-03 15:25:28,2025-01-03 15:54:25,1.0,8.59,1.0,N,132,91,4,39.4,0.0,0.5,0.0,0.0,1.0,40.9,0.0,0.0,0.0
2,2025-01-16 10:44:47,2025-01-16 11:08:37,1.0,3.26,1.0,N,163,249,1,21.9,0.0,0.5,5.33,0.0,1.0,31.98,2.5,0.0,0.75
2,2025-01-24 18:04:44,2025-01-24 18:08:33,1.0,0.58,1.0,N,107,113,1,5.8,2.5,0.5,1.0,0.0,1.0,14.05,2.5,0.0,0.75
2,2025-01-09 17:36:30,2025-01-09 17:43:27,1.0,1.2,1.0,N,237,236,1,9.3,2.5,0.5,3.16,0.0,1.0,18.96,2.5,0.0,0.0
2,2025-01-06 22:33:14,2025-01-06 22:36:20,1.0,0.71,1.0,N,162,170,1,5.8,1.0,0.5,1.73,0.0,1.0,13.28,2.5,0.0,0.75
2,2025-01-17 15:58:43,2025-01-17 16:58:02,1.0,11.93,1.0,N,132,49,1,60.4,0.0,0.5,12.38,0.0,1.0,76.03,0.0,1.75,0.0
1,2025-01-10 23:54:29,2025-01-10 23:59:55,1.0,0.8,1.0,N,79,144,1,6.5,4.25,0.5,2.45,0.0,1.0,14.7,2.5,0.0,0.75
1,2025-01-10 21:34:02,2025-01-10 21:43:53,1.0,1.7,1.0,N,231,249,1,10.7,4.25,0.5,3.3,0.0,1.0,19.75,2.5,0.0,0.75
2,2025-01-13 20:55:07,2025-01-13 21:11:50,1.0,4.41,1.0,N,161,237,1,22.6,1.0,0.5,5.67,0.0,1.0,34.02,2.5,0.0,0.75
2,2025-01-16 05:51:00,2025-01-16 05:54:00,,106629.95,,,186,90,0,12.55,0.0,0.5,0.0,0.0,1.0,17.3,,,0.75
2,2025-01-30 23:55:04,2025-01-31 00:03:06,2.0,1.07,1.0,N,162,48,1,9.3,1.0,0.5,3.01,0.0,1.0,18.06,2.5,0.0,0.75
1,2025-01-22 22:52:54,2025-01-22 23:04:01,1.0,1.4,1.0,N,162,142,1,11.4,4.25,0.5,3.43,0.0,1.0,20.58,2.5,0.0,0.75
2,2025-01-01 04:25:59,2025-01-01 04:44:59,,7.35,,,34,145,0,8.94,0.0,0.5,0.0,0.0,1.0,10.44,,,0.0
1,2025-01-18 17:00:25,2025-01-18 17:06:07,1.0,1.0,1.0,N,236,236,1,7.2,2.5,0.5,3.35,0.0,1.0,14.55,2.5,0.0,0.0
2,2025-01-22 11:31:18,2025-01-22 11:54:04,2.0,1.08,1.0,N,186,230,4,-18.4,0.0,-0.5,0.0,0.0,-1.0,-23.15,-2.5,0.0,0.0
2,2025-01-06 11:40:21,2025-01-06 11:43:46,5.0,0.53,1.0,N,237,237,1,5.8,0.0,0.5,1.0,0.0,1.0,10.8,2.5,0.0,0.0
2,2025-01-31 22:07:54,2025-01-31 22:17:47,1.0,2.45,1.0,N,163,75,1,12.8,1.0,0.5,3.71,0.0,1.0,22.26,2.5,0.0,0.75
2,2025-01-16 13:47:17,2025-01-16 14:06:41,,2.64,,,230,140,0,25.66,0.0,0.5,0.0,0.0,1.0,30.41,,,0.75
2,2025-01-31 18:32:39,2025-01-31 18:49:37,1.0,2.61,1.0,N,236,170,1,17.7,2.5,0.5,3.74,0.0,1.0,28.69,2.5,0.0,0.75
2,2025-01-15 00:10:16,2025-01-15 00:22:28,1.0,5.82,1.0,N,132,28,2,24.7,1.0,0.5,0.0,0.0,1.0,28.95,0.0,1.75,0.0
2,2025-01-26 16:52:00,2025-01-26 17:10:00,,3.24,,,144,230,0,-4.75,0.0,0.5,0.0,0.0,1.0,3.38,,,0.75
1,2025-01-20 14:25:35,2025-01-20 14:48:22,1.0,0.6,1.0,N,170,186,1,18.4,3.25,0.5,5.8,0.0,1.0,28.95,2.5,0.0,0.75
1,2025-01-17 13:28:52,2025-01-17 13:41:54,1.0,2.0,1.0,N,100,79,1,12.1,3.25,0.5,2.52,0.0,1.0,19.37,2.5,0.0,0.75
2,2025-01-15 18:32:53,2025-01-15 18:41:26,1.0,2.5,1.0,N,246,125,1,12.8,2.5,0.5,6.01,0.0,1.0,26.06,2.5,0.0,0.75
2,2025-01-12 21:32:28,2025-01-12 21:41:49,,1.38,,,246,161,0,11.24,0.0,0.5,0.0,0.0,1.0,15.99,,,0.75
2,2025-01-22 20:10:57,2025-01-22 20:26:11,1.0,2.42,1.0,N,137,211,1,15.6,2.5,0.5,4.57,0.0,1.0,27.42,2.5,0.0,0.75
2,2025-01-28 20:30:23,2025-01-28 20:43:10,1.0,3.01,1.0,N,237,145,1,16.3,1.0,0.5,2.0,0.0,1.0,24.05,2.5,0.0,0.75
2,2025-01-12 00:47:12,2025-01-12 00:53:05,1.0,1.78,1.0,N,262,74,1,9.3,1.0,0.5,3.58,0.0,1.0,17.88,2.5,0.0,0.0
2,2025-01-25 08:29:28,2025-01-25 09:43:06,1.0,19.67,1.0,N,132,132,1,80.0,0.0,0.5,20.38,0.0,1.0,103.63,0.0,1.75,0.0
2,2025-01-12 01:16:42,2025-01-12 01:37:23,,9.59,,,246,243,0,33.78,0.0,0.5,0.0,0.0,1.0,38.53,,,0.75
1,2025-01-22 15:32:10,2025-01-22 15:39:31,2.0,1.3,1.0,N,234,249,1,8.6,3.25,0.5,2.65,0.0,1.0,16.0,2.5,0.0,0.75
2,2025-01-07 14:53:48,2025-01-07 15:50:27,1.0,17.92,2.0,N,132,90,1,70.0,0.0,0.5,16.34,6.94,1.0,99.78,2.5,1.75,0.75
1,2025-01-11 00:08:43,2025-01-11 00:15:38,1.0,0.8,1.0,N,170,186,2,7.2,4.25,0.5,0.0,0.0,1.0,12.95,2.5,0.0,0.75
2,2025-01-17 15:02:35,2025-01-17 15:34:08,1.0,4.37,1.0,N,144,142,1,29.6,0.0,0.5,6.87,0.0,1.0,41.22,2.5,0.0,0.75
2,2025-01-02 17:25:55,2025-01-02 17:36:34,1.0,1.57,1.0,N,236,142,1,12.1,2.5,0.5,3.72,0.0,1.0,22.32,2.5,0.0,0.0
2,2025-01-29 17:28:23,2025-01-29 17:42:38,1.0,1.66,1.0,N,100,142,1,14.2,2.5,0.5,4.29,0.0,1.0,25.74,2.5,0.0,0.75
1,2025-01-11 00:10:56,2025-01-11 00:18:16,1.0,0.8,1.0,N,263,140,1,6.5,3.5,0.5,2.3,0.0,1.0,13.8,2.5,0.0,0.0
2,2025-01-31 23:05:50,2025-01-31 23:13:43,6.0,0.94,1.0,N,114,211,1,8.6,1.0,0.5,2.87,0.0,1.0,17.22,2.5,0.0,0.75
2,2025-01-26 20:56:04,2025-01-26 21:05:24,1.0,2.96,1.0,N,13,246,1,14.9,1.0,0.5,3.98,0.0,1.0,24.63,2.5,0.0,0.75
2,2025-01-14 13:10:08,2025-01-14 13:16:54,1.0,0.77,1.0,N,137,234,1,7.9,0.0,0.5,2.53,0.0,1.0,15.18,2.5,0.0,0.75
2,2025-01-11 10:07:34,2025-01-11 10:16:52,1.0,1.74,1.0,N,229,236,4,11.4,0.0,0.5,0.0,0.0,1.0,16.15,2.5,0.0,0.75
2,2025-01-11 12:22:35,2025-01-11 12:29:20,1.0,1.78,1.0,N,43,151,1,10.7,0.0,0.5,2.94,0.0,1.0,17.64,2.5,0.0,0.0
2,2025-01-23 01:03:37,2025-01-23 01:21:12,1.0,13.75,4.0,N,132,265,4,68.8,1.0,0.5,0.0,0.0,1.0,73.05,0.0,1.75,0.0
2,2025-01-23 14:37:10,2025-01-23 14:37:16,1.0,0.0,1.0,N,193,193,3,3.0,0.0,0.5,0.0,0.0,1.0,4.5,0.0,0.0,0.0
2,2025-01-14 22:28:04,2025-01-14 22:48:48,,5.33,,,211,236,0,29.94,0.0,0.5,0.0,0.0,1.0,34.69,,,0.75
2,2025-01-04 18:45:51,2025-01-04 18:49:30,3.0,0.31,1.0,N,263,263,1,5.1,0.0,0.5,1.82,0.0,1.0,10.92,2.5,0.0,0.0
2,2025-01-18 23:16:34,2025-01-18 23:27:45,,1.53,,,142,229,0,11.06,0.0,0.5,0.0,0.0,1.0,15.81,,,0.75
2,2025-01-06 06:45:18,2025-01-06 06:45:26,4.0,0.0,5.0,N,186,186,1,80.3,0.0,0.0,13.0,0.0,1.0,97.55,2.5,0.0,0.75
1,2025-01-02 19:15:52,2025-01-02 19:23:58,2.0,0.8,1.0,N,43,161,1,8.6,5.0,0.5,2.0,0.0,1.0,17.1,2.5,0.0,0.0
2,2025-01-20 20:13:39,2025-01-20 20:33:43,,3.73,,,95,192,0,14.3,0.0,0.5,0.0,0.0,1.0,15.8,,,0.0
2,2025-01-11 19:43:42,2025-01-11 19:50:33,2.0,0.82,1.0,N,230,161,2,7.2,0.0,0.5,0.0,0.0,1.0,11.95,2.5,0.0,0.75
2,2025-01-10 18:56:14,2025-01-10 19:04:11,4.0,1.22,1.0,N,237,236,1,9.3,2.5,0.5,2.37,0.0,1.0,18.17,2.5,0.0,0.0
2,2025-01-19 15:59:15,2025-01-19 16:11:29,1.0,1.43,1.0,N,186,43,1,12.1,0.0,0.5,3.37,0.0,1.0,20.22,2.5,0.0,0.75
1,2025-01-11 20:12:00,2025-01-11 20:26:11,,3.8,,,75,42,0,16.24,0.0,0.5,0.0,0.0,1.0,17.74,,,0.0
2,2025-01-11 20:16:51,2025-01-11 20:17:21,1.0,0.0,1.0,N,148,148,2,-3.0,-1.0,-0.5,0.0,0.0,-1.0,-8.75,-2.5,0.0,0.0
1,2025-01-14 16:16:59,2025-01-14 16:53:24,1.0,12.5,99.0,N,197,159,1,42.5,0.0,0.5,0.0,6.94,0.0,49.94,0.0,0.0,0.0
2,2025-01-10 20:32:03,2025-01-10 20:34:51,2.0,0.71,1.0,N,236,239,1,5.8,1.0,0.5,2.7,0.0,1.0,13.5,2.5,0.0,0.0
2,2025-01-16 17:57:52,2025-01-16 18:55:49,3.0,17.88,2.0,N,132,230,1,70.0,5.0,0.5,17.34,6.94,1.0,105.78,2.5,1.75,0.75
2,2025-01-16 22:06:34,2025-01-16 22:17:36,1.0,1.58,1.0,N,186,107,2,12.1,1.0,0.5,0.0,0.0,1.0,17.85,2.5,0.0,0.75
1,2025-01-27 16:08:58,2025-01-27 16:24:33,1.0,2.3,1.0,N,239,236,1,16.3,5.0,0.5,4.4,0.0,1.0,27.2,2.5,0.0,0.0
2,2025-01-10 05:47:04,2025-01-10 05:50:34,1.0,2.06,1.0,N,132,132,2,10.0,1.0,0.5,0.0,0.0,1.0,14.25,0.0,1.75,0.0
2,2025-01-07 21:28:36,2025-01-07 21:35:52,1.0,1.97,1.0,N,142,236,1,10.7,1.0,0.5,3.14,0.0,1.0,18.84,2.5,0.0,0.0
2,2025-01-11 16:53:06,2025-01-11 16:59:47,1.0,1.17,1.0,N,249,234,1,8.6,0.0,0.5,1.0,0.0,1.0,14.35,2.5,0.0,0.75
2,2025-01-15 16:32:23,2025-01-15 16:53:44,,3.32,,,161,231,0,-4.75,0.0,0.5,0.0,0.0,1.0,5.0,,,0.75
2,2025-01-02 20:08:13,2025-01-02 20:19:17,1.0,1.75,1.0,N,239,48,1,12.1,1.0,0.5,5.13,0.0,1.0,22.23,2.5,0.0,0.0
2,2025-01-01 14:39:09,2025-01-01 14:49:48,,1.13,,,231,261,0,1.61,0.0,0.5,0.0,0.0,1.0,5.61,,,0.0
2,2025-01-12 00:11:49,2025-01-12 00:23:20,1.0,1.4,1.0,N,230,90,1,11.4,1.0,0.5,1.0,0.0,1.0,18.15,2.5,0.0,0.75
2,2025-01-15 15:14:42,2025-01-15 16:17:33,1.0,17.81,2.0,N,132,163,1,70.0,0.0,0.5,10.0,6.94,1.0,93.44,2.5,1.75,0.75
1,2025-01-29 21:43:53,2025-01-29 22:03:28,1.0,3.6,1.0,N,186,151,1,21.9,4.25,0.5,5.5,0.0,1.0,33.15,2.5,0.0,0.75
1,2025-01-23 18:00:17,2025-01-23 18:22:50,,3.0,,,231,233,0,30.34,0.0,0.5,0.0,0.0,1.0,35.09,,,0.75
2,2025-01-30 22:45:48,2025-01-30 22:45:52,1.0,0.08,3.0,N,265,265,4,23.0,1.0,0.0,0.0,0.0,1.0,25.0,0.0,0.0,0.0
2,2025-01-13 23:26:28,2025-01-13 23:34:49,1.0,1.49,1.0,N,114,4,1,10.0,1.0,0.5,3.15,0.0,1.0,18.9,2.5,0.0,0.75
2,2025-01-27 11:31:41,2025-01-27 11:56:43,1.0,5.97,1.0,N,43,68,2,31.0,0.0,0.5,0.0,0.0,1.0,35.75,2.5,0.0,0.75
2,2025-01-25 23:11:22,2025-01-25 23:28:03,1.0,3.33,1.0,N,107,142,1,18.4,1.0,0.5,3.62,0.0,1.0,27.77,2.5,0.0,0.75
1,2025-01-04 19:14:27,2025-01-04 19:25:28,0.0,0.9,1.0,N,231,211,1,10.7,2.5,0.5,2.9,0.0,1.0,17.6,2.5,0.0,0.0
2,2025-01-01 05:46:44,2025-01-01 05:50:41,5.0,0.69,1.0,N,137,107,1,5.8,1.0,0.5,2.16,0.0,1.0,12.96,2.5,0.0,0.0
2,2025-01-10 21:22:57,2025-01-10 21:38:46,1.0,2.93,1.0,N,230,79,4,17.0,1.0,0.5,0.0,0.0,1.0,22.75,2.5,0.0,0.75
2,2025-01-21 20:32:15,2025-01-21 20:42:10,1.0,1.5,1.0,N,263,239,1,11.4,1.0,0.5,3.5,0.0,1.0,19.9,2.5,0.0,0.0
2,2025-01-18 01:03:17,2025-01-18 01:11:57,1.0,1.29,1.0,N,79,107,1,10.0,1.0,0.5,1.0,0.0,1.0,16.75,2.5,0.0,0.75
2,2025-01-03 17:23:06,2025-01-03 17:46:02,1.0,2.85,1.0,N,161,211,1,21.2,2.5,0.5,6.92,0.0,1.0,34.62,2.5,0.0,0.0
2,2025-01-22 08:41:13,2025-01-22 08:59:25,,3.37,,,41,230,0,24.91,0.0,0.5,0.0,0.0,1.0,29.66,,,0.75
1,2025-01-27 17:42:30,2025-01-27 17:59:25,1.0,1.9,1.0,N,161,68,1,14.2,5.75,0.5,4.3,0.0,1.0,25.75,2.5,0.0,0.75
2,2025-01-21 22:28:20,2025-01-21 22:34:19,1.0,0.99,1.0,N,100,90,1,7.9,1.0,0.5,2.73,0.0,1.0,16.38,2.5,0.0,0.75
1,2025-01-06 18:16:29,2025-01-06 19:08:45,1.0,19.4,1.0,N,132,133,2,81.4,4.25,0.5,0.0,0.0,1.0,87.15,0.0,1.75,0.0
2,2025-01-12 00:23:31,2025-01-12 00:34:10,1.0,4.1,1.0,N,138,179,1,19.1,6.0,0.5,7.09,0.0,1.0,35.44,0.0,1.75,0.0
2,2025-01-13 15:21:41,2025-01-13 15:30:50,1.0,0.98,1.0,N,140,236,1,9.3,0.0,0.5,3.99,0.0,1.0,17.29,2.5,0.0,0.0
2,2025-01-20 12:31:37,2025-01-20 12:37:17,1.0,0.97,1.0,N,79,114,1,7.9,0.0,0.5,2.53,0.0,1.0,15.18,2.5,0.0,0.75
2,2025-01-21 19:55:13,2025-01-21 20:03:01,1.0,2.23,1.0,N,161,236,1,12.1,2.5,0.5,1.0,0.0,1.0,20.35,2.5,0.0,0.75
1,2025-01-17 19:10:18,2025-01-17 19:20:30,2.0,1.8,1.0,N,162,236,1,12.1,5.75,0.5,2.9,0.0,1.0,22.25,2.5,0.0,0.75
2,2025-01-14 17:56:59,2025-01-14 18:04:56,1.0,0.73,1.0,N,163,100,2,8.6,2.5,0.5,0.0,0.0,1.0,15.85,2.5,0.0,0.75
1,2025-01-23 08:50:05,2025-01-23 08:50:09,,0.0,,,226,226,0,4.87,0.0,0.5,0.0,0.0,1.0,6.37,,,0.0
2,2025-01-31 19:19:44,2025-01-31 19:26:20,,0.0,,,246,68,0,-4.75,0.0,0.5,0.0,0.0,1.0,3.0,,,0.75
2,2025-01-01 03:27:01,2025-01-01 03:32:18,1.0,1.01,1.0,N,75,41,2,7.2,1.0,0.5,0.0,0.0,1.0,9.7,0.0,0.0,0.0
1,2025-01-09 08:02:16,2025-01-09 08:29:09,,4.2,,,89,181,0,28.92,0.0,0.5,0.0,0.0,1.0,30.42,,,0.0
1,2025-01-17 18:01:57,2025-01-17 18:24:11,1.0,2.7,1.0,N,161,262,1,18.4,5.75,0.5,5.15,0.0,1.0,30.8,2.5,0.0,0.75
1,2025-01-18 00:14:37,2025-01-18 00:20:39,1.0,0.9,1.0,N,48,143,1,7.2,4.25,0.5,2.6,0.0,1.0,15.55,2.5,0.0,0.75
2,2025-01-15 18:09:11,2025-01-15 18:25:06,1.0,2.09,1.0,N,238,141,1,15.6,2.5,0.5,3.0,0.0,1.0,25.1,2.5,0.0,0.0
1,2025-01-18 18:46:33,2025-01-18 18:56:08,1.0,1.9,1.0,N,236,239,1,10.7,2.5,0.5,2.95,0.0,1.0,17.65,2.5,0.0,0.0
2,2025-01-29 21:34:54,2025-01-29 21:55:28,2.0,4.6,1.0,N,79,54,1,23.3,1.0,0.5,5.81,0.0,1.0,34.86,2.5,0.0,0.75
2,2025-01-10 18:21:07,2025-01-10 18:31:31,,1.78,,,262,237,0,17.06,0.0,0.5,3.27,0.0,1.0,25.08,,,0.75
2,2025-01-17 19:28:10,2025-01-17 19:50:26,2.0,3.16,1.0,N,211,233,1,21.2,2.5,0.5,0.0,0.0,1.0,28.45,2.5,0.0,0.75
1,2025-01-22 09:07:22,2025-01-22 09:25:02,2.0,2.0,1.0,N,142,186,1,17.0,3.25,0.5,4.35,0.0,1.0,26.1,2.5,0.0,0.75
2,2025-01-31 17:42:13,2025-01-31 17:54:28,1.0,1.32,1.0,N,162,236,1,12.1,2.5,0.5,3.87,0.0,1.0,23.22,2.5,0.0,0.75
2,2025-01-20 14:43:41,2025-01-20 15:06:08,,1.87,,,249,246,0,16.05,0.0,0.5,2.5,0.0,1.0,23.3,,,0.75
1,2025-01-10 21:49:53,2025-01-10 21:55:39,1.0,0.8,1.0,N,239,238,1,6.5,3.5,0.5,1.0,0.0,1.0,12.5,2.5,0.0,0.0
2,2025-01-26 20:55:35,2025-01-26 21:16:01,1.0,3.7,1.0,N,186,262,4,21.9,1.0,0.5,0.0,0.0,1.0,27.65,2.5,0.0,0.75
2,2025-01-04 17:20:19,2025-01-04 17:29:03,3.0,0.66,1.0,N,48,48,1,9.3,0.0,0.5,2.66,0.0,1.0,15.96,2.5,0.0,0.0
2,2025-01-28 19:19:05,2025-01-28 19:33:57,2.0,2.49,1.0,N,237,186,1,16.3,2.5,0.5,7.07,0.0,1.0,30.62,2.5,0.0,0.75
2,2025-01-03 17:19:57,2025-01-03 17:41:04,1.0,1.96,1.0,N,186,79,2,18.4,2.5,0.5,0.0,0.0,1.0,24.9,2.5,0.0,0.0
2,2025-01-23 15:08:37,2025-01-23 15:41:13,,5.37,,,137,238,0,39.41,0.0,0.5,6.62,0.0,1.0,50.78,,,0.75
2,2025-01-18 13:06:23,2025-01-18 13:29:13,1.0,5.33,1.0,N,107,238,2,26.8,0.0,0.5,0.0,0.0,1.0,31.55,2.5,0.0,0.75
2,2025-01-28 11:02:11,2025-01-28 11:16:13,2.0,2.36,1.0,N,170,158,1,14.9,0.0,0.5,3.93,0.0,1.0,23.58,2.5,0.0,0.75
2,2025-01-23 06:39:34,2025-01-23 06:44:44,1.0,0.88,1.0,N,141,140,1,7.2,0.0,0.5,0.0,0.0,1.0,11.2,2.5,0.0,0.0
1,2025-01-16 20:34:34,2025-01-16 20:43:48,1.0,1.1,1.0,N,230,170,1,8.6,4.25,0.5,3.6,0.0,1.0,17.95,2.5,0.0,0.75
2,2025-01-07 08:34:05,2025-01-07 08:55:22,1.0,2.87,1.0,N,151,237,1,20.5,0.0,0.5,2.0,0.0,1.0,26.5,2.5,0.0,0.0
2,2025-01-31 13:10:05,2025-01-31 14:08:13,1.0,15.92,1.0,N,132,80,2,66.7,0.0,0.5,0.0,0.0,1.0,72.45,2.5,1.75,0.0
1,2025-01-28 10:40:59,2025-01-28 10:54:01,1.0,1.1,1.0,N,237,161,1,12.8,3.25,0.5,3.51,0.0,1.0,21.06,2.5,0.0,0.75
2,2025-01-11 09:25:26,2025-01-11 09:40:46,1.0,7.46,1.0,N,138,170,2,31.0,5.0,0.5,0.0,6.94,1.0,49.44,2.5,1.75,0.75
1,2025-01-22 17:50:14,2025-01-22 18:05:57,1.0,1.9,1.0,N,162,113,1,14.9,5.75,0.5,4.4,0.0,1.0,26.55,2.5,0.0,0.75
2,2025-01-24 10:34:07,2025-01-24 10:51:06,1.0,2.3,1.0,N,170,211,1,17.0,0.0,0.5,4.35,0.0,1.0,26.1,2.5,0.0,0.75
2,2025-01-02 14:28:08,2025-01-02 14:35:15,4.0,1.34,1.0,N,125,13,2,10.0,0.0,0.5,0.0,0.0,1.0,14.0,2.5,0.0,0.0
2,2025-01-17 20:16:35,2025-01-17 20:25:11,1.0,2.26,1.0,N,233,262,1,12.1,1.0,0.5,0.0,0.0,1.0,17.85,2.5,0.0,0.75
2,2025-01-21 07:27:00,2025-01-21 07:39:00,,3.01,,,137,263,0,15.52,0.0,0.5,0.0,0.0,1.0,20.27,,,0.75
1,2025-01-16 20:27:26,2025-01-16 20:34:18,1.0,0.8,1.0,N,100,170,1,7.2,4.25,0.5,1.3,0.0,1.0,14.25,2.5,0.0,0.75
2,2025-01-24 13:09:18,2025-01-24 13:30:53,1.0,7.24,1.0,N,236,138,1,33.1,5.0,0.5,4.9,6.94,1.0,53.94,2.5,0.0,0.0
2,2025-01-15 12:17:10,2025-01-15 12:57:44,1.0,10.92,1.0,N,163,138,1,53.4,5.0,0.5,17.52,6.94,1.0,87.61,2.5,0.0,0.75
2,2025-01-23 10:20:10,2025-01-23 10:27:21,1.0,1.13,1.0,N,263,237,1,9.3,0.0,0.5,2.66,0.0,1.0,15.96,2.5,0.0,0.0
1,2025-01-10 15:04:25,2025-01-10 15:14:21,1.0,0.7,1.0,N,141,141,2,7.9,3.25,0.5,0.0,0.0,1.0,12.65,2.5,0.0,0.75
1,2025-01-18 17:36:27,2025-01-18 17:50:31,1.0,2.6,1.0,N,162,75,2,16.3,3.25,0.5,0.0,0.0,1.0,21.05,2.5,0.0,0.75
2,2025-01-27 11:20:55,2025-01-27 11:31:56,1.0,1.27,1.0,N,164,162,1,11.4,0.0,0.5,4.84,0.0,1.0,20.99,2.5,0.0,0.75
2,2025-01-31 16:07:37,2025-01-31 16:14:05,1.0,0.65,1.0,N,144,231,1,7.2,2.5,0.5,2.89,0.0,1.0,17.34,2.5,0.0,0.75
2,2025-01-09 19:32:49,2025-01-09 19:41:12,1.0,1.76,1.0,N,68,249,1,10.0,2.5,0.5,4.31,0.0,1.0,21.56,2.5,0.0,0.75
2,2025-01-17 13:44:23,2025-01-17 13:52:20,1.0,1.06,1.0,N,161,141,1,9.3,0.0,0.5,2.0,0.0,1.0,16.05,2.5,0.0,0.75
2,2025-01-19 23:54:47,2025-01-20 00:00:49,1.0,1.54,1.0,N,48,186,1,9.3,1.0,0.5,3.01,0.0,1.0,18.06,2.5,0.0,0.75
2,2025-01-13 15:18:03,2025-01-13 15:36:03,2.0,2.61,1.0,N,113,161,1,17.7,0.0,0.5,4.49,0.0,1.0,26.94,2.5,0.0,0.75
1,2025-01-13 11:47:25,2025-01-13 11:53:46,2.0,1.0,1.0,N,90,164,1,7.2,3.25,0.5,2.95,0.0,1.0,14.9,2.5,0.0,0.75
2,2025-01-09 11:38:08,2025-01-09 11:51:09,1.0,1.1,1.0,N,43,237,1,12.8,0.0,0.5,3.36,0.0,1.0,20.16,2.5,0.0,0.0
1,2025-01-19 10:02:57,2025-01-19 10:09:42,2.0,1.6,1.0,N,43,141,1,10.0,3.25,0.5,2.0,0.0,1.0,16.75,2.5,0.0,0.75
2,2025-01-18 21:33:46,2025-01-18 21:48:41,1.0,5.67,1.0,N,238,244,1,24.7,1.0,0.5,5.0,0.0,1.0,34.7,2.5,0.0,0.0
1,2025-01-23 17:05:00,2025-01-23 17:19:47,1.0,1.8,1.0,N,113,161,1,12.1,5.75,0.5,3.85,0.0,1.0,23.2,2.5,0.0,0.75
2,2025-01-21 18:51:01,2025-01-21 19:31:23,1.0,13.68,1.0,N,162,62,1,56.9,2.5,0.5,14.22,6.94,1.0,85.31,2.5,0.0,0.75
2,2025-01-26 19:19:19,2025-01-26 19:28:36,1.0,1.66,1.0,N,50,142,1,11.4,0.0,0.5,4.84,0.0,1.0,20.99,2.5,0.0,0.75
2,2025-01-05 22:52:08,2025-01-05 23:02:34,4.0,1.8,1.0,N,234,68,1,12.1,1.0,0.5,0.0,0.0,1.0,17.85,2.5,0.0,0.75
2,2025-01-25 00:45:43,2025-01-25 00:51:51,,1.06,,,234,68,0,-4.75,0.0,0.5,0.0,0.0,1.0,1.0,,,0.75
2,2025-01-18 10:09:31,2025-01-18 10:26:48,2.0,3.45,1.0,N,230,231,4,-19.1,0.0,-0.5,0.0,0.0,-1.0,-23.85,-2.5,0.0,0.0
2,2025-01-05 12:52:12,2025-01-05 13:15:22,1.0,3.82,1.0,N,186,236,1,24.0,0.0,0.5,4.31,0.0,1.0,33.06,2.5,0.0,0.75
2,2025-01-15 12:08:04,2025-01-15 12:22:41,2.0,2.47,1.0,N,162,249,1,15.6,0.0,0.5,5.0,0.0,1.0,25.35,2.5,0.0,0.75
2,2025-01-19 14:24:06,2025-01-19 14:29:17,2.0,0.83,1.0,N,239,238,1,7.2,0.0,0.5,1.68,0.0,1.0,12.88,2.5,0.0,0.0
2,2025-01-09 08:38:42,2025-01-09 08:45:08,1.0,0.87,1.0,N,262,236,1,7.2,0.0,0.5,1.12,0.0,1.0,12.32,2.5,0.0,0.0
2,2025-01-26 00:51:35,2025-01-26 00:57:32,1.0,0.7,1.0,N,79,144,1,7.2,1.0,0.5,1.0,0.0,1.0,13.95,2.5,0.0,0.75
1,2025-01-21 08:25:44,2025-01-21 08:33:32,3.0,1.0,1.0,N,164,162,1,9.3,3.25,0.5,2.8,0.0,1.0,16.85,2.5,0.0,0.75
1,2025-01-23 12:33:36,2025-01-23 12:49:10,,2.2,,,41,142,0,13.16,0.0,0.5,0.0,0.0,1.0,17.16,,,0.0
1,2025-01-21 23:22:27,2025-01-21 23:46:16,1.0,11.0,1.0,N,186,60,1,42.2,4.25,0.5,12.0,0.0,1.0,59.95,2.5,0.0,0.75
2,2025-01-06 12:34:31,2025-01-06 12:46:34,1.0,1.14,1.0,N,264,264,1,12.1,0.0,0.5,0.0,0.0,1.0,16.1,2.5,0.0,0.0
2,2025-01-21 09:37:27,2025-01-21 10:21:37,1.0,4.57,1.0,N,231,237,1,36.6,0.0,0.5,8.27,0.0,1.0,49.62,2.5,0.0,0.75
2,2025-01-17 11:59:36,2025-01-17 12:06:53,1.0,0.73,1.0,N,162,141,1,7.9,0.0,0.5,1.65,0.0,1.0,14.3,2.5,0.0,0.75
1,2025-01-03 08:56:31,2025-01-03 09:19:56,2.0,5.6,1.0,N,164,87,1,28.9,2.5,0.5,0.0,0.0,1.0,32.9,2.5,0.0,0.0
1,2025-01-16 19:36:47,2025-01-16 20:09:02,1.0,3.8,1.0,N,142,79,1,26.1,5.75,0.5,6.65,0.0,1.0,40.0,2.5,0.0,0.75
2,2025-01-29 17:04:45,2025-01-29 17:23:10,3.0,0.0,1.0,N,161,234,1,15.6,2.5,0.5,4.57,0.0,1.0,27.42,2.5,0.0,0.75
2,2025-01-11 20:22:24,2025-01-11 20:56:27,1.0,7.35,1.0,N,186,129,1,37.3,1.0,0.5,10.76,0.0,1.0,53.81,2.5,0.0,0.75
2,2025-01-08 12:27:02,2025-01-08 12:44:41,1.0,1.71,1.0,N,234,163,1,16.3,0.0,0.5,1.0,0.0,1.0,22.05,2.5,0.0,0.75
2,2025-01-08 18:49:40,2025-01-08 18:52:15,1.0,0.34,1.0,N,170,170,1,5.1,2.5,0.5,2.47,0.0,1.0,14.82,2.5,0.0,0.75
2,2025-01-19 03:53:02,2025-01-19 04:01:12,,2.82,,,79,229,0,10.36,0.0,0.5,0.0,0.0,1.0,15.11,,,0.75
2,2025-01-19 21:50:56,2025-01-19 22:04:50,1.0,2.76,1.0,N,237,50,1,15.6,1.0,0.5,4.27,0.0,1.0,25.62,2.5,0.0,0.75
2,2025-01-19 23:34:55,2025-01-19 23:41:46,,1.34,,,237,263,0,11.1,0.0,0.5,0.0,0.0,1.0,15.1,,,0.0
1,2025-01-15 10:37:34,2025-01-15 10:37:45,1.0,2.3,1.0,N,145,145,3,3.0,0.0,0.5,0.0,0.0,1.0,4.5,0.0,0.0,0.0
2,2025-01-29 20:43:45,2025-01-29 20:59:14,1.0,1.89,1.0,N,249,161,1,15.6,1.0,0.5,4.27,0.0,1.0,25.62,2.5,0.0,0.75
2,2025-01-09 19:09:29,2025-01-09 19:20:10,1.0,2.22,1.0,N,68,143,1,12.8,2.5,0.5,3.01,0.0,1.0,23.06,2.5,0.0,0.75
2,2025-01-14 22:08:11,2025-01-14 22:44:49,3.0,20.23,1.0,N,132,49,1,75.8,1.0,0.5,16.01,0.0,1.0,96.06,0.0,1.75,0.0
2,2025-01-23 21:55:26,2025-01-23 22:14:36,,3.27,,,237,125,0,-4.75,0.0,0.5,0.0,0.0,1.0,5.64,,,0.75
2,2025-01-13 14:40:28,2025-01-13 15:04:16,1.0,3.37,1.0,N,148,246,1,24.0,0.0,0.5,5.75,0.0,1.0,34.5,2.5,0.0,0.75
2,2025-01-27 07:17:46,2025-01-27 07:40:03,1.0,4.49,1.0,N,231,143,1,24.7,0.0,0.5,2.94,0.0,1.0,32.39,2.5,0.0,0.75
2,2025-01-26 09:41:24,2025-01-26 09:58:07,1.0,3.91,1.0,N,236,234,1,20.5,0.0,0.5,5.05,0.0,1.0,30.3,2.5,0.0,0.75
2,2025-01-18 17:07:38,2025-01-18 17:21:20,1.0,2.22,1.0,N,161,107,1,14.9,0.0,0.5,3.93,0.0,1.0,23.58,2.5,0.0,0.75
1,2025-01-17 18:28:59,2025-01-17 18:39:05,2.0,1.3,1.0,N,140,263,1,10.0,5.75,0.5,2.0,0.0,1.0,19.25,2.5,0.0,0.75
2,2025-01-24 12:17:21,2025-01-24 12:43:22,3.0,2.81,1.0,N,238,141,1,23.3,0.0,0.5,5.46,0.0,1.0,32.76,2.5,0.0,0.0
2,2025-01-09 12:59:42,2025-01-09 13:04:21,1.0,0.52,1.0,N,238,239,1,6.5,0.0,0.5,2.62,0.0,1.0,13.12,2.5,0.0,0.0
1,2025-01-11 12:04:23,2025-01-11 12:15:44,1.0,2.0,1.0,N,238,237,1,11.4,2.5,0.5,3.1,0.0,1.0,18.5,2.5,0.0,0.0
2,2025-01-27 16:36:15,2025-01-27 17:32:24,3.0,17.72,2.0,N,132,163,1,70.0,5.0,0.5,17.34,6.94,1.0,105.78,2.5,1.75,0.75
2,2025-01-07 05:26:51,2025-01-07 05:30:24,1.0,0.87,1.0,N,100,161,1,6.5,1.0,0.5,0.75,0.0,1.0,13.0,2.5,0.0,0.75
2,2025-01-03 09:22:47,2025-01-03 09:42:39,1.0,5.75,1.0,N,162,45,1,28.2,0.0,0.5,8.05,0.0,1.0,40.25,2.5,0.0,0.0
2,2025-01-10 00:18:41,2025-01-10 00:23:40,1.0,1.31,1.0,N,229,137,1,7.9,1.0,0.5,2.73,0.0,1.0,16.38,2.5,0.0,0.75
1,2025-01-07 08:39:17,2025-01-07 08:48:37,1.0,1.7,1.0,N,158,234,1,10.7,3.25,0.5,3.05,0.0,1.0,18.5,2.5,0.0,0.75
1,2025-01-21 08:53:33,2025-01-21 09:06:38,1.0,2.1,1.0,N,148,261,1,12.8,3.25,0.5,5.0,21.5,1.0,44.05,2.5,0.0,0.75
2,2025-01-14 15:01:28,2025-01-14 15:05:46,1.0,0.63,1.0,N,237,236,1,5.8,0.0,0.5,1.96,0.0,1.0,11.76,2.5,0.0,0.0
1,2025-01-26 13:01:00,2025-01-26 13:17:34,1.0,2.8,1.0,N,100,141,1,17.7,3.25,0.5,1.0,0.0,1.0,23.45,2.5,0.0,0.75
2,2025-01-19 16:44:16,2025-01-19 16:51:08,1.0,1.48,1.0,N,263,43,1,9.3,0.0,0.5,1.0,0.0,1.0,14.3,2.5,0.0,0.0
2,2025-01-06 09:55:25,2025-01-06 09:59:13,1.0,1.03,1.0,N,249,186,1,6.5,0.0,0.5,2.0,0.0,1.0,13.25,2.5,0.0,0.75
2,2025-01-28 19:24:20,2025-01-28 19:50:13,,0.0,,,79,243,0,37.58,0.0,0.5,0.0,0.0,1.0,42.33,,,0.75
2,2025-01-05 06:07:55,2025-01-05 06:32:30,1.0,17.5,2.0,N,132,140,1,70.0,0.0,0.5,16.69,6.94,1.0,100.13,2.5,1.75,0.75
2,2025-01-09 07:54:00,2025-01-09 08:38:00,,12.31,,,183,233,0,-11.69,0.0,0.5,0.0,6.94,1.0,7.19,,,0.75
2,2025-01-15 07:16:24,2025-01-15 07:34:06,,4.57,,,50,148,0,26.42,0.0,0.5,0.0,0.0,1.0,31.17,,,0.75
2,2025-01-01 12:47:16,2025-01-01 12:51:08,1.0,0.82,1.0,N,90,68,1,5.8,0.0,0.5,1.0,0.0,1.0,10.8,2.5,0.0,0.0
2,2025-01-18 17:29:26,2025-01-18 17:44:43,1.0,1.42,1.0,N,161,68,1,14.2,0.0,0.5,4.74,0.0,1.0,23.69,2.5,0.0,0.75
2,2025-01-01 11:02:47,2025-01-01 11:09:44,1.0,0.97,1.0,N,163,140,4,-8.6,0.0,-0.5,0.0,0.0,-1.0,-12.6,-2.5,0.0,0.0
2,2025-01-08 19:32:02,2025-01-08 19:48:20,1.0,3.23,1.0,N,163,24,1,18.4,2.5,0.5,4.0,0.0,1.0,29.65,2.5,0.0,0.75
1,2025-01-31 09:15:01,2025-01-31 09:20:29,1.0,0.4,1.0,N,170,170,2,5.8,3.25,0.5,0.0,0.0,1.0,10.55,2.5,0.0,0.75
2,2025-01-22 20:29:52,2025-01-22 20:38:32,1.0,1.42,1.0,N,239,236,2,10.0,1.0,0.5,0.0,0.0,1.0,15.0,2.5,0.0,0.0
1,2025-01-31 15:31:47,2025-01-31 15:51:26,3.0,2.5,1.0,N,170,239,1,19.1,3.25,0.5,4.75,0.0,1.0,28.6,2.5,0.0,0.75
2,2025-01-01 18:52:22,2025-01-01 18:56:19,1.0,0.59,1.0,N,263,140,1,5.8,0.0,0.5,1.96,0.0,1.0,11.76,2.5,0.0,0.0
2,2025-01-14 08:44:17,2025-01-14 09:03:42,1.0,2.65,1.0,N,125,68,1,19.8,0.0,0.5,4.91,0.0,1.0,29.46,2.5,0.0,0.75
1,2025-01-19 16:39:00,2025-01-19 16:55:42,1.0,4.6,1.0,N,137,256,1,21.9,3.25,0.5,5.35,0.0,1.0,32.0,2.5,0.0,0.75
2,2025-01-09 21:29:58,2025-01-09 21:43:15,1.0,2.25,1.0,N,68,107,1,14.2,1.0,0.5,3.99,0.0,1.0,23.94,2.5,0.0,0.75
2,2025-01-14 13:17:47,2025-01-14 13:34:42,1.0,2.02,1.0,N,100,142,1,16.3,0.0,0.5,4.21,0.0,1.0,25.26,2.5,0.0,0.75
1,2025-01-31 22:18:43,2025-01-31 22:23:58,1.0,1.0,1.0,N,237,142,1,7.2,3.5,0.5,2.4,0.0,1.0,14.6,2.5,0.0,0.0
2,2025-01-03 11:03:43,2025-01-03 11:08:42,1.0,1.03,1.0,N,164,114,1,7.2,0.0,0.5,2.24,0.0,1.0,13.44,2.5,0.0,0.0
2,2025-01-30 19:35:07,2025-01-30 19:43:23,1.0,0.75,1.0,N,79,79,1,8.6,2.5,0.5,1.0,0.0,1.0,16.85,2.5,0.0,0.75
2,2025-01-11 11:21:15,2025-01-11 11:28:46,1.0,1.15,1.0,N,79,249,1,9.3,0.0,0.5,1.0,0.0,1.0,15.05,2.5,0.0,0.75
2,2025-01-23 22:57:17,2025-01-23 23:14:00,,7.71,,,142,243,0,26.58,0.0,0.5,0.0,0.0,1.0,30.58,,,0.0
2,2025-01-26 14:56:01,2025-01-26 15:04:39,3.0,1.58,1.0,N,239,163,2,10.0,0.0,0.5,0.0,0.0,1.0,14.75,2.5,0.0,0.75
2,2025-01-19 15:47:18,2025-01-19 15:56:59,1.0,1.72,1.0,N,249,87,1,11.4,0.0,0.5,3.23,0.0,1.0,19.38,2.5,0.0,0.75
2,2025-01-19 06:43:03,2025-01-19 06:48:49,,0.71,,,236,75,0,-4.0,0.0,0.5,0.0,0.0,1.0,1.0,,,0.0
2,2025-01-17 06:16:54,2025-01-17 06:44:52,,5.4,,,188,222,0,29.46,0.0,0.5,0.0,0.0,1.0,30.96,,,0.0
2,2025-01-31 00:49:00,2025-01-31 01:11:00,,5.43,,,158,140,0,24.4,0.0,0.5,0.0,0.0,1.0,29.15,,,0.75
2,2025-01-05 10:47:28,2025-01-05 11:00:47,2.0,2.3,1.0,N,141,143,1,14.9,0.0,0.5,5.89,0.0,1.0,25.54,2.5,0.0,0.75
1,2025-01-31 14:22:03,2025-01-31 14:42:09,1.0,1.7,1.0,N,43,162,1,17.0,3.25,0.5,4.35,0.0,1.0,26.1,2.5,0.0,0.75
2,2025-01-17 20:10:38,2025-01-17 20:13:24,1.0,0.24,1.0,N,114,113,2,4.4,1.0,0.5,0.0,0.0,1.0,10.15,2.5,0.0,0.75
1,2025-01-08 20:37:30,2025-01-08 20:41:36,,0.7,,,113,90,0,5.8,1.0,0.5,2.31,0.0,1.0,13.86,,,0.75
2,2025-01-08 18:23:25,2025-01-08 18:30:59,1.0,1.14,1.0,N,249,113,1,8.6,2.5,0.5,1.0,0.0,1.0,16.85,2.5,0.0,0.75
2,2025-01-02 19:36:36,2025-01-02 19:54:53,4.0,2.68,1.0,N,45,234,1,17.7,2.5,0.5,4.84,0.0,1.0,29.04,2.5,0.0,0.0
2,2025-01-31 15:42:49,2025-01-31 15:44:42,1.0,0.12,1.0,N,161,170,4,3.7,0.0,0.5,0.0,0.0,1.0,8.45,2.5,0.0,0.75
2,2025-01-15 16:31:11,2025-01-15 16:44:16,1.0,2.29,1.0,N,161,239,4,14.2,2.5,0.5,0.0,0.0,1.0,21.45,2.5,0.0,0.75
1,2025-01-28 13:36:39,2025-01-28 14:15:07,1.0,4.4,99.0,N,188,91,1,20.5,0.0,0.5,0.0,0.0,0.0,21.0,0.0,0.0,0.0
2,2025-01-24 14:09:43,2025-01-24 14:19:28,1.0,1.01,1.0,N,237,236,1,10.0,0.0,0.5,2.8,0.0,1.0,16.8,2.5,0.0,0.0
2,2025-01-29 15:27:03,2025-01-29 15:37:17,1.0,1.49,1.0,N,234,148,1,10.7,0.0,0.5,0.0,0.0,1.0,15.45,2.5,0.0,0.75
2,2025-01-31 16:10:28,2025-01-31 16:38:23,2.0,9.36,1.0,N,138,90,1,39.4,5.0,0.5,6.0,6.94,1.0,63.84,2.5,1.75,0.75
2,2025-01-05 07:18:01,2025-01-05 07:24:43,3.0,1.49,1.0,N,140,229,2,10.0,0.0,0.5,0.0,0.0,1.0,14.75,2.5,0.0,0.75
2,2025-01-10 16:19:06,2025-01-10 16:34:57,1.0,3.82,1.0,N,68,151,1,20.5,2.5,0.5,2.0,0.0,1.0,29.75,2.5,0.0,0.75
2,2025-01-31 18:59:18,2025-01-31 19:11:35,,0.0,,,79,162,0,14.02,0.0,0.5,0.0,0.0,1.0,18.77,,,0.75
2,2025-01-20 18:03:38,2025-01-20 18:10:43,1.0,1.27,1.0,N,43,142,1,9.3,0.0,0.5,1.0,0.0,1.0,14.3,2.5,0.0,0.0
2,2025-01-19 13:01:52,2025-01-19 13:16:32,1.0,3.19,1.0,N,148,161,2,17.0,0.0,0.5,0.0,0.0,1.0,21.75,2.5,0.0,0.75
2,2025-01-07 23:18:53,2025-01-07 23:42:03,1.0,8.31,1.0,N,100,159,1,36.6,1.0,0.5,0.0,0.0,1.0,42.35,2.5,0.0,0.75
2,2025-01-22 08:55:57,2025-01-22 09:17:59,1.0,1.81,1.0,N,170,141,2,19.1,0.0,0.5,0.0,0.0,1.0,23.85,2.5,0.0,0.75
2,2025-01-14 21:39:09,2025-01-14 21:56:07,,3.15,,,237,113,0,18.6,0.0,0.5,0.0,0.0,1.0,23.35,,,0.75
1,2025-01-29 18:48:29,2025-01-29 18:52:28,1.0,0.6,1.0,N,237,236,1,5.8,5.0,0.5,2.46,0.0,1.0,14.76,2.5,0.0,0.0
2,2025-01-05 13:41:44,2025-01-05 14:21:25,1.0,8.98,1.0,N,132,49,1,43.6,0.0,0.5,9.02,0.0,1.0,54.12,0.0,0.0,0.0
2,2025-01-16 21:16:34,2025-01-16 21:23:06,1.0,0.75,1.0,N,162,162,1,7.9,1.0,0.5,2.73,0.0,1.0,16.38,2.5,0.0,0.75
2,2025-01-23 13:34:04,2025-01-23 14:14:24,1.0,9.46,1.0,N,140,181,1,46.4,0.0,0.5,10.08,0.0,1.0,60.48,2.5,0.0,0.0
2,2025-01-17 19:08:28,2025-01-17 19:13:47,,0.0,,,113,79,0,10.27,0.0,0.5,0.0,0.0,1.0,15.02,,,0.75
2,2025-01-07 15:58:10,2025-01-07 16:09:21,1.0,1.1,1.0,N,162,100,1,10.7,0.0,0.5,3.09,0.0,1.0,18.54,2.5,0.0,0.75
2,2025-01-07 21:48:00,2025-01-07 22:00:58,1.0,2.57,1.0,N,186,236,1,14.9,1.0,0.5,4.13,0.0,1.0,24.78,2.5,0.0,0.75
2,2025-01-07 13:57:18,2025-01-07 14:17:07,1.0,1.29,1.0,N,140,236,1,17.7,0.0,0.5,4.34,0.0,1.0,26.04,2.5,0.0,0.0
1,2025-01-19 22:46:01,2025-01-19 23:00:24,1.0,3.0,1.0,N,231,161,2,15.6,4.25,0.5,0.0,0.0,1.0,21.35,2.5,0.0,0.75
2,2025-01-01 18:21:02,2025-01-01 18:38:09,2.0,0.73,1.0,N,163,230,1,15.6,0.0,0.5,3.92,0.0,1.0,23.52,2.5,0.0,0.0
2,2025-01-15 18:37:27,2025-01-15 18:51:01,1.0,1.32,1.0,N,186,137,1,12.8,2.5,0.5,4.01,0.0,1.0,24.06,2.5,0.0,0.75
2,2025-01-26 12:06:25,2025-01-26 12:25:52,1.0,5.38,1.0,N,164,256,1,26.8,0.0,0.5,6.31,0.0,1.0,37.86,2.5,0.0,0.75
1,2025-01-01 01:21:03,2025-01-01 01:22:33,1.0,0.0,5.0,N,255,256,1,84.0,0.0,0.0,0.0,0.0,1.0,85.0,0.0,0.0,0.0
1,2025-01-14 17:35:23,2025-01-14 17:49:08,1.0,2.3,1.0,N,230,263,1,14.2,5.75,0.5,3.0,0.0,1.0,24.45,2.5,0.0,0.75
2,2025-01-01 13:18:39,2025-01-01 13:26:22,1.0,1.26,1.0,N,100,246,1,9.3,0.0,0.5,2.66,0.0,1.0,15.96,2.5,0.0,0.0
2,2025-01-01 15:16:37,2025-01-01 15:44:02,4.0,1.79,1.0,N,162,186,1,22.6,0.0,0.5,7.98,0.0,1.0,34.58,2.5,0.0,0.0
2,2025-01-04 06:21:38,2025-01-04 06:30:19,1.0,1.24,1.0,N,186,233,1,10.0,0.0,0.5,1.0,0.0,1.0,15.0,2.5,0.0,0.0
2,2025-01-11 17:29:34,2025-01-11 18:02:11,3.0,5.12,1.0,N,239,79,1,30.3,0.0,0.5,7.01,0.0,1.0,42.06,2.5,0.0,0.75
1,2025-01-30 22:07:52,2025-01-30 22:11:30,1.0,0.6,1.0,N,164,162,1,5.8,4.25,0.5,2.3,0.0,1.0,13.85,2.5,0.0,0.75
2,2025-01-20 20:08:31,2025-01-20 20:16:32,1.0,1.41,1.0,N,170,230,2,9.3,1.0,0.5,0.0,0.0,1.0,15.05,2.5,0.0,0.75
2,2025-01-07 13:45:29,2025-01-07 14:06:07,1.0,2.76,1.0,N,238,230,1,19.1,0.0,0.5,4.77,0.0,1.0,28.62,2.5,0.0,0.75
2,2025-01-20 13:36:33,2025-01-20 13:44:30,1.0,1.35,1.0,N,141,140,4,-9.3,0.0,-0.5,0.0,0.0,-1.0,-14.05,-2.5,0.0,0.0
1,2025-01-11 20:45:52,2025-01-11 21:19:02,1.0,9.5,1.0,N,70,142,1,40.8,11.0,0.5,3.0,0.0,1.0,56.3,2.5,1.75,0.75
1,2025-01-29 12:37:58,2025-01-29 13:46:56,1.0,9.0,99.0,N,165,125,1,33.5,0.0,0.5,0.0,6.94,0.0,40.94,0.0,0.0,0.0
1,2025-01-14 23:18:39,2025-01-14 23:29:24,1.0,2.3,1.0,N,79,68,1,12.8,4.25,0.5,4.6,0.0,1.0,23.15,2.5,0.0,0.75
2,2025-01-05 01:20:10,2025-01-05 01:26:59,1.0,1.93,1.0,N,170,140,1,10.7,1.0,0.5,3.29,0.0,1.0,19.74,2.5,0.0,0.75
2,2025-01-30 18:35:00,2025-01-30 18:56:00,,3.53,,,246,237,0,-4.75,0.0,0.5,0.0,0.0,1.0,5.46,,,0.75
2,2025-01-15 15:29:25,2025-01-15 15:38:36,1.0,0.97,1.0,N,162,236,1,10.0,0.0,0.5,2.95,0.0,1.0,17.7,2.5,0.0,0.75
2,2025-01-12 14:03:01,2025-01-12 14:19:57,1.0,1.28,1.0,N,186,161,1,14.9,0.0,0.5,3.93,0.0,1.0,23.58,2.5,0.0,0.75
2,2025-01-08 07:33:00,2025-01-08 07:43:28,1.0,1.63,1.0,N,41,236,1,11.4,0.0,0.5,3.08,0.0,1.0,18.48,2.5,0.0,0.0
2,2025-01-28 19:16:43,2025-01-28 19:29:20,1.0,1.66,1.0,N,141,163,1,12.8,2.5,0.5,2.0,0.0,1.0,22.05,2.5,0.0,0.75
2,2025-01-30 07:36:58,2025-01-30 08:19:32,1.0,8.03,1.0,N,132,131,2,44.3,0.0,0.5,0.0,0.0,1.0,47.55,0.0,1.75,0.0
2,2025-01-19 23:31:40,2025-01-19 23:57:41,2.0,9.94,1.0,N,138,246,2,42.2,6.0,0.5,0.0,6.94,1.0,61.64,2.5,1.75,0.75
2,2025-01-11 21:08:36,2025-01-11 21:14:19,1.0,0.93,1.0,N,249,90,1,7.2,1.0,0.5,2.59,0.0,1.0,15.54,2.5,0.0,0.75
2,2025-01-21 22:26:00,2025-01-21 22:45:00,,3.93,,,181,228,0,25.53,0.0,0.5,0.0,0.0,1.0,27.03,,,0.0
2,2025-01-10 16:28:35,2025-01-10 16:41:16,1.0,1.45,1.0,N,230,246,3,-12.8,-2.5,-0.5,0.0,0.0,-1.0,-20.05,-2.5,0.0,0.0
1,2025-01-16 06:55:36,2025-01-16 07:02:29,1.0,0.8,1.0,N,164,137,1,7.2,3.25,0.5,2.4,0.0,1.0,14.35,2.5,0.0,0.75
2,2025-01-08 14:05:23,2025-01-08 14:17:17,1.0,1.44,1.0,N,107,234,2,12.1,0.0,0.5,0.0,0.0,1.0,16.85,2.5,0.0,0.75
1,2025-01-23 17:24:58,2025-01-23 17:50:53,2.0,2.0,1.0,N,163,234,1,20.5,5.75,0.5,5.55,0.0,1.0,33.3,2.5,0.0,0.75
2,2025-01-31 11:11:09,2025-01-31 11:21:36,1.0,2.12,1.0,N,236,239,1,12.8,0.0,0.5,3.02,0.0,1.0,19.82,2.5,0.0,0.0
1,2025-01-14 09:57:10,2025-01-14 10:03:16,2.0,1.0,1.0,N,162,137,1,7.9,3.25,0.5,2.5,0.0,1.0,15.15,2.5,0.0,0.75
2,2025-01-28 14:32:32,2025-01-28 14:45:05,1.0,1.31,1.0,N,186,163,1,12.1,0.0,0.5,5.06,0.0,1.0,21.91,2.5,0.0,0.75
2,2025-01-03 14:16:12,2025-01-03 14:25:18,1.0,1.24,1.0,N,186,249,1,10.0,0.0,0.5,2.8,0.0,1.0,16.8,2.5,0.0,0.0
1,2025-01-03 20:07:19,2025-01-03 20:17:49,1.0,0.7,1.0,N,164,161,2,10.0,3.5,0.5,0.0,0.0,1.0,15.0,2.5,0.0,0.0
2,2025-01-06 21:57:30,2025-01-06 22:15:28,1.0,7.18,1.0,N,107,42,1,31.7,1.0,0.5,7.49,0.0,1.0,44.94,2.5,0.0,0.75
2,2025-01-27 08:44:49,2025-01-27 08:58:11,1.0,1.84,1.0,N,238,263,1,13.5,0.0,0.5,2.62,0.0,1.0,20.12,2.5,0.0,0.0
2,2025-01-09 23:05:48,2025-01-09 23:26:19,1.0,4.51,1.0,N,234,25,1,24.0,1.0,0.5,5.95,0.0,1.0,35.7,2.5,0.0,0.75
2,2025-01-06 09:42:21,2025-01-06 09:53:14,1.0,1.51,1.0,N,236,237,1,11.4,0.0,0.5,1.62,0.0,1.0,17.77,2.5,0.0,0.75
2,2025-01-11 15:20:05,2025-01-11 15:25:16,2.0,0.85,1.0,N,143,239,1,7.2,0.0,0.5,2.24,0.0,1.0,13.44,2.5,0.0,0.0
1,2025-01-25 22:44:16,2025-01-25 23:00:43,,4.6,,,145,82,0,20.33,0.0,0.5,0.0,0.0,1.0,21.83,,,0.0
2,2025-01-31 07:43:19,2025-01-31 07:52:25,1.0,0.74,1.0,N,237,237,2,9.3,0.0,0.5,0.0,0.0,1.0,14.05,2.5,0.0,0.75
1,2025-01-03 13:40:17,2025-01-03 13:51:59,1.0,1.5,1.0,N,90,148,2,10.0,2.5,0.5,0.0,0.0,1.0,14.0,2.5,0.0,0.0
2,2025-01-22 22:13:26,2025-01-22 22:35:32,,6.83,,,163,261,0,39.12,0.0,0.5,6.58,0.0,1.0,50.45,,,0.75
1,2025-01-01 19:56:56,2025-01-01 19:57:16,1.0,0.9,1.0,N,43,238,3,3.0,5.0,0.5,0.0,0.0,1.0,9.5,2.5,0.0,0.0
2,2025-01-03 18:52:04,2025-01-03 19:01:19,1.0,0.67,1.0,N,137,10,1,9.3,2.5,0.5,3.16,0.0,1.0,18.96,2.5,0.0,0.0
2,2025-01-05 11:42:06,2025-01-05 11:46:04,1.0,1.08,1.0,N,50,48,1,6.5,0.0,0.5,2.25,0.0,1.0,13.5,2.5,0.0,0.75
2,2025-01-30 11:16:47,2025-01-30 11:29:56,1.0,4.87,1.0,N,87,233,2,22.6,0.0,0.5,0.0,0.0,1.0,27.35,2.5,0.0,0.75
1,2025-01-30 15:05:01,2025-01-30 16:14:16,1.0,9.0,99.0,N,157,75,1,32.5,0.0,0.5,0.0,0.0,0.0,33.0,0.0,0.0,0.0
1,2025-01-05 23:35:55,2025-01-05 23:42:13,1.0,0.7,1.0,N,224,79,3,6.5,4.25,0.5,0.0,0.0,1.0,12.25,2.5,0.0,0.75
2,2025-01-03 22:24:45,2025-01-03 22:31:53,2.0,1.45,1.0,N,142,68,1,10.0,1.0,0.5,3.0,0.0,1.0,18.0,2.5,0.0,0.0
2,2025-01-15 08:22:14,2025-01-15 08:35:00,1.0,1.61,1.0,N,230,113,1,12.8,0.0,0.5,3.51,0.0,1.0,21.06,2.5,0.0,0.75
2,2025-01-04 22:34:59,2025-01-04 22:49:52,1.0,2.05,1.0,N,79,68,1,14.9,1.0,0.5,3.98,0.0,1.0,23.88,2.5,0.0,0.0
1,2025-01-19 13:42:09,2025-01-19 13:46:23,1.0,0.8,1.0,N,229,161,1,5.8,3.25,0.5,2.1,0.0,1.0,12.65,2.5,0.0,0.75
2,2025-01-31 14:57:35,2025-01-31 15:21:20,,2.79,,,161,249,0,21.14,0.0,0.5,0.0,0.0,1.0,25.89,,,0.75
2,2025-01-21 22:58:48,2025-01-21 23:11:18,1.0,2.28,1.0,N,186,237,1,14.2,1.0,0.5,2.0,0.0,1.0,21.95,2.5,0.0,0.75
2,2025-01-31 14:52:09,2025-01-31 14:59:58,1.0,1.39,1.0,N,166,238,2,10.0,0.0,0.5,0.0,0.0,1.0,11.5,0.0,0.0,0.0
2,2025-01-02 21:14:11,2025-01-02 21:25:39,1.0,1.38,1.0,N,163,170,2,11.4,1.0,0.5,0.0,0.0,1.0,16.4,2.5,0.0,0.0
1,2025-01-25 21:38:09,2025-01-25 21:46:09,,1.2,,,249,234,0,9.78,0.0,0.5,0.0,0.0,1.0,14.53,,,0.75
1,2025-01-10 18:54:28,2025-01-10 19:16:36,1.0,1.6,1.0,N,186,163,2,19.1,5.75,0.5,0.0,0.0,1.0,26.35,2.5,0.0,0.75
2,2025-01-12 16:04:10,2025-01-12 16:16:00,1.0,2.08,1.0,N,24,143,2,13.5,0.0,0.5,0.0,0.0,1.0,17.5,2.5,0.0,0.0
1,2025-01-18 23:10:46,2025-01-18 23:22:20,1.0,2.4,1.0,N,224,246,1,13.5,4.25,0.5,3.85,0.0,1.0,23.1,2.5,0.0,0.75
2,2025-01-16 23:08:29,2025-01-16 23:13:44,1.0,0.88,1.0,N,113,107,1,7.2,1.0,0.5,2.59,0.0,1.0,15.54,2.5,0.0,0.75
2,2025-01-20 19:45:31,2025-01-20 19:56:18,1.0,2.23,1.0,N,163,107,1,13.5,0.0,0.5,3.65,0.0,1.0,21.9,2.5,0.0,0.75
2,2025-01-04 22:40:54,2025-01-04 23:03:56,1.0,8.9,1.0,N,132,37,1,36.6,1.0,0.5,7.82,0.0,1.0,48.67,0.0,1.75,0.0
2,2025-01-27 00:21:13,2025-01-27 00:25:19,1.0,0.86,1.0,N,249,113,1,6.5,1.0,0.5,2.45,0.0,1.0,14.7,2.5,0.0,0.75
1,2025-01-09 20:03:05,2025-01-09 20:20:53,1.0,2.4,1.0,N,140,238,2,15.6,3.5,0.5,0.0,0.0,1.0,20.6,2.5,0.0,0.0
2,2025-01-30 19:00:15,2025-01-30 19:22:22,1.0,9.56,1.0,N,138,230,2,39.4,7.5,0.5,0.0,6.94,1.0,60.34,2.5,1.75,0.75
1,2025-01-25 13:12:38,2025-01-25 13:27:58,1.0,1.5,1.0,N,230,142,1,12.8,3.25,0.5,4.4,0.0,1.0,21.95,2.5,0.0,0.75
2,2025-01-02 09:59:01,2025-01-02 10:10:30,2.0,1.19,1.0,N,164,233,1,11.4,0.0,0.5,3.08,0.0,1.0,18.48,2.5,0.0,0.0
2,2025-01-18 22:56:36,2025-01-18 23:02:27,2.0,0.87,1.0,N,263,237,1,7.9,1.0,0.5,1.94,0.0,1.0,14.84,2.5,0.0,0.0
1,2025-01-11 18:57:11,2025-01-11 19:10:22,1.0,1.4,1.0,N,48,162,1,11.4,3.25,0.5,4.05,0.0,1.0,20.2,2.5,0.0,0.75
1,2025-01-13 17:51:50,2025-01-13 18:04:01,1.0,1.6,1.0,N,87,13,1,10.7,5.75,0.5,3.6,0.0,1.0,21.55,2.5,0.0,0.75
2,2025-01-24 19:03:19,2025-01-24 19:09:40,,0.77,,,141,237,0,8.28,0.0,0.5,0.0,0.0,1.0,12.28,,,0.0
1,2025-01-28 18:51:06,2025-01-28 18:59:23,1.0,0.8,1.0,N,236,237,1,7.9,5.0,0.5,3.6,0.0,1.0,18.0,2.5,0.0,0.0
2,2025-01-17 17:43:50,2025-01-17 18:22:31,2.0,8.33,1.0,N,236,138,1,41.5,7.5,0.5,11.99,6.94,1.0,71.93,2.5,0.0,0.0
2,2025-01-03 16:32:03,2025-01-03 16:55:09,3.0,2.89,1.0,N,230,144,1,21.2,2.5,0.5,5.54,0.0,1.0,33.24,2.5,0.0,0.0
2,2025-01-27 20:45:09,2025-01-27 21:23:32,1.0,19.32,2.0,N,132,238,1,70.0,0.0,0.5,14.95,0.0,1.0,91.45,2.5,1.75,0.75
2,2025-01-01 03:43:11,2025-01-01 03:50:42,1.0,0.57,1.0,N,79,148,1,8.6,1.0,0.5,2.0,0.0,1.0,15.6,2.5,0.0,0.0
2,2025-01-16 07:40:39,2025-01-16 08:08:54,,6.18,,,158,166,0,-4.0,0.0,0.5,0.0,0.0,1.0,1.0,,,0.0
1,2025-01-08 11:59:45,2025-01-08 12:16:32,1.0,2.1,1.0,N,237,50,1,14.9,3.25,0.5,3.93,0.0,1.0,23.58,2.5,0.0,0.75
2,2025-01-01 19:31:28,2025-01-01 19:51:10,1.0,1.36,1.0,N,164,230,1,17.0,0.0,0.5,4.2,0.0,1.0,25.2,2.5,0.0,0.0
2,2025-01-30 06:58:27,2025-01-30 07:07:06,1.0,2.21,1.0,N,239,68,1,12.8,0.0,0.5,3.51,0.0,1.0,21.06,2.5,0.0,0.75
2,2025-01-14 22:25:06,2025-01-14 22:28:35,3.0,0.83,1.0,N,79,232,1,6.5,1.0,0.5,2.45,0.0,1.0,14.7,2.5,0.0,0.75
1,2025-01-01 17:52:32,2025-01-01 18:09:43,1.0,9.1,1.0,N,43,127,1,37.3,2.5,0.5,6.5,0.0,1.0,47.8,2.5,0.0,0.0
2,2025-01-25 16:59:41,2025-01-25 17:15:41,2.0,1.62,1.0,N,229,48,1,14.9,0.0,0.5,4.91,0.0,1.0,24.56,2.5,0.0,0.75
2,2025-01-27 13:35:18,2025-01-27 14:23:25,1.0,16.47,2.0,N,170,132,4,70.0,0.0,0.5,0.0,6.94,1.0,81.69,2.5,0.0,0.75
2,2025-01-13 17:12:09,2025-01-13 17:19:04,1.0,0.77,1.0,N,170,161,1,7.9,2.5,0.5,3.79,0.0,1.0,18.94,2.5,0.0,0.75
2,2025-01-08 23:06:54,2025-01-08 23:19:34,2.0,1.42,1.0,N,230,234,1,12.1,1.0,0.5,3.57,0.0,1.0,21.42,2.5,0.0,0.75
1,2025-01-18 17:31:29,2025-01-18 17:58:15,1.0,5.3,1.0,N,236,148,1,26.8,3.25,0.5,6.31,0.0,1.0,37.86,2.5,0.0,0.75
2,2025-01-16 22:08:04,2025-01-16 22:18:58,3.0,1.6,1.0,N,161,229,1,12.1,1.0,0.5,4.0,0.0,1.0,21.85,2.5,0.0,0.75
2,2025-01-28 17:18:18,2025-01-28 17:32:32,4.0,1.11,1.0,N,161,186,1,12.8,2.5,0.5,4.01,0.0,1.0,24.06,2.5,0.0,0.75
2,2025-01-04 16:12:30,2025-01-04 16:27:05,4.0,1.58,1.0,N,237,170,1,14.9,0.0,0.5,3.78,0.0,1.0,22.68,2.5,0.0,0.0
2,2025-01-25 23:48:21,2025-01-25 23:59:28,1.0,1.36,1.0,N,158,79,1,11.4,1.0,0.5,3.43,0.0,1.0,20.58,2.5,0.0,0.75
2,2025-01-09 15:21:59,2025-01-09 15:24:34,1.0,0.4,1.0,N,238,239,1,5.1,0.0,0.5,1.82,0.0,1.0,10.92,2.5,0.0,0.0
1,2025-01-30 11:18:33,2025-01-30 11:25:24,1.0,0.5,1.0,N,141,237,1,7.2,2.5,0.5,2.8,0.0,1.0,14.0,2.5,0.0,0.0
2,2025-01-13 19:26:54,2025-01-13 19:33:26,1.0,0.98,1.0,N,237,161,1,7.9,2.5,0.5,3.03,0.0,1.0,18.18,2.5,0.0,0.75
2,2025-01-01 15:14:59,2025-01-01 15:55:44,2.0,17.77,2.0,N,246,132,1,70.0,0.0,0.5,12.0,6.94,1.0,92.94,2.5,0.0,0.0
2,2025-01-30 22:11:08,2025-01-30 22:37:25,1.0,5.74,1.0,N,114,239,1,31.0,1.0,0.5,7.35,0.0,1.0,44.1,2.5,0.0,0.75
2,2025-01-05 14:13:18,2025-01-05 14:23:22,1.0,1.3,1.0,N,237,143,1,10.7,0.0,0.5,1.0,0.0,1.0,15.7,2.5,0.0,0.0
2,2025-01-26 10:51:54,2025-01-26 11:13:26,1.0,4.42,1.0,N,107,239,1,24.7,0.0,0.5,7.36,0.0,1.0,36.81,2.5,0.0,0.75
2,2025-01-31 00:11:44,2025-01-31 00:20:05,1.0,1.1,1.0,N,79,211,1,9.3,1.0,0.5,3.01,0.0,1.0,18.06,2.5,0.0,0.75
2,2025-01-20 14:25:52,2025-01-20 14:34:35,1.0,1.05,1.0,N,186,186,2,9.3,0.0,0.5,0.0,0.0,1.0,14.05,2.5,0.0,0.75
2,2025-01-23 22:39:27,2025-01-23 22:45:29,1.0,1.13,1.0,N,161,237,1,7.9,1.0,0.5,2.73,0.0,1.0,16.38,2.5,0.0,0.75
2,2025-01-18 15:24:28,2025-01-18 15:38:40,,1.49,,,162,246,0,17.05,0.0,0.5,0.0,0.0,1.0,21.8,,,0.75
2,2025-01-01 15:22:56,2025-01-01 15:32:25,2.0,1.7,1.0,N,236,229,1,11.4,0.0,0.5,3.08,0.0,1.0,18.48,2.5,0.0,0.0
1,2025-01-12 11:53:39,2025-01-12 12:08:36,1.0,2.7,1.0,N,239,229,1,16.3,3.25,0.5,5.25,0.0,1.0,26.3,2.5,0.0,0.75
2,2025-01-06 17:38:32,2025-01-06 17:46:15,1.0,0.93,1.0,N,162,161,1,8.6,2.5,0.5,3.17,0.0,1.0,19.02,2.5,0.0,0.75
2,2025-01-31 20:59:18,2025-01-31 21:26:17,4.0,5.63,1.0,N,249,17,1,29.6,1.0,0.5,7.07,0.0,1.0,42.42,2.5,0.0,0.75
2,2025-01-29 16:44:58,2025-01-29 16:47:20,1.0,0.33,1.0,N,237,236,1,4.4,2.5,0.5,2.18,0.0,1.0,13.08,2.5,0.0,0.0
1,2025-01-03 22:54:24,2025-01-03 23:14:08,1.0,2.5,1.0,N,230,107,1,19.1,3.5,0.5,4.8,0.0,1.0,28.9,2.5,0.0,0.0
2,2025-01-21 18:19:27,2025-01-21 18:53:13,,0.0,,,170,166,0,31.3,0.0,0.5,0.0,0.0,1.0,36.05,,,0.75
2,2025-01-30 23:16:14,2025-01-30 23:24:05,2.0,1.55,1.0,N,229,236,1,9.3,1.0,0.5,3.01,0.0,1.0,18.06,2.5,0.0,0.75
2,2025-01-25 18:59:20,2025-01-25 19:23:33,,8.49,,,168,81,0,36.96,0.0,0.5,0.0,0.0,1.0,38.46,,,0.0
2,2025-01-06 15:50:52,2025-01-06 15:58:20,1.0,0.69,1.0,N,41,74,2,7.2,0.0,0.5,0.0,0.0,1.0,8.7,0.0,0.0,0.0
2,2025-01-01 07:05:27,2025-01-01 07:11:31,1.0,0.77,1.0,N,125,249,4,-7.9,0.0,-0.5,0.0,0.0,-1.0,-11.9,-2.5,0.0,0.0
2,2025-01-26 00:15:16,2025-01-26 00:25:28,1.0,1.4,1.0,N,107,114,1,11.4,1.0,0.5,4.29,0.0,1.0,21.44,2.5,0.0,0.75
2,2025-01-09 17:49:55,2025-01-09 17:56:41,1.0,0.97,1.0,N,239,142,1,8.6,2.5,0.5,3.02,0.0,1.0,18.12,2.5,0.0,0.0
2,2025-01-26 19:47:20,2025-01-26 20:03:45,1.0,3.04,1.0,N,229,249,1,17.0,1.0,0.5,4.55,0.0,1.0,27.3,2.5,0.0,0.75
2,2025-01-02 21:31:16,2025-01-02 21:43:38,1.0,2.69,1.0,N,162,75,1,15.6,1.0,0.5,2.0,0.0,1.0,22.6,2.5,0.0,0.0
2,2025-01-04 17:25:59,2025-01-04 17:50:08,1.0,1.75,1.0,N,163,90,1,21.2,0.0,0.5,2.0,0.0,1.0,27.2,2.5,0.0,0.0
2,2025-01-17 22:27:02,2025-01-17 22:46:06,1.0,1.48,1.0,N,90,162,1,17.0,1.0,0.5,2.0,0.0,1.0,24.75,2.5,0.0,0.75
2,2025-01-30 19:56:37,2025-01-30 20:06:50,,1.45,,,107,79,0,13.35,0.0,0.5,0.0,0.0,1.0,18.1,,,0.75
2,2025-01-04 15:31:00,2025-01-04 15:46:41,1.0,3.75,1.0,N,163,179,1,19.8,0.0,0.5,4.76,0.0,1.0,28.56,2.5,0.0,0.0
2,2025-01-20 12:04:06,2025-01-20 12:22:53,2.0,3.28,1.0,N,161,148,1,19.8,0.0,0.5,4.91,0.0,1.0,29.46,2.5,0.0,0.75
2,2025-01-05 00:06:18,2025-01-05 00:17:52,2.0,1.5,1.0,N,231,79,1,12.1,1.0,0.5,3.57,0.0,1.0,21.42,2.5,0.0,0.75
1,2025-01-25 21:39:54,2025-01-25 22:00:20,2.0,2.9,1.0,N,234,142,1,19.8,4.25,0.5,5.1,0.0,1.0,30.65,2.5,0.0,0.75
1,2025-01-05 10:16:46,2025-01-05 10:45:18,1.0,11.3,1.0,N,138,87,1,45.7,10.0,0.5,11.45,0.0,1.0,68.65,2.5,1.75,0.75
2,2025-01-16 08:07:46,2025-01-16 08:24:53,1.0,2.3,1.0,N,236,142,1,17.0,0.0,0.5,5.25,0.0,1.0,26.25,2.5,0.0,0.0
2,2025-01-30 18:43:24,2025-01-30 18:50:13,1.0,0.73,1.0,N,162,161,1,7.9,2.5,0.5,0.0,0.0,1.0,15.15,2.5,0.0,0.75
2,2025-01-19 10:04:30,2025-01-19 10:12:06,1.0,1.34,1.0,N,163,43,1,10.0,0.0,0.5,2.95,0.0,1.0,17.7,2.5,0.0,0.75
2,2025-01-10 18:25:24,2025-01-10 18:30:38,1.0,1.37,1.0,N,238,166,1,7.9,2.5,0.5,2.88,0.0,1.0,17.28,2.5,0.0,0.0
2,2025-01-03 11:06:55,2025-01-03 11:29:30,1.0,2.8,1.0,N,238,237,1,21.2,0.0,0.5,5.04,0.0,1.0,30.24,2.5,0.0,0.0
2,2025-01-26 17:16:02,2025-01-26 17:24:01,1.0,1.13,1.0,N,142,230,1,10.0,0.0,0.5,2.95,0.0,1.0,17.7,2.5,0.0,0.75
2,2025-01-14 11:44:34,2025-01-14 11:47:25,2.0,0.34,1.0,N,262,140,3,5.1,0.0,0.5,0.0,0.0,1.0,9.1,2.5,0.0,0.0
2,2025-01-12 14:26:31,2025-01-12 14:36:17,1.0,1.55,1.0,N,263,238,1,11.4,0.0,0.5,3.08,0.0,1.0,18.48,2.5,0.0,0.0
2,2025-01-28 15:59:29,2025-01-28 16:10:41,1.0,1.54,1.0,N,236,239,1,12.1,0.0,0.5,3.22,0.0,1.0,19.32,2.5,0.0,0.0
2,2025-01-31 19:32:31,2025-01-31 19:44:59,,1.58,,,246,234,0,10.96,0.0,0.5,0.0,0.0,1.0,15.71,,,0.75
2,2025-01-25 01:39:42,2025-01-25 01:43:52,1.0,0.46,1.0,N,79,79,1,5.8,1.0,0.5,2.31,0.0,1.0,13.86,2.5,0.0,0.75
2,2025-01-11 17:48:21,2025-01-11 18:24:23,,3.31,,,230,231,0,28.97,0.0,0.5,3.52,0.75,1.0,37.99,,,0.75
2,2025-01-11 10:26:26,2025-01-11 10:47:59,1.0,2.69,1.0,N,264,142,1,19.1,0.0,0.5,4.77,0.0,1.0,28.62,2.5,0.0,0.75
2,2025-01-12 16:25:00,2025-01-12 16:40:24,,2.07,,,246,233,0,15.58,0.0,0.5,0.0,0.0,1.0,20.33,,,0.75
2,2025-01-16 18:22:11,2025-01-16 18:32:18,4.0,0.98,1.0,N,161,164,2,10.0,2.5,0.5,0.0,0.0,1.0,17.25,2.5,0.0,0.75
2,2025-01-24 16:01:02,2025-01-24 16:09:49,1.0,1.4,1.0,N,158,186,1,10.7,2.5,0.5,3.23,0.0,1.0,21.18,2.5,0.0,0.75
2,2025-01-27 19:36:51,2025-01-27 19:49:33,,2.0,,,166,74,0,12.55,0.0,0.5,0.0,0.0,1.0,14.05,,,0.0
2,2025-01-16 20:39:39,2025-01-16 20:57:53,1.0,3.17,1.0,N,233,239,1,18.4,1.0,0.5,2.0,0.0,1.0,26.15,2.5,0.0,0.75
2,2025-01-28 09:20:41,2025-01-28 09:33:58,1.0,2.11,1.0,N,236,140,1,13.5,0.0,0.5,3.5,0.0,1.0,21.0,2.5,0.0,0.0
2,2025-01-23 22:52:00,2025-01-23 23:08:00,,2.94,,,113,50,0,17.79,0.0,0.5,0.0,0.0,1.0,22.54,,,0.75
2,2025-01-10 19:14:49,2025-01-10 19:25:19,1.0,1.98,1.0,N,238,262,1,12.1,2.5,0.5,3.72,0.0,1.0,22.32,2.5,0.0,0.0
1,2025-01-15 20:14:09,2025-01-15 20:27:40,1.0,1.2,1.0,N,158,79,1,12.1,4.25,0.5,3.55,0.0,1.0,21.4,2.5,0.0,0.75
2,2025-01-02 21:42:01,2025-01-02 21:46:18,5.0,0.82,1.0,N,113,249,3,6.5,1.0,0.5,0.0,0.0,1.0,11.5,2.5,0.0,0.0
2,2025-01-25 01:15:51,2025-01-25 01:26:11,,2.09,,,164,79,0,-4.75,0.0,0.5,0.0,0.0,1.0,5.07,,,0.75
1,2025-01-28 16:53:31,2025-01-28 16:57:00,1.0,0.4,1.0,N,239,143,1,4.4,5.0,0.5,2.18,0.0,1.0,13.08,2.5,0.0,0.0
2,2025-01-04 22:30:45,2025-01-04 22:50:19,2.0,5.51,1.0,N,231,239,1,27.5,1.0,0.5,6.5,0.0,1.0,39.0,2.5,0.0,0.0
2,2025-01-09 17:13:24,2025-01-09 17:50:21,1.0,9.35,1.0,N,138,229,1,46.4,7.5,0.5,9.06,0.0,1.0,69.46,2.5,1.75,0.75
1,2025-01-10 08:43:37,2025-01-10 08:47:26,1.0,1.0,1.0,N,137,264,1,7.2,3.25,0.5,2.35,0.0,1.0,14.3,2.5,0.0,0.75
1,2025-01-03 18:02:32,2025-01-03 18:06:38,2.0,0.7,1.0,N,141,141,2,6.5,5.0,0.5,0.0,0.0,1.0,13.0,2.5,0.0,0.0
2,2025-01-14 09:08:29,2025-01-14 09:27:39,1.0,1.85,1.0,N,170,237,1,17.7,0.0,0.5,2.24,0.0,1.0,24.69,2.5,0.0,0.75
2,2025-01-21 05:35:41,2025-01-21 05:43:09,1.0,1.34,1.0,N,186,161,1,9.3,1.0,0.5,3.01,0.0,1.0,18.06,2.5,0.0,0.75
2,2025-01-10 18:44:05,2025-01-10 18:59:58,1.0,8.72,1.0,N,138,162,1,33.8,7.5,0.5,13.25,6.94,1.0,67.99,2.5,1.75,0.75
2,2025-01-30 13:35:59,2025-01-30 13:51:50,1.0,2.48,1.0,N,236,230,1,15.6,0.0,0.5,2.44,0.0,1.0,22.79,2.5,0.0,0.75
2,2025-01-22 17:22:00,2025-01-22 17:33:00,,1.32,,,246,234,0,11.12,0.0,0.5,0.0,0.0,1.0,15.87,,,0.75
2,2025-01-12 00:44:49,2025-01-12 00:50:18,1.0,1.1,1.0,N,249,79,1,7.2,1.0,0.5,2.59,0.0,1.0,15.54,2.5,0.0,0.75
2,2025-01-21 18:20:52,2025-01-21 18:33:58,1.0,2.76,1.0,N,68,231,1,15.6,2.5,0.5,4.57,0.0,1.0,27.42,2.5,0.0,0.75
2,2025-01-29 12:44:53,2025-01-29 12:52:05,1.0,0.98,1.0,N,13,231,1,8.6,0.0,0.5,3.34,0.0,1.0,16.69,2.5,0.0,0.75
2,2025-01-08 11:57:28,2025-01-08 12:04:43,1.0,0.5,1.0,N,234,137,1,7.9,0.0,0.5,0.0,0.0,1.0,12.65,2.5,0.0,0.75
2,2025-01-03 08:31:23,2025-01-03 08:59:47,,7.49,,,74,249,0,-4.11,0.0,0.5,0.0,0.0,1.0,-0.11,,,0.0
2,2025-01-15 15:44:14,2025-01-15 15:50:53,1.0,1.04,1.0,N,170,234,1,8.6,0.0,0.5,2.0,0.0,1.0,15.35,2.5,0.0,0.75
2,2025-01-16 20:42:00,2025-01-16 21:01:54,1.0,2.77,1.0,N,90,229,1,19.1,1.0,0.5,3.73,0.0,1.0,28.58,2.5,0.0,0.75
2,2025-01-03 07:12:08,2025-01-03 07:17:28,1.0,0.66,1.0,N,48,161,1,6.5,0.0,0.5,2.0,0.0,1.0,12.5,2.5,0.0,0.0
2,2025-01-20 12:22:18,2025-01-20 12:27:18,2.0,0.99,1.0,N,233,229,4,-7.2,0.0,-0.5,0.0,0.0,-1.0,-11.95,-2.5,0.0,0.0
2,2025-01-07 06:24:47,2025-01-07 07:02:18,1.0,17.07,1.0,N,132,123,3,66.0,0.0,0.5,0.0,0.0,1.0,69.25,0.0,1.75,0.0
2,2025-01-17 17:21:39,2025-01-17 17:29:41,1.0,1.74,1.0,N,233,79,1,10.0,2.5,0.5,3.45,0.0,1.0,20.7,2.5,0.0,0.75
2,2025-01-25 23:18:19,2025-01-25 23:28:14,,1.2,,,90,79,0,-4.75,0.0,0.5,0.0,0.0,1.0,2.95,,,0.75
2,2025-01-18 18:19:13,2025-01-18 18:31:53,6.0,1.39,1.0,N,100,229,1,12.8,0.0,0.5,3.51,0.0,1.0,21.06,2.5,0.0,0.75
1,2025-01-05 18:53:54,2025-01-05 18:59:24,1.0,1.0,1.0,N,161,237,1,7.2,3.25,0.5,2.35,0.0,1.0,14.3,2.5,0.0,0.75
1,2025-01-18 17:17:25,2025-01-18 17:30:31,1.0,1.9,1.0,N,234,229,1,13.5,3.25,0.5,3.65,0.0,1.0,21.9,2.5,0.0,0.75
2,2025-01-23 23:36:01,2025-01-23 23:44:51,,2.04,,,249,170,0,11.3,0.0,0.5,0.0,0.0,1.0,16.05,,,0.75
2,2025-01-25 00:56:52,2025-01-25 01:07:59,,1.63,,,249,224,0,14.29,0.0,0.5,0.0,0.0,1.0,19.04,,,0.75
2,2025-01-08 21:59:51,2025-01-08 22:07:13,1.0,1.92,1.0,N,229,263,1,10.7,1.0,0.5,2.0,0.0,1.0,18.45,2.5,0.0,0.75
2,2025-01-13 07:07:10,2025-01-13 07:16:52,,3.25,,,226,233,0,13.56,0.0,0.5,0.0,6.94,1.0,25.25,,,0.75
2,2025-01-24 13:40:28,2025-01-24 13:55:33,1.0,1.82,1.0,N,143,161,2,14.2,0.0,0.5,0.0,0.0,1.0,18.95,2.5,0.0,0.75
2,2025-01-14 22:07:54,2025-01-14 22:20:58,2.0,5.58,1.0,N,239,243,4,-24.7,-1.0,-0.5,0.0,0.0,-1.0,-29.7,-2.5,0.0,0.0
2,2025-01-08 18:59:57,2025-01-08 19:07:49,1.0,0.86,1.0,N,231,45,1,9.3,2.5,0.5,3.31,0.0,1.0,19.86,2.5,0.0,0.75
1,2025-01-31 23:53:19,2025-02-01 00:02:06,0.0,1.0,1.0,N,249,211,1,10.0,4.25,0.5,0.0,0.0,1.0,15.75,2.5,0.0,0.75
2,2025-01-14 10:35:50,2025-01-14 11:10:41,3.0,13.77,1.0,N,138,13,1,55.5,5.0,0.5,14.44,6.94,1.0,88.38,2.5,1.75,0.75
2,2025-01-17 17:39:08,2025-01-17 17:41:43,1.0,0.31,1.0,N,234,234,1,4.4,2.5,0.5,2.33,0.0,1.0,13.98,2.5,0.0,0.75
2,2025-01-03 17:28:14,2025-01-03 17:32:35,1.0,0.8,1.0,N,237,236,2,6.5,2.5,0.5,0.0,0.0,1.0,13.0,2.5,0.0,0.0
2,2025-01-29 21:44:08,2025-01-29 22:10:54,1.0,8.48,1.0,N,231,166,1,38.0,1.0,0.5,8.75,0.0,1.0,52.5,2.5,0.0,0.75
2,2025-01-27 20:27:10,2025-01-27 20:29:27,1.0,0.47,1.0,N,140,263,1,4.4,1.0,0.5,1.41,0.0,1.0,10.81,2.5,0.0,0.0
2,2025-01-17 19:28:43,2025-01-17 19:30:40,2.0,0.49,1.0,N,233,137,1,4.4,2.5,0.5,2.0,0.0,1.0,13.65,2.5,0.0,0.75
1,2025-01-16 09:30:23,2025-01-16 09:38:42,1.0,1.2,1.0,N,262,75,1,10.0,2.5,0.5,1.5,0.0,1.0,15.5,2.5,0.0,0.0
2,2025-01-12 19:14:30,2025-01-12 19:19:21,1.0,0.38,1.0,N,234,79,2,5.8,0.0,0.5,0.0,0.0,1.0,10.55,2.5,0.0,0.75
2,2025-01-21 21:22:18,2025-01-21 21:40:24,,6.26,,,79,74,0,24.64,0.0,0.5,0.0,0.0,1.0,29.39,,,0.75
2,2025-01-27 16:43:14,2025-01-27 16:55:28,,0.0,,,162,79,0,-4.75,0.0,0.5,0.0,0.0,1.0,6.04,,,0.75
2,2025-01-08 18:02:03,2025-01-08 18:13:10,1.0,1.5,1.0,N,237,236,3,12.1,2.5,0.5,0.0,0.0,1.0,18.6,2.5,0.0,0.0
2,2025-01-16 21:26:58,2025-01-16 21:35:36,1.0,1.71,1.0,N,246,142,1,10.7,1.0,0.5,3.29,0.0,1.0,19.74,2.5,0.0,0.75
2,2025-01-23 17:51:48,2025-01-23 18:23:05,,0.01,,,230,79,0,-4.75,0.0,0.5,0.0,0.0,1.0,4.84,,,0.75
2,2025-01-23 20:27:24,2025-01-23 21:02:31,1.0,5.54,1.0,N,249,237,1,33.1,1.0,0.5,9.0,0.0,1.0,47.85,2.5,0.0,0.75
2,2025-01-26 21:42:59,2025-01-26 21:47:19,2.0,0.7,1.0,N,144,231,1,6.5,1.0,0.5,1.0,0.0,1.0,13.25,2.5,0.0,0.75
1,2025-01-28 06:14:50,2025-01-28 06:20:08,1.0,0.6,1.0,N,170,164,1,6.5,3.25,0.5,2.8,0.0,1.0,14.05,2.5,0.0,0.75
2,2025-01-31 15:17:48,2025-01-31 16:20:38,2.0,17.36,2.0,N,132,186,1,70.0,0.0,0.5,16.34,6.94,1.0,99.78,2.5,1.75,0.75
1,2025-01-05 17:50:18,2025-01-05 17:58:07,1.0,1.1,1.0,N,237,170,1,7.9,2.5,0.5,2.4,0.0,1.0,14.3,2.5,0.0,0.0
1,2025-01-05 13:43:41,2025-01-05 13:52:14,1.0,1.8,1.0,N,158,13,1,10.7,2.5,0.5,1.0,0.75,1.0,16.45,2.5,0.0,0.0
1,2025-01-30 10:14:09,2025-01-30 10:53:58,1.0,2.5,99.0,N,165,26,1,20.5,0.0,0.5,0.0,0.0,0.0,21.0,0.0,0.0,0.0
2,2025-01-11 21:21:04,2025-01-11 21:41:07,1.0,3.35,1.0,N,237,90,1,21.2,1.0,0.5,0.0,0.0,1.0,26.95,2.5,0.0,0.75
2,2025-01-26 15:37:39,2025-01-26 15:52:32,1.0,2.5,1.0,N,262,161,1,16.3,0.0,0.5,2.1,0.0,1.0,23.15,2.5,0.0,0.75
1,2025-01-29 15:19:09,2025-01-29 15:36:59,1.0,1.7,1.0,N,114,224,1,14.2,3.25,0.5,3.8,0.0,1.0,22.75,2.5,0.0,0.75
2,2025-01-07 15:33:08,2025-01-07 15:40:59,1.0,0.91,1.0,N,161,100,1,8.6,0.0,0.5,2.67,0.0,1.0,16.02,2.5,0.0,0.75
2,2025-01-08 08:22:58,2025-01-08 08:42:20,,1.84,,,142,140,0,16.88,0.0,0.5,0.0,0.0,1.0,20.88,,,0.0
2,2025-01-08 21:21:00,2025-01-08 21:31:00,,2.1,,,246,249,0,12.17,0.0,0.5,0.0,0.0,1.0,16.92,,,0.75
2,2025-01-08 15:14:43,2025-01-08 15:27:49,1.0,1.29,1.0,N,237,236,1,12.8,0.0,0.5,3.51,0.0,1.0,21.06,2.5,0.0,0.75
1,2025-01-11 11:57:11,2025-01-11 12:22:02,4.0,3.5,1.0,N,68,237,1,23.3,3.25,0.5,5.6,0.0,1.0,33.65,2.5,0.0,0.75
2,2025-01-28 21:59:47,2025-01-28 22:08:29,1.0,1.4,1.0,N,137,162,1,10.0,1.0,0.5,3.15,0.0,1.0,18.9,2.5,0.0,0.75
2,2025-01-27 21:43:01,2025-01-27 21:50:41,1.0,0.91,1.0,N,113,79,1,8.6,1.0,0.5,2.0,0.0,1.0,16.35,2.5,0.0,0.75
1,2025-01-30 16:34:51,2025-01-30 16:56:32,1.0,2.3,1.0,N,246,233,1,17.7,5.75,0.5,5.0,0.0,1.0,29.95,2.5,0.0,0.75
1,2025-01-18 23:51:39,2025-01-19 00:17:19,1.0,9.4,1.0,N,68,243,1,40.1,4.25,0.5,9.15,0.0,1.0,55.0,2.5,0.0,0.75
2,2025-01-21 23:59:00,2025-01-22 00:02:35,,1.03,,,229,170,0,5.12,0.0,0.5,0.0,0.0,1.0,9.87,,,0.75
2,2025-01-21 23:59:19,2025-01-22 00:07:06,1.0,1.39,1.0,N,88,13,1,10.0,1.0,0.5,3.15,0.0,1.0,18.9,2.5,0.0,0.75
2,2025-01-15 19:30:52,2025-01-15 19:48:57,2.0,3.16,1.0,N,230,148,1,19.1,2.5,0.5,0.0,0.0,1.0,26.35,2.5,0.0,0.75
2,2025-01-10 17:42:13,2025-01-10 17:53:06,1.0,1.3,1.0,N,238,236,1,11.4,2.5,0.5,3.58,0.0,1.0,21.48,2.5,0.0,0.0
2,2025-01-28 15:23:26,2025-01-28 15:51:17,3.0,6.88,1.0,N,140,217,1,34.5,0.0,0.5,0.0,0.0,1.0,39.25,2.5,0.0,0.75
2,2025-01-30 23:38:49,2025-01-30 23:46:57,,1.84,,,113,137,0,13.21,0.0,0.5,0.0,0.0,1.0,17.96,,,0.75
2,2025-01-16 20:04:41,2025-01-16 20:28:19,1.0,6.07,1.0,N,230,88,1,30.3,1.0,0.5,7.21,0.0,1.0,43.26,2.5,0.0,0.75
1,2025-01-22 17:35:07,2025-01-22 17:48:40,1.0,2.0,1.0,N,48,238,2,12.8,5.75,0.5,0.0,0.0,1.0,20.05,2.5,0.0,0.75
2,2025-01-09 10:20:59,2025-01-09 10:32:47,,1.53,,,75,74,0,19.17,0.0,0.5,4.13,0.0,1.0,24.8,,,0.0
2,2025-01-19 18:18:27,2025-01-19 18:51:36,3.0,10.38,1.0,N,230,95,1,45.7,0.0,0.5,12.61,0.0,1.0,63.06,2.5,0.0,0.75
2,2025-01-23 11:29:30,2025-01-23 12:08:16,1.0,4.87,1.0,N,230,148,1,35.2,0.0,0.5,9.99,0.0,1.0,49.94,2.5,0.0,0.75
1,2025-01-28 20:40:22,2025-01-28 20:57:08,0.0,6.4,1.0,N,162,33,1,27.5,4.25,0.5,8.3,0.0,1.0,41.55,2.5,0.0,0.75
2,2025-01-27 19:50:16,2025-01-27 19:56:04,1.0,1.01,1.0,N,238,236,1,7.9,2.5,0.5,2.88,0.0,1.0,17.28,2.5,0.0,0.0
1,2025-01-26 18:45:37,2025-01-26 18:52:38,1.0,1.0,1.0,N,148,79,1,7.2,3.25,0.5,2.4,0.0,1.0,14.35,2.5,0.0,0.75
1,2025-01-23 20:08:21,2025-01-23 20:27:53,1.0,3.2,1.0,N,162,79,1,18.4,4.25,0.5,4.0,0.0,1.0,28.15,2.5,0.0,0.75
2,2025-01-01 15:20:10,2025-01-01 15:27:34,3.0,1.18,1.0,N,237,263,1,9.3,0.0,0.5,2.66,0.0,1.0,15.96,2.5,0.0,0.0
2,2025-01-02 14:37:53,2025-01-02 14:54:57,1.0,3.14,1.0,N,170,231,1,18.4,0.0,0.5,4.48,0.0,1.0,26.88,2.5,0.0,0.0
2,2025-01-17 17:57:19,2025-01-17 18:02:29,1.0,0.59,1.0,N,142,239,1,6.5,2.5,0.5,3.0,0.0,1.0,16.0,2.5,0.0,0.0
1,2025-01-28 13:28:54,2025-01-28 13:40:42,2.0,1.7,1.0,N,237,238,1,12.8,2.5,0.5,4.2,0.0,1.0,21.0,2.5,0.0,0.0
2,2025-01-08 18:03:37,2025-01-08 18:09:01,,0.62,,,13,231,0,5.34,0.0,0.5,0.0,0.0,1.0,10.09,,,0.75
2,2025-01-22 11:52:36,2025-01-22 12:00:22,1.0,0.99,1.0,N,163,142,2,9.3,0.0,0.5,0.0,0.0,1.0,14.05,2.5,0.0,0.75
2,2025-01-23 06:44:19,2025-01-23 07:08:01,,5.62,,,247,162,0,27.24,0.0,0.5,0.0,0.0,1.0,31.99,,,0.75
2,2025-01-24 22:29:20,2025-01-24 23:04:23,,9.98,,,142,243,0,-4.0,0.0,0.5,0.0,0.0,1.0,8.3,,,0.0
1,2025-01-24 11:31:56,2025-01-24 11:39:47,2.0,1.3,1.0,N,100,143,1,10.0,3.25,0.5,2.51,0.0,1.0,17.26,2.5,0.0,0.75
1,2025-01-18 18:47:05,2025-01-18 19:01:18,4.0,2.1,1.0,N,230,141,1,14.2,3.25,0.5,0.0,0.0,1.0,18.95,2.5,0.0,0.75
2,2025-01-30 15:51:28,2025-01-30 16:16:59,2.0,5.51,1.0,N,87,161,1,29.6,0.0,0.5,6.87,0.0,1.0,41.22,2.5,0.0,0.75
2,2025-01-25 21:16:55,2025-01-25 21:28:02,1.0,1.32,1.0,N,164,249,1,11.4,1.0,0.5,3.43,0.0,1.0,20.58,2.5,0.0,0.75
2,2025-01-22 18:04:27,2025-01-22 18:16:45,,0.0,,,141,137,0,13.19,0.0,0.5,0.0,0.0,1.0,17.94,,,0.75
2,2025-01-09 19:44:15,2025-01-09 20:01:59,,0.35,,,13,141,0,28.26,0.0,0.5,0.0,0.0,1.0,33.01,,,0.75
2,2025-01-14 19:21:06,2025-01-14 19:27:14,1.0,1.37,1.0,N,239,236,1,9.3,2.5,0.5,3.16,0.0,1.0,18.96,2.5,0.0,0.0
2,2025-01-08 14:15:40,2025-01-08 14:31:14,1.0,2.75,1.0,N,48,234,1,17.0,0.0,0.5,5.44,0.0,1.0,27.19,2.5,0.0,0.75
1,2025-01-24 12:01:20,2025-01-24 12:20:59,1.0,2.6,1.0,N,234,211,2,19.1,3.25,0.5,0.0,0.0,1.0,23.85,2.5,0.0,0.75
2,2025-01-20 20:27:55,2025-01-20 20:48:55,1.0,6.21,1.0,N,239,148,1,28.2,1.0,0.5,6.79,0.0,1.0,40.74,2.5,0.0,0.75
2,2025-01-17 21:21:57,2025-01-17 21:47:13,1.0,4.79,1.0,N,237,158,1,26.8,1.0,0.5,8.14,0.0,1.0,40.69,2.5,0.0,0.75
2,2025-01-30 14:23:43,2025-01-30 14:36:03,1.0,0.0,1.0,N,163,48,2,11.4,0.0,0.5,0.0,0.0,1.0,16.15,2.5,0.0,0.75
1,2025-01-15 07:35:23,2025-01-15 07:56:55,,6.0,,,25,170,0,31.66,0.0,0.5,0.0,0.0,1.0,36.41,,,0.75
2,2025-01-11 11:10:34,2025-01-11 11:18:58,1.0,1.68,1.0,N,141,170,1,10.7,0.0,0.5,2.0,0.0,1.0,17.45,2.5,0.0,0.75
1,2025-01-16 08:17:45,2025-01-16 08:23:08,1.0,1.0,1.0,N,164,234,1,7.9,3.25,0.5,2.53,0.0,1.0,15.18,2.5,0.0,0.75
1,2025-01-24 13:05:09,2025-01-24 13:22:40,1.0,2.3,1.0,N,141,238,1,17.7,2.5,0.5,4.3,0.0,1.0,26.0,2.5,0.0,0.0
2,2025-01-13 13:57:00,2025-01-13 14:06:10,1.0,2.25,1.0,N,142,24,1,12.1,0.0,0.5,4.83,0.0,1.0,20.93,2.5,0.0,0.0
2,2025-01-29 10:48:52,2025-01-29 10:55:15,1.0,0.86,1.0,N,164,234,1,7.9,0.0,0.5,2.53,0.0,1.0,15.18,2.5,0.0,0.75
2,2025-01-10 17:17:09,2025-01-10 17:30:27,2.0,1.63,1.0,N,170,237,1,12.8,2.5,0.5,4.01,0.0,1.0,24.06,2.5,0.0,0.75
2,2025-01-10 19:14:11,2025-01-10 19:17:28,2.0,0.27,1.0,N,231,231,1,5.1,2.5,0.5,1.85,0.0,1.0,14.2,2.5,0.0,0.75
2,2025-01-04 21:57:32,2025-01-04 22:21:34,1.0,4.01,1.0,N,79,37,1,24.7,1.0,0.5,5.94,0.0,1.0,35.64,2.5,0.0,0.0
2,2025-01-11 01:51:59,2025-01-11 01:57:59,1.0,0.85,1.0,N,144,232,1,7.9,1.0,0.5,3.41,0.0,1.0,17.06,2.5,0.0,0.75
2,2025-01-26 02:22:21,2025-01-26 02:38:24,,3.14,,,90,87,0,15.69,0.0,0.5,0.0,0.0,1.0,20.44,,,0.75
1,2025-01-24 22:21:45,2025-01-24 22:30:39,1.0,1.5,1.0,N,170,140,1,9.3,4.25,0.5,4.5,0.0,1.0,19.55,2.5,0.0,0.75
2,2025-01-22 13:25:23,2025-01-22 13:36:45,1.0,0.92,1.0,N,230,68,1,11.4,0.0,0.5,2.42,0.0,1.0,18.57,2.5,0.0,0.75
2,2025-01-13 14:46:15,2025-01-13 14:57:14,1.0,1.93,1.0,N,237,234,2,12.8,0.0,0.5,0.0,0.0,1.0,17.55,2.5,0.0,0.75
2,2025-01-03 18:38:08,2025-01-03 18:45:09,1.0,1.8,1.0,N,142,238,1,10.0,2.5,0.5,3.3,0.0,1.0,19.8,2.5,0.0,0.0
2,2025-01-15 08:37:19,2025-01-15 09:16:50,1.0,8.56,1.0,N,138,100,1,43.6,5.0,0.5,12.41,6.94,1.0,74.45,2.5,1.75,0.75
2,2025-01-04 21:34:36,2025-01-04 21:57:50,1.0,3.85,1.0,N,186,232,1,23.3,1.0,0.5,0.0,0.0,1.0,28.3,2.5,0.0,0.0
2,2025-01-05 15:39:00,2025-01-05 15:45:48,2.0,0.63,1.0,N,237,163,2,7.9,0.0,0.5,0.0,0.0,1.0,12.65,2.5,0.0,0.75
2,2025-01-11 13:24:10,2025-01-11 13:46:20,2.0,8.77,1.0,N,138,163,1,38.0,5.0,0.5,12.25,13.5,1.0,75.25,2.5,1.75,0.75
2,2025-01-08 02:04:40,2025-01-08 02:10:11,1.0,2.51,1.0,N,161,236,1,11.4,1.0,0.5,0.0,0.0,1.0,17.15,2.5,0.0,0.75
2,2025-01-08 08:16:08,2025-01-08 08:28:43,,1.51,,,87,249,0,13.01,0.0,0.5,0.0,0.0,1.0,17.76,,,0.75
1,2025-01-22 15:07:51,2025-01-22 15:24:49,1.0,1.5,1.0,N,239,75,1,14.9,2.5,0.5,3.8,0.0,1.0,22.7,2.5,0.0,0.0
2,2025-01-09 20:20:45,2025-01-09 20:28:48,1.0,1.13,1.0,N,162,186,2,9.3,2.5,0.5,0.0,0.0,1.0,16.55,2.5,0.0,0.75
1,2025-01-08 07:43:47,2025-01-08 07:57:08,1.0,1.8,1.0,N,143,238,1,12.8,2.5,0.5,1.68,0.0,1.0,18.48,2.5,0.0,0.0
2,2025-01-25 19:37:22,2025-01-25 19:55:02,2.0,1.48,1.0,N,113,186,1,16.3,0.0,0.5,4.21,0.0,1.0,25.26,2.5,0.0,0.75
2,2025-01-16 15:01:11,2025-01-16 15:16:14,1.0,2.1,1.0,N,170,224,1,14.9,0.0,0.5,2.95,0.0,1.0,22.6,2.5,0.0,0.75
2,2025-01-31 06:34:06,2025-01-31 06:42:42,1.0,1.61,1.0,N,100,163,1,10.0,0.0,0.5,4.42,0.0,1.0,19.17,2.5,0.0,0.75
2,2025-01-03 22:00:33,2025-01-03 22:16:51,1.0,1.11,1.0,N,186,170,1,14.9,1.0,0.5,3.98,0.0,1.0,23.88,2.5,0.0,0.0
2,2025-01-25 20:37:27,2025-01-25 20:46:30,2.0,1.54,1.0,N,263,239,1,10.7,1.0,0.5,3.14,0.0,1.0,18.84,2.5,0.0,0.0
2,2025-01-04 22:01:05,2025-01-04 22:08:49,1.0,1.61,1.0,N,249,45,2,10.0,1.0,0.5,0.0,0.0,1.0,15.0,2.5,0.0,0.0
1,2025-01-24 18:37:13,2025-01-24 18:46:38,1.0,1.3,1.0,N,162,107,1,10.0,5.75,0.5,1.9,0.0,1.0,19.15,2.5,0.0,0.75
1,2025-01-30 12:59:26,2025-01-30 13:06:10,1.0,0.5,1.0,N,237,141,1,7.2,2.5,0.5,2.25,0.0,1.0,13.45,2.5,0.0,0.0
1,2025-01-16 22:17:53,2025-01-16 22:23:13,1.0,1.0,1.0,N,68,48,1,7.2,4.25,0.5,1.0,0.0,1.0,13.95,2.5,0.0,0.75
2,2025-01-17 16:44:59,2025-01-17 17:18:54,4.0,5.2,1.0,N,229,256,1,33.1,2.5,0.5,10.09,0.0,1.0,50.44,2.5,0.0,0.75
2,2025-01-04 08:14:58,2025-01-04 08:22:13,1.0,1.72,1.0,N,166,238,1,10.7,0.0,0.5,2.94,0.0,1.0,17.64,2.5,0.0,0.0
2,2025-01-05 03:30:48,2025-01-05 03:37:52,1.0,1.33,1.0,N,148,137,1,9.3,1.0,0.5,3.01,0.0,1.0,18.06,2.5,0.0,0.75
1,2025-01-08 16:58:25,2025-01-08 17:08:57,1.0,1.9,1.0,N,143,151,1,10.7,5.0,0.5,3.45,0.0,1.0,20.65,2.5,0.0,0.0
2,2025-01-09 23:30:04,2025-01-09 23:48:09,,3.28,,,113,163,0,-4.75,0.0,0.5,0.0,0.0,1.0,6.34,,,0.75
2,2025-01-31 18:45:41,2025-01-31 19:00:50,,0.0,,,249,13,0,13.59,0.0,0.5,0.0,0.0,1.0,18.34,,,0.75
2,2025-01-16 21:40:51,2025-01-16 21:52:29,,2.08,,,237,230,0,19.96,0.0,0.5,0.0,0.0,1.0,24.71,,,0.75
2,2025-01-05 07:35:21,2025-01-05 07:58:50,1.0,11.1,1.0,N,162,138,1,44.3,5.0,0.5,12.2,6.94,1.0,73.19,2.5,0.0,0.75
2,2025-01-17 16:38:53,2025-01-17 16:44:03,3.0,0.7,1.0,N,162,170,1,7.2,2.5,0.5,2.89,0.0,1.0,17.34,2.5,0.0,0.75
2,2025-01-14 19:11:48,2025-01-14 19:17:13,2.0,1.12,1.0,N,237,236,1,7.9,2.5,0.5,2.88,0.0,1.0,17.28,2.5,0.0,0.0
2,2025-01-07 16:24:45,2025-01-07 16:49:10,1.0,2.87,1.0,N,137,142,1,21.9,2.5,0.5,5.85,0.0,1.0,35.0,2.5,0.0,0.75
2,2025-01-24 19:18:45,2025-01-24 19:26:57,1.0,1.06,1.0,N,163,143,1,9.3,2.5,0.5,4.14,0.0,1.0,20.69,2.5,0.0,0.75
2,2025-01-14 17:17:13,2025-01-14 17:32:01,,0.0,,,232,113,0,12.13,0.0,0.5,0.0,0.0,1.0,16.88,,,0.75
1,2025-01-23 14:18:39,2025-01-23 14:38:37,1.0,1.7,1.0,N,263,237,1,17.7,2.5,0.5,4.34,0.0,1.0,26.04,2.5,0.0,0.0
2,2025-01-31 22:33:45,2025-01-31 23:03:42,2.0,8.52,1.0,N,132,95,2,-38.7,-1.0,-0.5,0.0,0.0,-1.0,-46.2,-2.5,-1.75,-0.75
2,2025-01-27 22:18:35,2025-01-27 22:25:46,1.0,1.55,1.0,N,229,141,1,9.3,1.0,0.5,3.01,0.0,1.0,18.06,2.5,0.0,0.75
2,2025-01-27 17:57:07,2025-01-27 18:03:23,1.0,0.98,1.0,N,239,143,1,7.9,2.5,0.5,2.0,0.0,1.0,17.15,2.5,0.0,0.75
2,2025-01-23 18:05:01,2025-01-23 18:15:34,3.0,0.75,1.0,N,162,230,1,10.0,2.5,0.5,3.45,0.0,1.0,20.7,2.5,0.0,0.75
1,2025-01-07 08:51:50,2025-01-07 08:59:21,1.0,0.8,1.0,N,237,163,1,7.9,3.25,0.5,2.0,0.0,1.0,14.65,2.5,0.0,0.75
2,2025-01-21 11:36:13,2025-01-21 11:37:04,4.0,0.17,2.0,N,132,132,1,70.0,0.0,0.5,19.61,6.94,1.0,99.8,0.0,1.75,0.0
2,2025-01-02 15:48:27,2025-01-02 15:48:59,1.0,0.01,1.0,N,75,75,4,3.0,0.0,0.5,0.0,0.0,1.0,4.5,0.0,0.0,0.0
2,2025-01-27 07:54:39,2025-01-27 08:00:32,1.0,0.88,1.0,N,170,162,1,7.2,0.0,0.5,2.39,0.0,1.0,14.34,2.5,0.0,0.75
1,2025-01-26 01:22:15,2025-01-26 01:35:23,1.0,2.7,1.0,N,114,163,1,13.5,4.25,0.5,3.85,0.0,1.0,23.1,2.5,0.0,0.75
2,2025-01-27 14:32:22,2025-01-27 14:41:41,1.0,1.1,1.0,N,107,249,1,10.0,0.0,0.5,2.95,0.0,1.0,17.7,2.5,0.0,0.75
2,2025-01-11 14:36:09,2025-01-11 14:40:48,1.0,0.81,1.0,N,239,238,1,7.2,0.0,0.5,2.8,0.0,1.0,14.0,2.5,0.0,0.0
2,2025-01-17 21:39:44,2025-01-17 21:44:56,1.0,1.02,1.0,N,236,263,1,7.2,1.0,0.5,2.44,0.0,1.0,14.64,2.5,0.0,0.0
2,2025-01-05 14:24:56,2025-01-05 14:31:43,1.0,1.52,1.0,N,90,170,1,9.3,0.0,0.5,2.81,0.0,1.0,16.86,2.5,0.0,0.75
1,2025-01-18 15:34:07,2025-01-18 16:02:30,1.0,0.0,1.0,N,138,166,1,22.6,6.75,0.5,7.55,6.94,1.0,45.34,0.0,1.75,0.0
2,2025-01-31 18:33:05,2025-01-31 18:48:37,,1.69,,,148,113,0,-4.75,0.0,0.5,0.0,0.0,1.0,3.69,,,0.75
1,2025-01-07 08:00:38,2025-01-07 08:16:11,1.0,1.9,1.0,N,186,162,1,15.6,3.25,0.5,5.0,0.0,1.0,25.35,2.5,0.0,0.75
2,2025-01-05 20:17:42,2025-01-05 20:22:48,1.0,1.2,1.0,N,90,125,1,7.9,1.0,0.5,3.41,0.0,1.0,17.06,2.5,0.0,0.75
2,2025-01-03 13:14:45,2025-01-03 13:42:17,1.0,3.48,1.0,N,236,100,1,26.1,0.0,0.5,6.02,0.0,1.0,36.12,2.5,0.0,0.0
2,2025-01-12 06:19:58,2025-01-12 06:25:31,1.0,0.81,1.0,N,48,246,1,7.2,0.0,0.5,2.39,0.0,1.0,14.34,2.5,0.0,0.75
1,2025-01-11 19:48:45,2025-01-11 20:00:14,2.0,2.1,1.0,N,140,239,1,13.5,2.5,0.5,3.5,0.0,1.0,21.0,2.5,0.0,0.0
2,2025-01-03 21:19:57,2025-01-03 21:28:31,3.0,1.51,1.0,N,162,236,1,11.4,1.0,0.5,0.0,0.0,1.0,16.4,2.5,0.0,0.0
1,2025-01-22 19:48:07,2025-01-22 19:52:38,1.0,0.5,1.0,N,48,48,1,5.8,5.75,0.5,4.0,0.0,1.0,17.05,2.5,0.0,0.75
2,2025-01-11 17:39:08,2025-01-11 17:56:09,1.0,4.84,1.0,N,234,261,2,23.3,0.0,0.5,0.0,0.0,1.0,28.05,2.5,0.0,0.75
2,2025-01-13 22:09:39,2025-01-13 22:20:11,,1.53,,,163,233,0,-4.75,0.0,0.5,0.0,0.0,1.0,1.0,,,0.75
2,2025-01-15 11:43:17,2025-01-15 11:53:53,1.0,0.95,1.0,N,48,68,1,11.4,0.0,0.5,3.23,0.0,1.0,19.38,2.5,0.0,0.75
2,2025-01-21 17:59:21,2025-01-21 18:15:33,1.0,3.67,1.0,N,231,232,1,19.8,2.5,0.5,1.0,0.0,1.0,28.05,2.5,0.0,0.75
1,2025-01-08 13:53:24,2025-01-08 14:13:08,1.0,1.6,1.0,N,163,186,1,14.2,3.25,0.5,3.75,0.0,1.0,22.7,2.5,0.0,0.75
2,2025-01-02 17:22:20,2025-01-02 17:41:20,4.0,0.91,1.0,N,100,161,1,16.3,2.5,0.5,6.84,0.0,1.0,29.64,2.5,0.0,0.0
2,2025-01-03 09:24:45,2025-01-03 09:37:13,1.0,1.77,1.0,N,229,237,1,13.5,0.0,0.5,3.5,0.0,1.0,21.0,2.5,0.0,0.0
1,2025-01-30 14:27:18,2025-01-30 14:37:54,1.0,1.1,1.0,N,140,263,1,9.3,3.25,0.5,2.8,0.0,1.0,16.85,2.5,0.0,0.75
1,2025-01-22 15:09:54,2025-01-22 15:24:37,,2.1,,,164,125,0,17.82,0.0,0.5,0.0,0.0,1.0,22.57,,,0.75
2,2025-01-19 08:55:04,2025-01-19 09:09:51,1.0,3.89,1.0,N,230,231,1,19.1,0.0,0.5,4.77,0.0,1.0,28.62,2.5,0.0,0.75
2,2025-01-15 15:13:09,2025-01-15 15:37:52,1.0,3.54,1.0,N,161,151,2,23.3,0.0,0.5,0.0,0.0,1.0,28.05,2.5,0.0,0.75
2,2025-01-03 17:11:05,2025-01-03 17:19:03,1.0,1.1,1.0,N,237,162,1,9.3,2.5,0.5,3.16,0.0,1.0,18.96,2.5,0.0,0.0
2,2025-01-17 01:16:00,2025-01-17 01:41:00,,11.62,,,249,243,0,37.82,0.0,0.5,0.0,0.0,1.0,42.57,,,0.75
2,2025-01-30 23:18:16,2025-01-30 23:24:05,3.0,0.0,1.0,N,236,141,1,6.5,1.0,0.5,2.3,0.0,1.0,13.8,2.5,0.0,0.0
2,2025-01-09 11:43:50,2025-01-09 11:52:56,1.0,1.07,1.0,N,140,237,1,10.0,0.0,0.5,1.5,0.0,1.0,15.5,2.5,0.0,0.0
2,2025-01-06 17:24:31,2025-01-06 17:40:00,2.0,2.68,1.0,N,170,231,1,16.3,2.5,0.5,4.71,0.0,1.0,28.26,2.5,0.0,0.75
2,2025-01-13 12:13:40,2025-01-13 12:22:26,1.0,3.26,1.0,N,88,232,1,15.6,0.0,0.5,3.0,0.0,1.0,23.35,2.5,0.0,0.75
1,2025-01-24 18:27:13,2025-01-24 18:41:45,,0.0,,,68,114,0,16.29,0.0,0.5,0.0,0.0,1.0,21.04,,,0.75
2,2025-01-20 11:18:40,2025-01-20 11:35:29,1.0,6.0,1.0,N,132,28,2,24.7,0.0,0.5,0.0,0.0,1.0,30.45,2.5,1.75,0.0
1,2025-01-28 17:18:36,2025-01-28 17:23:01,1.0,0.9,1.0,N,170,107,1,6.5,5.75,0.5,2.75,0.0,1.0,16.5,2.5,0.0,0.75
2,2025-01-06 17:56:20,2025-01-06 18:11:28,5.0,3.12,1.0,N,231,48,1,17.7,2.5,0.5,4.99,0.0,1.0,29.94,2.5,0.0,0.75
2,2025-01-14 13:32:42,2025-01-14 13:46:00,1.0,1.74,1.0,N,237,236,1,14.2,0.0,0.5,3.79,0.0,1.0,22.74,2.5,0.0,0.75
1,2025-01-27 19:47:06,2025-01-27 19:54:44,1.0,1.3,1.0,N,161,100,1,8.6,5.75,0.5,1.58,0.0,1.0,17.43,2.5,0.0,0.75
2,2025-01-21 13:55:57,2025-01-21 14:00:51,1.0,0.45,1.0,N,158,249,1,6.5,0.0,0.5,2.0,0.0,1.0,13.25,2.5,0.0,0.75
1,2025-01-13 09:04:14,2025-01-13 09:09:37,1.0,0.6,1.0,N,143,163,2,5.8,3.25,0.5,0.0,0.0,1.0,10.55,2.5,0.0,0.75
2,2025-01-07 19:34:12,2025-01-07 20:08:30,1.0,19.1,1.0,N,132,33,1,70.9,2.5,0.5,14.98,0.0,1.0,91.63,0.0,1.75,0.0
2,2025-01-13 06:51:11,2025-01-13 06:57:16,2.0,1.58,1.0,N,186,230,1,9.3,0.0,0.5,2.0,0.0,1.0,16.05,2.5,0.0,0.75
1,2025-01-08 16:27:43,2025-01-08 16:30:45,1.0,0.4,1.0,N,236,236,1,5.1,5.0,0.5,1.0,0.0,1.0,12.6,2.5,0.0,0.0
2,2025-01-15 17:37:59,2025-01-15 17:54:05,2.0,1.94,1.0,N,75,237,1,15.6,2.5,0.5,4.42,0.0,1.0,26.52,2.5,0.0,0.0
1,2025-01-17 10:34:19,2025-01-17 10:49:20,1.0,1.8,99.0,N,225,49,1,19.5,0.0,0.5,0.0,0.0,0.0,20.0,0.0,0.0,0.0
2,2025-01-23 03:03:54,2025-01-23 03:10:47,1.0,1.39,1.0,N,114,249,2,9.3,1.0,0.5,0.0,0.0,1.0,15.05,2.5,0.0,0.75
2,2025-01-02 16:07:37,2025-01-02 16:29:43,2.0,3.86,1.0,N,88,68,1,23.3,2.5,0.5,5.96,0.0,1.0,35.76,2.5,0.0,0.0
2,2025-01-05 13:26:43,2025-01-05 13:31:38,1.0,0.78,1.0,N,142,161,1,6.5,0.0,0.5,2.0,0.0,1.0,13.25,2.5,0.0,0.75
1,2025-01-04 23:34:43,2025-01-04 23:47:06,,1.5,,,114,234,0,12.1,1.0,0.5,2.56,0.0,1.0,19.66,,,0.0
2,2025-01-01 02:31:38,2025-01-01 03:11:03,1.0,7.55,1.0,N,234,61,1,41.5,1.0,0.5,11.62,0.0,1.0,58.12,2.5,0.0,0.0
2,2025-01-21 19:51:47,2025-01-21 20:23:21,2.0,10.34,1.0,N,132,37,1,44.3,2.5,0.5,9.66,0.0,1.0,59.71,0.0,1.75,0.0
2,2025-01-31 13:03:33,2025-01-31 13:16:48,2.0,1.6,1.0,N,161,236,1,12.8,0.0,0.5,3.51,0.0,1.0,21.06,2.5,0.0,0.75
2,2025-01-10 22:38:20,2025-01-10 23:04:10,1.0,4.21,1.0,N,234,238,1,25.4,1.0,0.5,4.67,0.0,1.0,35.82,2.5,0.0,0.75
2,2025-01-28 11:47:37,2025-01-28 12:15:21,1.0,2.16,1.0,N,234,229,1,23.3,0.0,0.5,5.61,0.0,1.0,33.66,2.5,0.0,0.75
2,2025-01-27 15:50:16,2025-01-27 16:00:11,1.0,2.32,1.0,N,239,41,1,12.1,0.0,0.5,3.22,0.0,1.0,19.32,2.5,0.0,0.0
2,2025-01-12 19:33:01,2025-01-12 19:41:55,1.0,1.54,1.0,N,125,234,1,10.7,0.0,0.5,1.0,0.0,1.0,16.45,2.5,0.0,0.75
2,2025-01-04 01:01:39,2025-01-04 01:04:04,1.0,0.56,1.0,N,230,48,2,5.1,1.0,0.5,0.0,0.0,1.0,10.1,2.5,0.0,0.0
1,2025-01-25 15:50:45,2025-01-25 16:23:45,1.0,4.0,99.0,N,71,37,1,23.5,0.0,0.5,0.0,0.0,1.0,25.0,0.0,0.0,0.0
2,2025-01-21 19:54:38,2025-01-21 20:16:12,1.0,7.56,5.0,N,138,161,1,60.0,5.0,0.0,20.0,6.94,1.0,97.94,2.5,1.75,0.75
2,2025-01-19 09:13:51,2025-01-19 09:20:50,1.0,2.08,1.0,N,75,163,1,10.7,0.0,0.5,2.94,0.0,1.0,17.64,2.5,0.0,0.0
1,2025-01-29 20:21:57,2025-01-29 20:32:05,1.0,2.7,1.0,N,162,234,1,14.9,4.25,0.5,4.1,0.0,1.0,24.75,2.5,0.0,0.75
1,2025-01-09 08:19:13,2025-01-09 08:25:06,1.0,1.4,1.0,N,48,239,1,8.6,3.25,0.5,2.65,0.0,1.0,16.0,2.5,0.0,0.75
1,2025-01-09 11:27:53,2025-01-09 11:29:24,1.0,0.3,1.0,N,80,225,2,3.7,1.0,0.5,0.0,0.0,1.0,6.2,0.0,0.0,0.0
2,2025-01-20 08:40:43,2025-01-20 08:50:21,2.0,1.68,1.0,N,162,50,1,10.7,0.0,0.5,3.09,0.0,1.0,18.54,2.5,0.0,0.75
2,2025-01-09 09:20:06,2025-01-09 09:22:26,1.0,0.46,1.0,N,90,234,1,5.1,0.0,0.5,1.97,0.0,1.0,11.82,2.5,0.0,0.75
2,2025-01-23 11:57:12,2025-01-23 12:12:34,1.0,1.25,1.0,N,230,237,1,14.2,0.0,0.5,5.68,0.0,1.0,24.63,2.5,0.0,0.75
1,2025-01-18 09:48:46,2025-01-18 09:51:13,1.0,0.3,1.0,N,236,236,1,4.4,2.5,0.5,2.0,0.0,1.0,10.4,2.5,0.0,0.0
2,2025-01-03 15:13:59,2025-01-03 15:19:02,1.0,0.58,1.0,N,43,43,1,6.5,0.0,0.5,1.0,0.0,1.0,11.5,2.5,0.0,0.0
1,2025-01-06 00:20:33,2025-01-06 00:29:24,1.0,2.1,1.0,N,137,230,1,11.4,4.25,0.5,4.3,0.0,1.0,21.45,2.5,0.0,0.75
2,2025-01-09 08:42:01,2025-01-09 08:54:23,1.0,1.63,1.0,N,90,68,1,12.8,0.0,0.5,2.63,0.0,1.0,20.18,2.5,0.0,0.75
2,2025-01-09 18:36:14,2025-01-09 18:44:36,,0.0,,,211,79,0,-4.75,0.0,0.5,0.0,0.0,1.0,5.0,,,0.75
2,2025-01-14 09:36:26,2025-01-14 09:58:17,,3.22,,,79,237,0,-4.75,0.0,0.5,0.0,0.0,1.0,8.34,,,0.75
2,2025-01-27 08:17:52,2025-01-27 08:26:36,1.0,1.18,1.0,N,142,230,1,10.0,0.0,0.5,3.69,0.0,1.0,18.44,2.5,0.0,0.75
2,2025-01-30 18:33:20,2025-01-30 18:48:44,,0.0,,,164,79,0,14.21,0.0,0.5,0.0,0.0,1.0,18.96,,,0.75
2,2025-01-07 17:21:33,2025-01-07 17:36:47,1.0,1.97,1.0,N,140,239,1,14.9,2.5,0.5,5.35,0.0,1.0,26.75,2.5,0.0,0.0
2,2025-01-07 23:24:19,2025-01-07 23:34:48,2.0,0.99,1.0,N,230,230,2,10.7,1.0,0.5,0.0,0.0,1.0,16.45,2.5,0.0,0.75
2,2025-01-18 00:47:45,2025-01-18 01:04:18,1.0,3.96,1.0,N,249,140,1,19.8,1.0,0.5,6.39,0.0,1.0,31.94,2.5,0.0,0.75
2,2025-01-19 17:47:28,2025-01-19 18:00:20,1.0,2.05,1.0,N,162,113,1,13.5,0.0,0.5,3.65,0.0,1.0,21.9,2.5,0.0,0.75
2,2025-01-23 17:31:51,2025-01-23 17:40:27,1.0,0.96,1.0,N,237,163,1,9.3,2.5,0.5,3.31,0.0,1.0,19.86,2.5,0.0,0.75
1,2025-01-30 07:11:55,2025-01-30 08:22:10,1.0,8.9,99.0,N,76,209,1,33.5,0.0,0.5,0.0,0.0,0.0,34.0,0.0,0.0,0.0
2,2025-01-15 14:45:54,2025-01-15 15:04:08,2.0,5.63,1.0,N,170,13,1,26.8,0.0,0.5,6.31,0.0,1.0,37.86,2.5,0.0,0.75
1,2025-01-20 15:50:15,2025-01-20 15:58:10,1.0,1.2,1.0,N,43,237,1,9.3,2.5,0.5,1.5,0.0,1.0,14.8,2.5,0.0,0.0
2,2025-01-07 19:23:16,2025-01-07 19:27:31,1.0,0.52,1.0,N,79,148,1,5.8,2.5,0.5,2.61,0.0,1.0,15.66,2.5,0.0,0.75
2,2025-01-06 08:20:11,2025-01-06 08:34:55,1.0,3.13,1.0,N,140,164,1,17.7,0.0,0.5,4.49,0.0,1.0,26.94,2.5,0.0,0.75
2,2025-01-23 23:54:00,2025-01-24 00:19:57,1.0,5.52,1.0,N,113,17,1,28.9,1.0,0.5,1.0,0.0,1.0,35.65,2.5,0.0,0.75
2,2025-01-05 03:18:31,2025-01-05 03:27:51,1.0,1.39,1.0,N,79,249,1,10.7,1.0,0.5,3.29,0.0,1.0,19.74,2.5,0.0,0.75
2,2025-01-01 16:54:38,2025-01-01 17:03:03,4.0,1.11,1.0,N,143,230,1,9.3,0.0,0.5,1.0,0.0,1.0,14.3,2.5,0.0,0.0
2,2025-01-11 18:42:13,2025-01-11 18:58:01,,4.76,,,88,234,0,20.82,0.0,0.5,0.0,0.0,1.0,25.57,,,0.75
2,2025-01-11 15:27:10,2025-01-11 16:00:24,1.0,10.75,1.0,N,97,75,1,48.5,0.0,0.5,13.12,0.0,1.0,65.62,2.5,0.0,0.0
2,2025-01-30 05:58:56,2025-01-30 06:35:13,2.0,15.83,2.0,N,132,170,1,70.0,0.0,0.5,20.42,6.94,1.0,103.86,2.5,1.75,0.75
1,2025-01-14 08:53:44,2025-01-14 09:39:49,1.0,9.7,5.0,N,138,162,1,52.0,6.75,0.0,13.35,6.94,1.0,80.04,0.0,1.75,0.0
2,2025-01-05 16:10:53,2025-01-05 16:39:16,1.0,3.22,1.0,N,230,211,2,25.4,0.0,0.5,0.0,0.0,1.0,30.15,2.5,0.0,0.75
2,2025-01-23 03:57:56,2025-01-23 04:12:46,2.0,5.25,1.0,N,137,217,2,24.7,1.0,0.5,0.0,0.0,1.0,30.45,2.5,0.0,0.75
2,2025-01-08 18:29:49,2025-01-08 18:32:37,1.0,0.64,1.0,N,24,238,1,5.1,2.5,0.5,1.82,0.0,1.0,10.92,0.0,0.0,0.0
2,2025-01-22 19:59:05,2025-01-22 20:01:47,1.0,0.43,1.0,N,162,237,2,5.1,2.5,0.5,0.0,0.0,1.0,12.35,2.5,0.0,0.75
2,2025-01-26 12:50:08,2025-01-26 12:56:51,1.0,0.99,1.0,N,114,79,1,7.9,0.0,0.5,2.53,0.0,1.0,15.18,2.5,0.0,0.75
2,2025-01-29 15:42:28,2025-01-29 15:48:09,2.0,1.75,1.0,N,132,132,1,10.0,0.0,0.5,0.02,0.0,1.0,13.27,0.0,1.75,0.0
2,2025-01-02 22:01:51,2025-01-02 22:11:20,1.0,1.79,1.0,N,236,238,1,11.4,1.0,0.5,1.75,0.0,1.0,18.15,2.5,0.0,0.0
2,2025-01-11 12:08:35,2025-01-11 12:20:56,2.0,1.91,1.0,N,142,238,1,14.2,0.0,0.5,2.73,0.0,1.0,20.93,2.5,0.0,0.0
2,2025-01-09 05:43:29,2025-01-09 05:58:07,1.0,2.94,1.0,N,238,140,1,17.0,1.0,0.5,2.0,0.0,1.0,24.0,2.5,0.0,0.0
2,2025-01-08 07:34:31,2025-01-08 07:50:25,1.0,3.55,1.0,N,151,237,1,19.1,0.0,0.5,5.0,0.0,1.0,28.85,2.5,0.0,0.75
2,2025-01-20 19:52:00,2025-01-20 20:01:04,1.0,1.01,1.0,N,164,233,1,10.0,0.0,0.5,0.0,0.0,1.0,14.75,2.5,0.0,0.75
2,2025-01-13 18:19:26,2025-01-13 18:35:32,1.0,2.27,1.0,N,237,239,1,16.3,2.5,0.5,4.56,0.0,1.0,27.36,2.5,0.0,0.0
2,2025-01-06 14:08:52,2025-01-06 14:21:03,1.0,1.39,1.0,N,141,263,1,12.1,0.0,0.5,3.22,0.0,1.0,19.32,2.5,0.0,0.0
2,2025-01-25 00:07:11,2025-01-25 00:12:30,2.0,0.97,1.0,N,90,246,1,7.2,1.0,0.5,1.0,0.0,1.0,13.95,2.5,0.0,0.75
2,2025-01-04 20:24:35,2025-01-04 20:48:13,2.0,3.65,1.0,N,161,231,1,23.3,1.0,0.5,8.49,0.0,1.0,36.79,2.5,0.0,0.0
2,2025-01-24 11:05:12,2025-01-24 11:24:13,2.0,2.52,1.0,N,246,211,1,17.7,0.0,0.5,4.49,0.0,1.0,26.94,2.5,0.0,0.75
2,2025-01-23 09:16:39,2025-01-23 09:21:34,1.0,0.79,1.0,N,263,141,1,6.5,0.0,0.5,2.1,0.0,1.0,12.6,2.5,0.0,0.0
2,2025-01-20 15:08:31,2025-01-20 15:28:29,,2.63,,,68,161,0,-4.75,0.0,0.5,0.0,0.0,1.0,2.16,,,0.75
2,2025-01-16 00:12:04,2025-01-16 00:23:48,1.0,1.01,1.0,N,161,170,3,-11.4,-1.0,-0.5,0.0,0.0,-1.0,-17.15,-2.5,0.0,0.0
2,2025-01-27 21:03:14,2025-01-27 21:06:31,1.0,0.9,1.0,N,140,140,1,5.8,1.0,0.5,2.16,0.0,1.0,12.96,2.5,0.0,0.0
1,2025-01-12 11:03:00,2025-01-12 11:08:32,1.0,0.7,1.0,N,90,107,1,5.8,3.25,0.5,2.1,0.0,1.0,12.65,2.5,0.0,0.75
2,2025-01-10 09:13:30,2025-01-10 09:36:42,1.0,3.91,1.0,N,239,107,1,23.3,0.0,0.5,1.5,0.0,1.0,29.55,2.5,0.0,0.75
2,2025-01-16 17:36:50,2025-01-16 18:02:17,1.0,4.45,1.0,N,230,231,1,26.1,2.5,0.5,6.67,0.0,1.0,40.02,2.5,0.0,0.75
2,2025-01-28 18:44:45,2025-01-28 19:01:36,1.0,3.61,1.0,N,142,263,1,18.4,2.5,0.5,5.13,0.0,1.0,30.78,2.5,0.0,0.75
2,2025-01-29 19:32:07,2025-01-29 19:46:32,1.0,2.03,1.0,N,263,163,1,14.9,2.5,0.5,2.0,0.0,1.0,24.15,2.5,0.0,0.75
1,2025-01-13 09:34:21,2025-01-13 09:51:12,1.0,2.9,1.0,N,239,170,1,17.7,3.25,0.5,4.45,0.0,1.0,26.9,2.5,0.0,0.75
2,2025-01-17 08:44:32,2025-01-17 09:19:50,1.0,13.42,1.0,N,70,148,1,54.8,5.0,0.5,14.65,6.94,1.0,87.89,2.5,1.75,0.75
2,2025-01-12 01:20:43,2025-01-12 01:26:08,1.0,0.4,1.0,N,79,148,1,6.5,1.0,0.5,2.45,0.0,1.0,14.7,2.5,0.0,0.75
2,2025-01-24 23:13:56,2025-01-24 23:22:23,,1.07,,,107,114,0,7.68,0.0,0.5,0.0,0.0,1.0,12.43,,,0.75
2,2025-01-28 22:31:31,2025-01-28 22:40:40,3.0,1.67,1.0,N,249,231,1,10.7,1.0,0.5,3.29,0.0,1.0,19.74,2.5,0.0,0.75
2,2025-01-03 10:37:53,2025-01-03 10:42:10,1.0,1.29,1.0,N,233,141,1,7.9,0.0,0.5,2.38,0.0,1.0,14.28,2.5,0.0,0.0
1,2025-01-04 18:16:58,2025-01-04 18:26:25,2.0,1.2,1.0,N,163,237,1,10.7,2.5,0.5,2.9,0.0,1.0,17.6,2.5,0.0,0.0
2,2025-01-16 16:44:27,2025-01-16 16:56:20,1.0,0.99,1.0,N,162,230,1,11.4,2.5,0.5,3.73,0.0,1.0,22.38,2.5,0.0,0.75
2,2025-01-31 07:55:47,2025-01-31 08:14:13,,2.53,,,239,161,0,-4.75,0.0,0.5,0.0,0.0,1.0,6.31,,,0.75
2,2025-01-28 22:35:41,2025-01-28 22:40:27,2.0,0.96,1.0,N,90,246,1,7.2,1.0,0.5,2.59,0.0,1.0,15.54,2.5,0.0,0.75
2,2025-01-02 19:00:03,2025-01-02 19:16:47,1.0,2.95,1.0,N,246,237,1,17.7,2.5,0.5,4.84,0.0,1.0,29.04,2.5,0.0,0.0
1,2025-01-03 11:09:57,2025-01-03 11:37:31,1.0,10.5,1.0,N,138,239,2,42.2,9.25,0.5,0.0,6.94,1.0,59.89,2.5,1.75,0.0
2,2025-01-18 19:20:04,2025-01-18 19:32:57,1.0,1.75,1.0,N,246,48,2,13.5,0.0,0.5,0.0,0.0,1.0,18.25,2.5,0.0,0.75
2,2025-01-01 06:35:46,2025-01-01 07:07:47,1.0,12.05,1.0,N,48,138,1,50.6,5.0,0.5,0.0,6.94,1.0,66.54,2.5,0.0,0.0
2,2025-01-19 14:04:10,2025-01-19 14:16:48,,0.0,,,125,107,0,12.96,0.0,0.5,3.54,0.0,1.0,21.25,,,0.75
2,2025-01-25 00:10:48,2025-01-25 00:36:33,,14.27,,,87,127,0,39.49,0.0,0.5,0.0,0.0,1.0,44.24,,,0.75
2,2025-01-16 18:57:35,2025-01-16 19:21:13,1.0,2.92,1.0,N,43,113,1,21.2,2.5,0.5,4.5,0.0,1.0,32.95,2.5,0.0,0.75
2,2025-01-22 10:17:08,2025-01-22 10:32:57,1.0,2.59,1.0,N,263,163,2,16.3,0.0,0.5,0.0,0.0,1.0,21.05,2.5,0.0,0.75
2,2025-01-12 16:33:18,2025-01-12 16:48:15,1.0,2.72,1.0,N,158,161,1,15.6,0.0,0.5,4.07,0.0,1.0,24.42,2.5,0.0,0.75
2,2025-01-18 02:27:05,2025-01-18 02:51:22,,9.44,,,146,53,0,31.56,0.0,0.5,0.0,0.0,1.0,33.06,,,0.0
2,2025-01-31 20:58:30,2025-01-31 21:03:48,1.0,0.85,1.0,N,163,161,1,7.2,1.0,0.5,2.59,0.0,1.0,15.54,2.5,0.0,0.75
1,2025-01-24 21:24:12,2025-01-24 21:33:33,1.0,1.3,1.0,N,249,211,1,10.0,4.25,0.5,2.36,0.0,1.0,18.11,2.5,0.0,0.75
2,2025-01-15 21:43:33,2025-01-15 21:55:25,1.0,2.84,1.0,N,170,263,1,14.9,1.0,0.5,4.13,0.0,1.0,24.78,2.5,0.0,0.75
2,2025-01-24 07:37:27,2025-01-24 08:04:55,,4.09,,,114,236,0,27.88,0.0,0.5,1.63,0.0,1.0,34.26,,,0.75
2,2025-01-14 14:47:44,2025-01-14 14:52:12,1.0,0.75,1.0,N,144,4,1,6.5,0.0,0.5,2.25,0.0,1.0,13.5,2.5,0.0,0.75
2,2025-01-31 17:13:52,2025-01-31 17:19:03,1.0,0.72,1.0,N,43,236,1,6.5,2.5,0.5,1.95,0.0,1.0,14.95,2.5,0.0,0.0
2,2025-01-21 17:18:49,2025-01-21 17:30:20,1.0,1.01,1.0,N,186,107,1,11.4,2.5,0.5,0.0,0.0,1.0,18.65,2.5,0.0,0.75
2,2025-01-16 18:12:28,2025-01-16 18:18:37,1.0,0.87,1.0,N,162,233,1,7.9,2.5,0.5,3.79,0.0,1.0,18.94,2.5,0.0,0.75
2,2025-01-28 08:20:51,2025-01-28 08:29:40,1.0,1.19,1.0,N,237,161,1,10.0,0.0,0.5,2.21,0.0,1.0,16.96,2.5,0.0,0.75
2,2025-01-16 19:57:42,2025-01-16 20:11:13,1.0,1.54,1.0,N,161,68,1,12.8,2.5,0.5,4.01,0.0,1.0,24.06,2.5,0.0,0.75
2,2025-01-18 23:08:14,2025-01-18 23:14:38,4.0,1.61,1.0,N,230,142,2,10.0,1.0,0.5,0.0,0.0,1.0,15.75,2.5,0.0,0.75
2,2025-01-07 21:25:26,2025-01-07 21:50:44,1.0,6.74,1.0,N,113,166,1,32.4,1.0,0.5,7.63,0.0,1.0,45.78,2.5,0.0,0.75
1,2025-01-15 22:02:10,2025-01-15 22:13:29,1.0,2.4,1.0,N,163,263,1,14.2,4.25,0.5,2.0,0.0,1.0,21.95,2.5,0.0,0.75
2,2025-01-31 19:28:33,2025-01-31 20:02:23,,3.8,,,230,148,0,27.68,0.0,0.5,0.0,0.0,1.0,32.43,,,0.75
2,2025-01-03 16:18:07,2025-01-03 16:36:11,4.0,1.37,1.0,N,161,230,1,15.6,2.5,0.5,4.42,0.0,1.0,26.52,2.5,0.0,0.0
2,2025-01-07 16:45:13,2025-01-07 17:07:49,1.0,6.83,1.0,N,144,236,1,32.4,2.5,0.5,9.91,0.0,1.0,49.56,2.5,0.0,0.75
1,2025-01-02 06:59:37,2025-01-02 07:06:32,1.0,1.5,1.0,N,141,263,1,8.6,2.5,0.5,2.5,0.0,1.0,15.1,2.5,0.0,0.0
2,2025-01-12 21:32:50,2025-01-12 21:36:51,2.0,1.07,1.0,N,237,236,1,7.2,1.0,0.5,2.44,0.0,1.0,14.64,2.5,0.0,0.0
1,2025-01-19 10:18:58,2025-01-19 10:22:46,0.0,0.3,1.0,N,237,237,1,5.8,2.5,0.5,1.0,0.0,1.0,10.8,2.5,0.0,0.0
1,2025-01-07 17:52:20,2025-01-07 17:59:30,1.0,0.8,1.0,N,263,236,2,7.9,5.0,0.5,0.0,0.0,1.0,14.4,2.5,0.0,0.0
1,2025-01-19 14:02:23,2025-01-19 14:19:22,,2.8,,,140,68,0,19.07,0.0,0.5,0.0,0.0,1.0,23.82,,,0.75
2,2025-01-26 14:02:16,2025-01-26 14:05:22,1.0,0.73,1.0,N,141,140,1,5.8,0.0,0.5,1.96,0.0,1.0,11.76,2.5,0.0,0.0
2,2025-01-10 19:51:07,2025-01-10 19:51:12,2.0,0.0,5.0,N,224,224,1,35.0,0.0,0.0,2.0,0.0,1.0,41.25,2.5,0.0,0.75
2,2025-01-24 23:57:55,2025-01-25 00:11:40,1.0,3.24,1.0,N,233,239,1,17.0,1.0,0.5,4.55,0.0,1.0,27.3,2.5,0.0,0.75
2,2025-01-06 06:16:00,2025-01-06 06:21:18,1.0,0.98,1.0,N,68,186,1,7.9,0.0,0.5,2.53,0.0,1.0,15.18,2.5,0.0,0.75
2,2025-01-03 18:09:35,2025-01-03 18:37:04,1.0,2.76,1.0,N,162,79,1,24.0,2.5,0.5,6.1,0.0,1.0,36.6,2.5,0.0,0.0
2,2025-01-04 13:40:52,2025-01-04 13:48:47,1.0,0.96,1.0,N,229,43,2,8.6,0.0,0.5,0.0,0.0,1.0,12.6,2.5,0.0,0.0
1,2025-01-31 18:59:51,2025-01-31 19:11:21,1.0,1.9,1.0,N,249,137,2,12.8,5.75,0.5,0.0,0.0,1.0,20.05,2.5,0.0,0.75
2,2025-01-04 23:53:38,2025-01-05 00:03:36,1.0,1.4,1.0,N,262,239,4,11.4,1.0,0.5,0.0,0.0,1.0,16.4,2.5,0.0,0.0
1,2025-01-24 20:37:51,2025-01-24 21:11:14,1.0,17.2,2.0,N,132,162,1,70.0,5.0,0.5,16.7,6.94,1.0,100.14,2.5,1.75,0.75
2,2025-01-05 11:58:13,2025-01-05 12:06:38,2.0,0.9,1.0,N,166,41,4,-9.3,0.0,-0.5,0.0,0.0,-1.0,-10.8,0.0,0.0,0.0
2,2025-01-10 08:52:53,2025-01-10 09:01:36,1.0,1.04,1.0,N,239,238,1,9.3,0.0,0.5,2.66,0.0,1.0,15.96,2.5,0.0,0.0
2,2025-01-19 00:11:38,2025-01-19 00:15:18,,0.0,,,79,79,0,12.44,0.0,0.5,0.0,0.0,1.0,17.19,,,0.75
2,2025-01-22 08:32:21,2025-01-22 09:30:57,1.0,10.44,1.0,N,138,230,1,56.9,5.0,0.5,6.0,6.94,1.0,81.34,2.5,1.75,0.75
2,2025-01-05 11:30:17,2025-01-05 11:34:28,1.0,0.67,1.0,N,114,249,1,6.5,0.0,0.5,1.0,0.0,1.0,12.25,2.5,0.0,0.75
2,2025-01-30 12:39:59,2025-01-30 12:45:07,1.0,1.02,1.0,N,74,263,4,-7.2,0.0,-0.5,0.0,0.0,-1.0,-11.2,-2.5,0.0,0.0
2,2025-01-07 19:15:24,2025-01-07 19:21:34,2.0,1.7,1.0,N,143,239,1,10.0,2.5,0.5,2.0,0.0,1.0,19.25,2.5,0.0,0.75
2,2025-01-22 08:13:36,2025-01-22 08:29:46,1.0,3.04,1.0,N,239,246,1,17.7,0.0,0.5,3.37,0.0,1.0,25.82,2.5,0.0,0.75
2,2025-01-12 19:13:17,2025-01-12 19:18:26,1.0,0.89,1.0,N,236,237,1,7.2,0.0,0.5,2.24,0.0,1.0,13.44,2.5,0.0,0.0
2,2025-01-29 16:32:03,2025-01-29 16:43:07,1.0,1.18,1.0,N,162,100,2,11.4,2.5,0.5,0.0,0.0,1.0,18.65,2.5,0.0,0.75
2,2025-01-15 12:40:45,2025-01-15 12:52:01,1.0,2.23,1.0,N,90,158,1,13.5,0.0,0.5,2.0,0.0,1.0,20.25,2.5,0.0,0.75
2,2025-01-05 17:46:34,2025-01-05 17:51:47,1.0,0.73,1.0,N,125,186,1,6.5,0.0,0.5,1.0,0.0,1.0,12.25,2.5,0.0,0.75
2,2025-01-25 21:03:42,2025-01-25 21:07:27,1.0,0.72,1.0,N,162,237,2,5.8,1.0,0.5,0.0,0.0,1.0,11.55,2.5,0.0,0.75
2,2025-01-26 17:13:02,2025-01-26 17:31:26,,3.63,,,161,238,0,21.01,0.0,0.5,0.0,0.0,1.0,25.76,,,0.75
2,2025-01-14 16:11:10,2025-01-14 16:25:48,1.0,1.22,1.0,N,161,186,1,13.5,2.5,0.5,3.25,0.0,1.0,24.0,2.5,0.0,0.75
2,2025-01-06 07:18:38,2025-01-06 07:33:08,,2.82,,,61,25,0,-1.5,0.0,0.5,0.0,0.0,1.0,4.15,,,0.0
1,2025-01-31 08:17:55,2025-01-31 08:23:11,1.0,0.6,1.0,N,164,234,1,5.8,3.25,0.5,2.1,0.0,1.0,12.65,2.5,0.0,0.75
2,2025-01-14 18:56:35,2025-01-14 19:11:37,2.0,6.71,1.0,N,70,41,1,28.2,7.5,0.5,11.04,6.94,1.0,56.93,0.0,1.75,0.0
1,2025-01-25 19:33:22,2025-01-25 19:36:38,3.0,0.2,1.0,N,142,142,1,5.1,3.25,0.5,1.95,0.0,1.0,11.8,2.5,0.0,0.75
2,2025-01-24 18:42:03,2025-01-24 18:59:57,1.0,2.37,1.0,N,163,234,1,17.0,2.5,0.5,4.85,0.0,1.0,29.1,2.5,0.0,0.75
2,2025-01-08 11:39:46,2025-01-08 12:05:15,1.0,11.55,2.0,N,138,132,1,70.0,0.0,0.5,21.45,0.0,1.0,94.7,0.0,1.75,0.0
1,2025-01-15 22:15:30,2025-01-15 22:30:33,1.0,2.6,1.0,N,151,262,1,14.9,3.5,0.5,3.95,0.0,1.0,23.85,2.5,0.0,0.0
1,2025-01-21 19:46:55,2025-01-21 20:12:53,,11.6,,,244,261,0,39.33,0.0,0.5,0.0,0.0,1.0,44.08,,,0.75
2,2025-01-31 13:10:59,2025-01-31 13:32:29,1.0,2.95,1.0,N,143,41,1,21.2,0.0,0.5,6.3,0.0,1.0,31.5,2.5,0.0,0.0
2,2025-01-08 19:27:07,2025-01-08 19:47:20,,3.68,,,107,13,0,-4.75,0.0,0.5,0.0,0.0,1.0,6.59,,,0.75
2,2025-01-28 18:52:58,2025-01-28 19:00:08,1.0,0.65,1.0,N,234,161,1,7.9,2.5,0.5,2.0,0.0,1.0,17.15,2.5,0.0,0.75
2,2025-01-31 18:09:30,2025-01-31 18:35:20,,0.0,,,144,48,0,24.77,0.0,0.5,0.0,0.0,1.0,29.52,,,0.75
2,2025-01-07 21:26:24,2025-01-07 21:26:33,2.0,0.0,2.0,N,158,158,4,70.0,0.0,0.5,0.0,0.0,1.0,74.75,2.5,0.0,0.75
2,2025-01-28 21:28:56,2025-01-28 21:41:16,,2.53,,,161,140,0,14.79,0.0,0.5,0.0,0.0,1.0,19.54,,,0.75
2,2025-01-06 14:54:19,2025-01-06 14:57:23,1.0,0.53,1.0,N,24,238,1,5.8,0.0,0.5,1.0,0.0,1.0,8.3,0.0,0.0,0.0
2,2025-01-21 20:27:21,2025-01-21 20:36:40,1.0,2.13,1.0,N,50,236,1,12.1,1.0,0.5,1.0,0.0,1.0,18.85,2.5,0.0,0.75
1,2025-01-03 11:45:24,2025-01-03 11:52:04,2.0,0.4,1.0,N,161,237,1,7.2,2.5,0.5,2.2,0.0,1.0,13.4,2.5,0.0,0.0
2,2025-01-30 20:21:20,2025-01-30 20:52:38,1.0,12.81,1.0,N,261,7,1,52.0,1.0,0.5,5.0,6.94,1.0,69.69,2.5,0.0,0.75
2,2025-01-06 14:51:54,2025-01-06 14:56:28,1.0,0.63,1.0,N,163,142,1,6.5,0.0,0.5,3.38,0.0,1.0,14.63,2.5,0.0,0.75
2,2025-01-15 19:38:58,2025-01-15 19:48:33,1.0,1.08,1.0,N,161,186,1,10.0,2.5,0.5,3.0,0.0,1.0,20.25,2.5,0.0,0.75
2,2025-01-01 12:37:17,2025-01-01 12:55:06,1.0,6.03,1.0,N,50,265,1,26.8,0.0,0.0,3.82,13.38,1.0,45.0,0.0,0.0,0.0
2,2025-01-27 19:20:58,2025-01-27 19:30:40,1.0,2.27,1.0,N,161,236,1,12.1,2.5,0.5,2.0,0.0,1.0,21.35,2.5,0.0,0.75
1,2025-01-24 18:55:38,2025-01-24 19:06:29,1.0,1.3,1.0,N,170,113,2,10.7,5.75,0.5,0.0,0.0,1.0,17.95,2.5,0.0,0.75
2,2025-01-20 18:39:02,2025-01-20 19:05:01,,5.46,,,166,249,0,29.37,0.0,0.5,0.0,0.0,1.0,34.12,,,0.75
2,2025-01-21 17:04:32,2025-01-21 17:31:35,1.0,8.77,1.0,N,138,161,1,38.7,7.5,0.5,6.0,6.94,1.0,65.64,2.5,1.75,0.75
2,2025-01-08 07:04:39,2025-01-08 07:15:05,1.0,1.0,1.0,N,229,233,2,10.7,0.0,0.5,0.0,0.0,1.0,15.45,2.5,0.0,0.75
2,2025-01-22 15:06:07,2025-01-22 15:26:46,2.0,2.56,1.0,N,161,79,1,19.8,0.0,0.5,4.0,0.0,1.0,28.55,2.5,0.0,0.75
2,2025-01-25 00:17:56,2025-01-25 00:52:50,1.0,6.2,4.0,N,141,265,1,45.0,1.0,0.0,12.36,14.06,1.0,74.17,0.0,0.0,0.75
2,2025-01-02 13:10:47,2025-01-02 13:17:51,1.0,2.21,1.0,N,141,75,2,10.7,0.0,0.5,0.0,0.0,1.0,14.7,2.5,0.0,0.0
2,2025-01-21 17:06:38,2025-01-21 17:08:33,1.0,0.12,1.0,N,142,142,2,4.4,2.5,0.5,0.0,0.0,1.0,10.9,2.5,0.0,0.0
2,2025-01-08 12:08:13,2025-01-08 12:08:39,1.0,0.0,1.0,N,193,193,1,3.0,0.0,0.5,0.0,0.0,1.0,4.5,0.0,0.0,0.0
2,2025-01-05 20:54:45,2025-01-05 21:01:40,1.0,1.64,1.0,N,163,143,1,10.0,1.0,0.5,3.15,0.0,1.0,18.9,2.5,0.0,0.75
2,2025-01-14 17:43:11,2025-01-14 17:59:53,,2.44,,,230,113,0,-4.75,0.0,0.5,0.0,0.0,1.0,5.22,,,0.75
2,2025-01-23 18:54:43,2025-01-23 18:58:42,1.0,0.48,1.0,N,79,113,1,5.8,2.5,0.5,2.61,0.0,1.0,15.66,2.5,0.0,0.75
1,2025-01-03 16:19:38,2025-01-03 16:23:02,1.0,0.6,1.0,N,48,48,2,5.8,5.0,0.5,0.0,0.0,1.0,12.3,2.5,0.0,0.0
2,2025-01-08 09:07:57,2025-01-08 09:25:13,1.0,1.23,1.0,N,142,164,1,15.6,0.0,0.5,5.09,0.0,1.0,25.44,2.5,0.0,0.75
2,2025-01-10 16:58:13,2025-01-10 17:12:38,1.0,2.68,1.0,N,161,74,1,16.3,2.5,0.5,1.0,0.0,1.0,24.55,2.5,0.0,0.75
2,2025-01-05 19:40:29,2025-01-05 20:11:46,1.0,8.4,1.0,N,237,33,1,40.8,0.0,0.5,8.96,0.0,1.0,53.76,2.5,0.0,0.0
2,2025-01-18 17:58:26,2025-01-18 18:12:23,3.0,0.79,1.0,N,186,48,4,-12.8,0.0,-0.5,0.0,0.0,-1.0,-17.55,-2.5,0.0,0.0
2,2025-01-20 13:51:09,2025-01-20 13:57:33,2.0,0.94,1.0,N,151,24,1,7.9,0.0,0.5,1.88,0.0,1.0,11.28,0.0,0.0,0.0
2,2025-01-01 20:40:35,2025-01-01 20:43:25,1.0,0.97,1.0,N,229,170,1,5.8,1.0,0.5,2.16,0.0,1.0,12.96,2.5,0.0,0.0
2,2025-01-12 12:55:04,2025-01-12 12:59:26,1.0,0.72,1.0,N,164,162,4,6.5,0.0,0.5,0.0,0.0,1.0,11.25,2.5,0.0,0.75
2,2025-01-20 18:31:15,2025-01-20 18:39:30,1.0,0.68,1.0,N,100,170,1,8.6,0.0,0.5,1.0,0.0,1.0,14.35,2.5,0.0,0.75
2,2025-01-14 20:27:11,2025-01-14 20:41:39,1.0,3.34,1.0,N,249,66,1,17.7,1.0,0.5,5.86,0.0,1.0,29.31,2.5,0.0,0.75
2,2025-01-01 22:47:40,2025-01-01 23:01:07,,3.61,,,235,32,0,-3.7,0.0,0.5,0.0,0.0,1.0,-2.2,,,0.0
2,2025-01-29 21:10:48,2025-01-29 21:33:13,,4.98,,,246,263,0,-4.75,0.0,0.5,0.0,0.0,1.0,5.69,,,0.75
2,2025-01-20 21:41:31,2025-01-20 22:16:54,2.0,17.96,2.0,N,132,79,1,70.0,0.0,0.5,16.34,6.94,1.0,99.78,2.5,1.75,0.75
1,2025-01-20 15:50:15,2025-01-20 16:16:30,1.0,9.0,1.0,N,138,164,1,37.3,10.0,0.5,11.15,6.94,1.0,66.89,2.5,1.75,0.75
2,2025-01-09 17:46:04,2025-01-09 17:59:53,1.0,2.43,1.0,N,140,161,1,15.6,2.5,0.5,3.3,0.0,1.0,26.15,2.5,0.0,0.75
2,2025-01-18 05:23:11,2025-01-18 05:36:17,2.0,2.07,1.0,N,230,68,1,14.2,1.0,0.5,1.0,0.0,1.0,20.95,2.5,0.0,0.75
1,2025-01-11 19:06:17,2025-01-11 19:16:46,1.0,3.6,1.0,N,132,215,2,16.3,0.0,0.5,0.0,0.0,1.0,17.8,0.0,0.0,0.0
2,2025-01-15 19:06:16,2025-01-15 19:09:05,1.0,0.58,1.0,N,238,142,1,5.1,2.5,0.5,2.09,0.0,1.0,13.69,2.5,0.0,0.0
2,2025-01-10 18:00:36,2025-01-10 18:04:56,1.0,0.64,1.0,N,170,234,1,6.5,2.5,0.5,2.75,0.0,1.0,16.5,2.5,0.0,0.75
2,2025-01-24 22:30:39,2025-01-24 22:45:23,,1.78,,,142,140,0,13.83,0.0,0.5,0.0,0.0,1.0,18.58,,,0.75
1,2025-01-07 21:38:41,2025-01-07 21:48:36,1.0,1.2,1.0,N,186,230,1,10.0,4.25,0.5,3.15,0.0,1.0,18.9,2.5,0.0,0.75
2,2025-01-15 08:20:14,2025-01-15 08:26:56,1.0,1.06,1.0,N,142,163,1,7.9,0.0,0.5,3.16,0.0,1.0,15.81,2.5,0.0,0.75
1,2025-01-23 12:51:15,2025-01-23 13:25:47,1.0,13.1,1.0,N,48,126,1,52.7,3.25,0.5,12.0,0.0,1.0,69.45,2.5,0.0,0.75
2,2025-01-29 11:22:09,2025-01-29 11:34:03,1.0,1.82,1.0,N,170,237,1,13.5,0.0,0.5,2.74,0.0,1.0,20.99,2.5,0.0,0.75
2,2025-01-30 18:12:56,2025-01-30 18:24:23,1.0,1.38,1.0,N,234,249,1,11.4,2.5,0.5,3.73,0.0,1.0,22.38,2.5,0.0,0.75
2,2025-01-19 01:19:40,2025-01-19 01:30:03,2.0,1.88,1.0,N,211,13,1,12.8,1.0,0.5,3.71,0.0,1.0,22.26,2.5,0.0,0.75
2,2025-01-19 14:42:57,2025-01-19 14:49:41,1.0,0.95,1.0,N,161,233,1,7.9,0.0,0.5,2.53,0.0,1.0,15.18,2.5,0.0,0.75
2,2025-01-28 14:07:10,2025-01-28 14:14:42,1.0,0.7,1.0,N,163,161,1,8.6,0.0,0.5,2.67,0.0,1.0,16.02,2.5,0.0,0.75
2,2025-01-19 23:21:51,2025-01-19 23:26:08,,0.46,,,161,161,0,13.58,0.0,0.5,3.67,0.0,1.0,22.0,,,0.75
2,2025-01-18 00:59:15,2025-01-18 01:07:32,,1.66,,,246,249,0,9.28,0.0,0.5,0.0,0.0,1.0,14.03,,,0.75
1,2025-01-11 15:23:11,2025-01-11 15:37:03,1.0,5.6,1.0,N,13,170,1,24.0,3.25,0.5,5.75,0.0,1.0,34.5,2.5,0.0,0.75
2,2025-01-30 17:20:00,2025-01-30 17:37:00,,3.98,,,66,228,0,-1.5,0.0,0.5,0.0,0.0,1.0,7.62,,,0.0
2,2025-01-07 16:57:32,2025-01-07 17:01:22,1.0,0.67,1.0,N,237,237,1,5.8,2.5,0.5,2.61,0.0,1.0,15.66,2.5,0.0,0.75
1,2025-01-08 17:38:46,2025-01-08 17:55:18,1.0,2.5,1.0,N,239,246,1,15.6,5.75,0.5,4.55,0.0,1.0,27.4,2.5,0.0,0.75
1,2025-01-24 14:23:03,2025-01-24 14:31:15,1.0,0.7,1.0,N,237,237,1,8.6,3.25,0.5,3.3,0.0,1.0,16.65,2.5,0.0,0.75
2,2025-01-17 22:23:30,2025-01-17 23:29:14,3.0,17.48,5.0,N,132,186,1,90.0,0.0,0.0,20.24,6.94,1.0,123.18,2.5,1.75,0.75
2,2025-01-20 15:46:24,2025-01-20 16:37:09,1.0,18.41,2.0,N,132,100,2,70.0,0.0,0.5,0.0,6.94,1.0,83.44,2.5,1.75,0.75
2,2025-01-26 03:08:04,2025-01-26 03:21:26,3.0,2.45,1.0,N,249,261,1,14.9,1.0,0.5,2.0,0.0,1.0,22.65,2.5,0.0,0.75
1,2025-01-10 15:06:11,2025-01-10 15:28:33,1.0,3.9,1.0,N,236,137,1,21.9,3.25,0.5,5.3,0.0,1.0,31.95,2.5,0.0,0.75
2,2025-01-31 21:48:58,2025-01-31 21:53:59,4.0,0.9,1.0,N,68,158,1,7.2,1.0,0.5,2.0,0.0,1.0,14.95,2.5,0.0,0.75
2,2025-01-11 16:52:11,2025-01-11 17:41:29,1.0,18.15,2.0,N,132,163,1,70.0,0.0,0.5,18.69,0.0,1.0,95.19,2.5,1.75,0.75
2,2025-01-28 12:57:59,2025-01-28 13:08:55,1.0,1.24,1.0,N,164,79,2,11.4,0.0,0.5,0.0,0.0,1.0,16.15,2.5,0.0,0.75
1,2025-01-31 05:15:42,2025-01-31 05:20:37,1.0,0.7,1.0,N,263,140,1,5.8,3.5,0.5,2.7,0.0,1.0,13.5,2.5,0.0,0.0
1,2025-01-14 21:18:38,2025-01-14 21:34:33,1.0,2.8,1.0,N,114,264,1,17.0,4.25,0.5,4.5,0.0,1.0,27.25,2.5,0.0,0.75
1,2025-01-19 10:43:51,2025-01-19 10:47:05,1.0,0.6,1.0,N,140,140,1,5.8,3.25,0.5,2.1,0.0,1.0,12.65,2.5,0.0,0.75
2,2025-01-30 21:44:08,2025-01-30 22:31:22,2.0,17.77,2.0,N,132,68,1,70.0,0.0,0.5,16.34,6.94,1.0,99.78,2.5,1.75,0.75
2,2025-01-28 18:47:23,2025-01-28 19:05:03,1.0,2.22,1.0,N,161,114,1,16.3,2.5,0.5,4.71,0.0,1.0,28.26,2.5,0.0,0.75
1,2025-01-04 13:08:27,2025-01-04 13:14:21,,1.6,,,239,24,0,8.6,0.0,0.5,1.89,0.0,1.0,14.49,,,0.0
2,2025-01-18 23:00:24,2025-01-18 23:18:52,3.0,4.37,1.0,N,186,166,1,21.9,1.0,0.5,8.29,0.0,1.0,35.94,2.5,0.0,0.75
2,2025-01-20 15:29:41,2025-01-20 16:15:17,1.0,26.9,1.0,N,132,33,1,98.9,0.0,0.5,20.08,0.0,1.0,122.23,0.0,1.75,0.0
1,2025-01-03 07:15:36,2025-01-03 07:23:10,1.0,1.3,1.0,N,237,236,1,9.3,2.5,0.5,2.65,0.0,1.0,15.95,2.5,0.0,0.0
2,2025-01-29 09:07:59,2025-01-29 09:19:58,1.0,1.6,1.0,N,239,163,2,12.1,0.0,0.5,0.0,0.0,1.0,16.85,2.5,0.0,0.75
2,2025-01-29 20:18:09,2025-01-29 20:40:02,1.0,12.09,1.0,N,138,87,1,47.1,6.0,0.5,0.0,0.0,1.0,59.6,2.5,1.75,0.75
2,2025-01-08 14:44:51,2025-01-08 14:52:50,2.0,1.07,1.0,N,163,143,1,9.3,0.0,0.5,4.21,0.0,1.0,18.26,2.5,0.0,0.75
2,2025-01-01 18:32:22,2025-01-01 18:43:04,,2.06,,,68,107,0,0.28,0.0,0.5,0.0,0.0,1.0,4.28,,,0.0
2,2025-01-31 17:45:31,2025-01-31 18:07:34,,3.29,,,90,87,0,21.32,0.0,0.5,0.0,0.0,1.0,26.07,,,0.75
2,2025-01-19 18:24:22,2025-01-19 18:44:08,3.0,2.86,1.0,N,230,79,1,19.1,0.0,0.5,4.77,0.0,1.0,28.62,2.5,0.0,0.75
2,2025-01-01 03:19:49,2025-01-01 03:31:47,1.0,2.02,1.0,N,239,238,1,13.5,1.0,0.5,4.62,0.0,1.0,23.12,2.5,0.0,0.0
2,2025-01-01 07:28:44,2025-01-01 07:37:16,,3.04,,,140,170,0,-2.24,0.0,0.5,0.0,0.0,1.0,1.76,,,0.0
2,2025-01-26 10:53:56,2025-01-26 11:20:05,1.0,3.43,1.0,N,233,246,1,24.7,0.0,0.5,2.0,0.0,1.0,31.45,2.5,0.0,0.75
1,2025-01-27 07:40:03,2025-01-27 07:45:17,1.0,0.8,1.0,N,43,161,1,7.2,3.25,0.5,0.0,0.0,1.0,11.95,2.5,0.0,0.75
2,2025-01-05 20:05:27,2025-01-05 20:20:03,1.0,2.74,1.0,N,236,230,1,15.6,0.0,0.5,7.0,0.0,1.0,27.35,2.5,0.0,0.75
1,2025-01-18 21:50:27,2025-01-18 21:59:08,1.0,1.3,1.0,N,142,237,1,8.6,3.5,0.5,2.0,0.0,1.0,15.6,2.5,0.0,0.0
2,2025-01-14 09:04:34,2025-01-14 09:08:10,1.0,0.44,1.0,N,107,234,1,5.8,0.0,0.5,2.11,0.0,1.0,12.66,2.5,0.0,0.75
1,2025-01-09 16:00:43,2025-01-09 16:13:41,1.0,1.4,1.0,N,237,229,1,12.8,5.75,0.5,6.0,0.0,1.0,26.05,2.5,0.0,0.75
2,2025-01-18 15:38:32,2025-01-18 15:48:14,2.0,1.44,1.0,N,236,238,1,11.4,0.0,0.5,3.08,0.0,1.0,18.48,2.5,0.0,0.0
2,2025-01-10 08:29:34,2025-01-10 08:40:29,1.0,1.7,1.0,N,239,48,1,12.1,0.0,0.5,2.53,0.0,1.0,19.38,2.5,0.0,0.75
2,2025-01-24 13:11:04,2025-01-24 13:19:07,1.0,1.05,1.0,N,142,162,1,9.3,0.0,0.5,3.33,0.0,1.0,16.63,2.5,0.0,0.0
2,2025-01-09 15:47:44,2025-01-09 16:45:59,6.0,18.92,2.0,N,132,166,1,70.0,0.0,0.5,10.0,6.94,1.0,90.19,0.0,1.75,0.0
2,2025-01-08 10:23:34,2025-01-08 10:28:12,1.0,0.68,1.0,N,113,234,1,6.5,0.0,0.5,2.25,0.0,1.0,13.5,2.5,0.0,0.75
2,2025-01-16 09:35:41,2025-01-16 10:15:18,2.0,12.55,1.0,N,138,230,1,56.9,5.0,0.5,15.07,6.94,1.0,90.41,2.5,1.75,0.75
2,2025-01-27 17:43:19,2025-01-27 18:03:45,1.0,4.26,1.0,N,170,7,2,22.6,2.5,0.5,0.0,0.0,1.0,29.85,2.5,0.0,0.75
1,2025-01-05 14:47:31,2025-01-05 14:56:22,2.0,1.3,1.0,N,141,142,1,10.0,3.25,0.5,2.21,0.0,1.0,16.96,2.5,0.0,0.75
2,2025-01-11 22:33:27,2025-01-11 22:40:23,1.0,1.06,1.0,N,186,246,1,8.6,1.0,0.5,0.0,0.0,1.0,14.35,2.5,0.0,0.75
2,2025-01-30 20:32:40,2025-01-30 20:59:51,1.0,9.17,1.0,N,138,230,2,40.8,6.0,0.5,0.0,6.94,1.0,60.24,2.5,1.75,0.75
2,2025-01-16 18:03:21,2025-01-16 18:22:54,,2.68,,,234,162,0,21.53,0.0,0.5,0.0,0.0,1.0,26.28,,,0.75
2,2025-01-20 15:47:54,2025-01-20 15:50:11,1.0,0.5,1.0,N,237,237,1,5.1,0.0,0.5,1.82,0.0,1.0,10.92,2.5,0.0,0.0
2,2025-01-23 08:55:26,2025-01-23 09:09:56,1.0,1.75,1.0,N,236,140,1,14.2,0.0,0.5,4.55,0.0,1.0,22.75,2.5,0.0,0.0
2,2025-01-26 09:50:12,2025-01-26 10:02:35,1.0,3.11,1.0,N,161,75,1,15.6,0.0,0.5,4.07,0.0,1.0,24.42,2.5,0.0,0.75
2,2025-01-31 16:18:29,2025-01-31 16:34:41,1.0,6.88,1.0,N,138,74,1,28.2,7.5,0.5,8.83,6.94,1.0,54.72,0.0,1.75,0.0
2,2025-01-12 15:25:37,2025-01-12 15:35:59,1.0,2.28,1.0,N,246,239,1,14.2,0.0,0.5,1.9,0.0,1.0,20.85,2.5,0.0,0.75
2,2025-01-08 21:56:37,2025-01-08 22:04:59,2.0,1.17,1.0,N,100,162,1,9.3,1.0,0.5,1.5,0.0,1.0,16.55,2.5,0.0,0.75
1,2025-01-08 08:11:31,2025-01-08 08:24:11,,1.5,,,157,198,0,11.43,0.0,0.5,0.0,0.0,1.0,12.93,,,0.0
2,2025-01-30 06:52:08,2025-01-30 07:00:54,1.0,1.54,1.0,N,161,137,2,10.7,0.0,0.5,0.0,0.0,1.0,15.45,2.5,0.0,0.75
2,2025-01-31 17:14:20,2025-01-31 17:26:32,1.0,1.83,1.0,N,140,236,1,13.5,2.5,0.5,4.0,0.0,1.0,24.0,2.5,0.0,0.0
2,2025-01-11 14:23:13,2025-01-11 14:29:31,2.0,1.58,1.0,N,230,246,2,8.6,0.0,0.5,0.0,0.0,1.0,13.35,2.5,0.0,0.75
1,2025-01-25 22:36:08,2025-01-25 22:50:02,1.0,1.8,1.0,N,142,140,2,12.8,3.5,0.5,0.0,0.0,1.0,17.8,2.5,0.0,0.0
2,2025-01-14 18:47:33,2025-01-14 18:56:25,1.0,1.94,1.0,N,263,233,1,11.4,2.5,0.5,3.73,0.0,1.0,22.38,2.5,0.0,0.75
2,2025-01-14 06:46:54,2025-01-14 06:56:05,1.0,2.33,1.0,N,158,90,1,12.1,0.0,0.5,3.37,0.0,1.0,20.22,2.5,0.0,0.75
2,2025-01-24 17:01:16,2025-01-24 17:12:19,2.0,1.77,1.0,N,161,236,1,12.8,0.0,0.5,2.52,0.0,1.0,19.32,2.5,0.0,0.0
2,2025-01-12 13:07:52,2025-01-12 13:20:05,1.0,2.16,1.0,N,230,140,3,-13.5,0.0,-0.5,0.0,0.0,-1.0,-18.25,-2.5,0.0,0.0
2,2025-01-08 19:02:48,2025-01-08 19:07:37,3.0,0.71,1.0,N,263,262,1,6.5,2.5,0.5,3.9,0.0,1.0,16.9,2.5,0.0,0.0
2,2025-01-05 21:31:30,2025-01-05 21:37:38,1.0,1.22,1.0,N,68,107,1,8.6,1.0,0.5,2.87,0.0,1.0,17.22,2.5,0.0,0.75
2,2025-01-10 19:44:55,2025-01-10 19:53:09,1.0,0.72,1.0,N,100,233,4,8.6,2.5,0.5,0.0,0.0,1.0,15.85,2.5,0.0,0.75
2,2025-01-19 03:48:09,2025-01-19 03:58:20,1.0,2.5,1.0,N,79,186,1,13.5,1.0,0.5,3.85,0.0,1.0,23.1,2.5,0.0,0.75
1,2025-01-26 09:04:56,2025-01-26 09:11:07,1.0,3.0,1.0,N,107,140,1,13.5,3.25,0.5,0.0,0.0,1.0,18.25,2.5,0.0,0.75
2,2025-01-07 14:09:53,2025-01-07 14:20:00,1.0,1.71,1.0,N,163,234,1,12.1,0.0,0.5,1.0,0.0,1.0,17.85,2.5,0.0,0.75
2,2025-01-20 10:54:16,2025-01-20 11:18:34,1.0,10.82,1.0,N,162,138,1,45.0,5.0,0.5,12.34,6.94,1.0,74.03,2.5,0.0,0.75
2,2025-01-30 16:54:19,2025-01-30 17:04:33,,2.26,,,125,68,0,14.99,0.0,0.5,0.0,0.0,1.0,19.74,,,0.75
2,2025-01-21 22:35:00,2025-01-21 22:50:00,,3.25,,,234,261,0,15.65,0.0,0.5,0.0,0.0,1.0,20.4,,,0.75
1,2025-01-26 14:29:45,2025-01-26 14:46:14,1.0,2.8,1.0,N,158,230,1,16.3,3.25,0.5,4.2,0.0,1.0,25.25,2.5,0.0,0.75
2,2025-01-30 09:55:50,2025-01-30 10:13:22,1.0,2.75,1.0,N,162,249,1,17.7,0.0,0.5,1.0,0.0,1.0,23.45,2.5,0.0,0.75
2,2025-01-26 02:47:40,2025-01-26 02:54:06,1.0,1.93,1.0,N,141,75,1,10.0,1.0,0.5,3.75,0.0,1.0,18.75,2.5,0.0,0.0
2,2025-01-06 10:12:33,2025-01-06 10:15:52,1.0,0.53,1.0,N,170,170,4,5.1,0.0,0.5,0.0,0.0,1.0,9.85,2.5,0.0,0.75
2,2025-01-05 00:57:37,2025-01-05 01:01:41,1.0,0.99,1.0,N,114,249,1,6.5,1.0,0.5,2.0,0.0,1.0,14.25,2.5,0.0,0.75
1,2025-01-24 16:00:21,2025-01-24 16:13:23,1.0,1.1,1.0,N,161,186,1,11.4,5.75,0.5,3.35,0.0,1.0,22.0,2.5,0.0,0.75
2,2025-01-09 12:22:15,2025-01-09 12:40:22,1.0,7.08,1.0,N,132,135,1,30.3,0.0,0.5,0.0,0.0,1.0,33.55,0.0,1.75,0.0
2,2025-01-09 10:15:20,2025-01-09 10:18:02,2.0,0.32,1.0,N,237,141,1,5.1,0.0,0.5,2.0,0.0,1.0,11.1,2.5,0.0,0.0
1,2025-01-18 10:17:05,2025-01-18 10:17:16,1.0,0.0,1.0,N,212,212,2,3.0,0.0,0.5,0.0,0.0,1.0,4.5,0.0,0.0,0.0
2,2025-01-14 21:19:54,2025-01-14 21:31:36,,2.15,,,230,249,0,14.73,0.0,0.5,0.0,0.0,1.0,19.48,,,0.75
2,2025-01-25 08:35:49,2025-01-25 08:55:24,1.0,14.03,3.0,N,261,1,2,72.0,0.0,0.0,0.0,14.06,1.0,87.81,0.0,0.0,0.75
2,2025-01-08 17:50:50,2025-01-08 18:08:41,,0.0,,,238,246,0,23.88,0.0,0.5,0.0,0.0,1.0,28.63,,,0.75
1,2025-01-30 07:27:40,2025-01-30 07:35:03,1.0,1.4,1.0,N,140,162,1,9.3,3.25,0.5,1.0,0.0,1.0,15.05,2.5,0.0,0.75
2,2025-01-10 07:47:44,2025-01-10 08:59:19,5.0,21.97,1.0,N,132,25,1,91.9,0.0,0.5,19.03,0.0,1.0,114.18,0.0,1.75,0.0
1,2025-01-12 23:26:55,2025-01-12 23:34:09,1.0,1.7,1.0,N,237,143,1,10.0,3.5,0.5,0.0,0.0,1.0,15.0,2.5,0.0,0.0
2,2025-01-14 18:32:22,2025-01-14 18:56:41,1.0,2.11,1.0,N,68,162,1,20.5,2.5,0.5,5.55,0.0,1.0,33.3,2.5,0.0,0.75
2,2025-01-07 14:17:52,2025-01-07 14:38:05,1.0,2.71,1.0,N,137,43,1,19.1,0.0,0.5,4.77,0.0,1.0,28.62,2.5,0.0,0.75
2,2025-01-03 12:57:02,2025-01-03 12:59:14,1.0,0.68,1.0,N,230,163,1,5.1,0.0,0.5,1.82,0.0,1.0,10.92,2.5,0.0,0.0
2,2025-01-02 12:00:41,2025-01-02 12:11:00,1.0,1.64,1.0,N,107,161,1,11.4,0.0,0.5,1.0,0.0,1.0,16.4,2.5,0.0,0.0
2,2025-01-03 19:00:31,2025-01-03 19:44:44,2.0,11.79,1.0,N,132,181,1,54.1,2.5,0.5,11.97,0.0,1.0,71.82,0.0,1.75,0.0
2,2025-01-11 20:47:32,2025-01-11 20:52:59,1.0,1.11,1.0,N,262,140,1,7.9,1.0,0.5,1.5,0.0,1.0,14.4,2.5,0.0,0.0
2,2025-01-29 19:31:52,2025-01-29 19:41:50,1.0,1.51,1.0,N,234,79,1,10.7,2.5,0.5,3.59,0.0,1.0,21.54,2.5,0.0,0.75
2,2025-01-29 12:00:47,2025-01-29 12:25:27,1.0,5.71,1.0,N,43,68,1,30.3,0.0,0.5,7.01,0.0,1.0,42.06,2.5,0.0,0.75
2,2025-01-20 20:50:52,2025-01-20 20:55:22,1.0,1.58,1.0,N,239,24,1,8.6,1.0,0.5,1.6,0.0,1.0,15.2,2.5,0.0,0.0
2,2025-01-22 14:05:49,2025-01-22 14:23:31,,2.75,,,140,164,0,18.34,0.0,0.5,0.0,0.0,1.0,23.09,,,0.75
2,2025-01-03 21:59:06,2025-01-03 22:12:45,1.0,0.99,1.0,N,186,137,1,13.5,1.0,0.5,3.7,0.0,1.0,22.2,2.5,0.0,0.0
2,2025-01-11 16:44:49,2025-01-11 16:59:17,2.0,3.28,1.0,N,43,233,1,17.7,0.0,0.5,4.34,0.0,1.0,26.04,2.5,0.0,0.0
2,2025-01-28 12:06:50,2025-01-28 12:29:24,,4.35,,,25,89,0,29.21,0.0,0.5,0.0,0.0,1.0,30.71,,,0.0
2,2025-01-01 12:04:36,2025-01-01 12:07:40,1.0,1.17,1.0,N,141,263,2,7.2,0.0,0.5,0.0,0.0,1.0,11.2,2.5,0.0,0.0
2,2025-01-23 18:43:15,2025-01-23 18:50:22,1.0,0.96,1.0,N,170,43,1,7.9,2.5,0.5,4.54,0.0,1.0,19.69,2.5,0.0,0.75
1,2025-01-04 12:44:41,2025-01-04 12:57:11,2.0,2.1,1.0,N,13,249,1,12.8,2.5,0.5,2.22,0.0,1.0,19.02,2.5,0.0,0.0
2,2025-01-02 08:14:48,2025-01-02 08:28:49,1.0,2.05,1.0,N,229,79,1,14.2,0.0,0.5,1.0,0.0,1.0,19.2,2.5,0.0,0.0
2,2025-01-25 22:32:18,2025-01-25 22:52:59,,3.88,,,146,142,0,17.0,0.0,0.5,0.0,0.0,1.0,21.75,,,0.75
1,2025-01-01 09:04:53,2025-01-01 09:16:22,2.0,2.5,1.0,N,107,48,2,12.8,2.5,0.5,0.0,0.0,1.0,16.8,2.5,0.0,0.0
2,2025-01-26 21:53:27,2025-01-26 22:06:04,1.0,1.99,1.0,N,79,68,1,13.5,1.0,0.5,3.85,0.0,1.0,23.1,2.5,0.0,0.75
1,2025-01-14 18:52:53,2025-01-14 19:01:32,1.0,1.3,1.0,N,161,234,1,9.3,5.75,0.5,3.3,0.0,1.0,19.85,2.5,0.0,0.75
2,2025-01-11 22:24:11,2025-01-11 23:20:08,1.0,11.79,1.0,N,249,198,1,59.0,1.0,0.5,12.95,0.0,1.0,77.7,2.5,0.0,0.75
2,2025-01-30 12:16:21,2025-01-30 12:37:04,1.0,2.61,1.0,N,237,151,1,20.5,0.0,0.5,4.9,0.0,1.0,29.4,2.5,0.0,0.0
1,2025-01-16 10:15:06,2025-01-16 10:17:33,1.0,0.5,1.0,N,239,143,1,4.4,2.5,0.5,1.65,0.0,1.0,10.05,2.5,0.0,0.0
1,2025-01-12 23:18:45,2025-01-12 23:34:56,1.0,3.6,1.0,N,68,263,1,17.7,4.25,0.5,4.7,0.0,1.0,28.15,2.5,0.0,0.75
2,2025-01-09 12:13:26,2025-01-09 12:48:04,5.0,13.06,1.0,N,138,148,1,53.4,5.0,0.5,14.37,6.94,1.0,86.21,2.5,1.75,0.75
2,2025-01-14 14:04:36,2025-01-14 14:21:31,1.0,1.34,1.0,N,249,148,1,15.6,0.0,0.5,3.05,0.0,1.0,23.4,2.5,0.0,0.75
2,2025-01-31 22:37:39,2025-01-31 22:41:25,4.0,0.93,1.0,N,233,137,1,6.5,1.0,0.5,0.0,0.0,1.0,12.25,2.5,0.0,0.75
2,2025-01-10 15:47:35,2025-01-10 16:24:26,,9.59,,,140,138,0,34.33,0.0,0.5,9.05,6.94,1.0,54.32,,,0.0
2,2025-01-08 07:25:42,2025-01-08 07:53:29,1.0,9.16,1.0,N,238,138,1,42.9,5.0,0.5,8.83,6.94,1.0,67.67,2.5,0.0,0.0
2,2025-01-16 14:46:41,2025-01-16 14:56:46,2.0,1.21,1.0,N,90,234,2,10.7,0.0,0.5,0.0,0.0,1.0,15.45,2.5,0.0,0.75
2,2025-01-28 12:52:56,2025-01-28 12:59:09,1.0,0.87,1.0,N,143,163,1,7.9,0.0,0.5,2.53,0.0,1.0,15.18,2.5,0.0,0.75
2,2025-01-15 10:23:53,2025-01-15 10:38:48,1.0,1.14,1.0,N,262,229,1,14.2,0.0,0.5,1.0,0.0,1.0,19.2,2.5,0.0,0.0
2,2025-01-21 18:57:38,2025-01-21 19:03:53,1.0,0.94,1.0,N,234,249,1,7.9,2.5,0.5,3.03,0.0,1.0,18.18,2.5,0.0,0.75
2,2025-01-02 16:50:52,2025-01-02 17:30:42,2.0,15.57,1.0,N,132,16,4,-61.8,-2.5,-0.5,0.0,0.0,-1.0,-67.55,0.0,-1.75,0.0
1,2025-01-19 20:13:20,2025-01-19 20:27:09,1.0,2.4,1.0,N,237,68,1,12.8,4.25,0.5,3.7,0.0,1.0,22.25,2.5,0.0,0.75
2,2025-01-26 08:26:34,2025-01-26 08:37:06,1.0,3.02,1.0,N,238,186,1,14.9,0.0,0.5,3.93,0.0,1.0,23.58,2.5,0.0,0.75
2,2025-01-20 11:58:49,2025-01-20 12:04:19,1.0,0.84,1.0,N,163,162,1,7.2,0.0,0.5,2.39,0.0,1.0,14.34,2.5,0.0,0.75
2,2025-01-31 19:40:21,2025-01-31 19:55:21,,0.0,,,88,68,0,17.84,0.0,0.5,0.0,0.0,1.0,22.59,,,0.75
2,2025-01-03 19:04:49,2025-01-03 19:12:31,1.0,1.58,1.0,N,186,249,1,10.0,2.5,0.5,3.3,0.0,1.0,19.8,2.5,0.0,0.0
1,2025-01-01 09:29:03,2025-01-01 09:38:20,1.0,2.5,1.0,N,140,161,1,12.8,2.5,0.5,3.35,0.0,1.0,20.15,2.5,0.0,0.0
2,2025-01-29 11:22:22,2025-01-29 11:27:11,1.0,0.38,1.0,N,100,162,1,6.5,0.0,0.5,2.25,0.0,1.0,13.5,2.5,0.0,0.75
2,2025-01-25 18:08:07,2025-01-25 18:21:09,1.0,2.05,1.0,N,158,48,2,14.2,0.0,0.5,0.0,0.0,1.0,18.95,2.5,0.0,0.75
2,2025-01-14 16:48:10,2025-01-14 17:14:50,1.0,8.85,1.0,N,138,100,1,39.4,7.5,0.5,6.5,6.94,1.0,66.84,2.5,1.75,0.75
2,2025-01-12 08:07:30,2025-01-12 08:14:24,1.0,2.9,1.0,N,239,152,1,14.2,0.0,0.5,3.64,0.0,1.0,21.84,2.5,0.0,0.0
2,2025-01-15 15:49:19,2025-01-15 16:00:43,1.0,1.16,1.0,N,161,237,1,11.4,0.0,0.5,3.23,0.0,1.0,19.38,2.5,0.0,0.75
2,2025-01-29 13:33:22,2025-01-29 14:00:54,1.0,8.83,1.0,N,138,141,1,40.1,5.0,0.5,11.21,6.94,1.0,69.0,2.5,1.75,0.0
1,2025-01-01 16:05:07,2025-01-01 16:09:26,1.0,0.9,1.0,N,237,236,1,5.8,2.5,0.5,2.0,0.0,1.0,11.8,2.5,0.0,0.0
2,2025-01-18 23:01:47,2025-01-18 23:19:33,2.0,1.89,1.0,N,249,107,1,16.3,1.0,0.5,4.41,0.0,1.0,26.46,2.5,0.0,0.75
2,2025-01-09 18:07:28,2025-01-09 18:23:15,3.0,2.56,1.0,N,13,114,1,17.7,2.5,0.5,4.99,0.0,1.0,29.94,2.5,0.0,0.75
2,2025-01-07 22:03:19,2025-01-07 22:14:01,2.0,1.48,1.0,N,164,224,1,11.4,1.0,0.5,3.43,0.0,1.0,20.58,2.5,0.0,0.75
2,2025-01-07 09:35:16,2025-01-07 09:50:40,1.0,2.18,1.0,N,48,249,1,14.9,0.0,0.5,4.0,0.0,1.0,23.65,2.5,0.0,0.75
2,2025-01-01 01:34:04,2025-01-01 01:39:00,1.0,0.64,1.0,N,164,170,2,6.5,1.0,0.5,0.0,0.0,1.0,11.5,2.5,0.0,0.0
2,2025-01-26 21:55:16,2025-01-26 21:57:50,1.0,0.65,1.0,N,114,113,1,5.1,1.0,0.5,2.17,0.0,1.0,13.02,2.5,0.0,0.75
2,2025-01-31 18:46:58,2025-01-31 19:00:18,3.0,1.57,1.0,N,140,229,1,13.5,2.5,0.5,1.5,0.0,1.0,22.25,2.5,0.0,0.75
2,2025-01-30 08:54:00,2025-01-30 09:40:12,1.0,4.5,1.0,N,249,236,1,39.4,0.0,0.5,6.62,0.0,1.0,50.77,2.5,0.0,0.75
2,2025-01-17 13:54:11,2025-01-17 14:22:33,1.0,2.5,1.0,N,68,161,1,24.7,0.0,0.5,8.84,0.0,1.0,38.29,2.5,0.0,0.75
2,2025-01-14 07:49:01,2025-01-14 08:23:11,,9.29,,,95,161,0,-11.69,0.0,0.5,0.0,6.94,1.0,8.0,,,0.75
2,2025-01-06 12:03:20,2025-01-06 12:51:53,1.0,17.51,2.0,N,132,230,1,70.0,0.0,0.5,12.52,6.94,1.0,95.96,2.5,1.75,0.75
2,2025-01-22 18:09:37,2025-01-22 18:17:01,1.0,1.37,1.0,N,238,142,2,9.3,2.5,0.5,0.0,0.0,1.0,15.8,2.5,0.0,0.0
2,2025-01-31 23:57:45,2025-02-01 00:07:15,1.0,1.65,1.0,N,234,224,1,10.7,1.0,0.5,3.29,0.0,1.0,19.74,2.5,0.0,0.75
2,2025-01-28 19:27:44,2025-01-28 19:46:51,1.0,2.77,1.0,N,239,229,2,18.4,2.5,0.5,0.0,0.0,1.0,24.9,2.5,0.0,0.0
2,2025-01-20 20:35:17,2025-01-20 20:52:37,1.0,4.98,1.0,N,138,146,1,24.7,6.0,0.5,8.05,0.0,1.0,42.0,0.0,1.75,0.0
1,2025-01-27 15:29:38,2025-01-27 15:37:08,1.0,1.0,1.0,N,107,161,1,7.9,3.25,0.5,2.0,0.0,1.0,14.65,2.5,0.0,0.75
2,2025-01-01 02:31:51,2025-01-01 02:38:02,1.0,0.74,1.0,N,263,262,2,7.9,1.0,0.5,0.0,0.0,1.0,12.9,2.5,0.0,0.0
2,2025-01-21 13:53:57,2025-01-21 13:58:59,1.0,0.5,1.0,N,233,170,1,6.5,0.0,0.5,2.25,0.0,1.0,13.5,2.5,0.0,0.75
2,2025-01-07 18:30:30,2025-01-07 18:53:08,1.0,9.04,1.0,N,132,39,2,37.3,2.5,0.5,0.0,0.0,1.0,43.05,0.0,1.75,0.0
2,2025-01-12 16:41:15,2025-01-12 16:48:24,2.0,2.16,1.0,N,246,230,1,11.4,0.0,0.5,3.23,0.0,1.0,19.38,2.5,0.0,0.75
2,2025-01-02 16:03:53,2025-01-02 16:22:07,2.0,1.28,1.0,N,161,48,1,15.6,2.5,0.5,4.42,0.0,1.0,26.52,2.5,0.0,0.0
2,2025-01-04 07:05:19,2025-01-04 07:39:36,1.0,17.94,1.0,N,24,67,1,69.5,0.0,0.5,16.09,6.94,1.0,96.53,2.5,0.0,0.0
1,2025-01-16 17:03:10,2025-01-16 17:19:00,1.0,1.4,1.0,N,140,236,1,12.8,5.0,0.5,3.85,0.0,1.0,23.15,2.5,0.0,0.0
2,2025-01-25 23:01:48,2025-01-25 23:20:52,3.0,2.05,1.0,N,144,186,1,17.7,1.0,0.5,5.86,0.0,1.0,29.31,2.5,0.0,0.75
2,2025-01-25 19:08:32,2025-01-25 19:18:51,,1.53,,,234,114,0,13.91,0.0,0.5,0.0,0.0,1.0,18.66,,,0.75
1,2025-01-25 01:28:19,2025-01-25 01:39:09,1.0,1.7,1.0,N,234,48,1,10.7,4.25,0.5,1.0,0.0,1.0,17.45,2.5,0.0,0.75
2,2025-01-16 19:36:01,2025-01-16 19:36:11,1.0,0.0,5.0,N,186,186,1,15.0,0.0,0.0,3.85,0.0,1.0,23.1,2.5,0.0,0.75
2,2025-01-24 15:25:49,2025-01-24 16:25:05,1.0,14.09,1.0,N,132,188,1,67.4,0.0,0.5,13.78,0.0,1.0,84.43,0.0,1.75,0.0
1,2025-01-23 11:48:27,2025-01-23 12:16:11,2.0,1.7,1.0,N,163,100,1,17.7,3.25,0.5,5.0,0.0,1.0,27.45,2.5,0.0,0.75
2,2025-01-05 03:32:48,2025-01-05 03:53:16,1.0,5.16,1.0,N,249,61,1,26.8,1.0,0.5,8.14,0.0,1.0,40.69,2.5,0.0,0.75
1,2025-01-01 20:29:29,2025-01-01 20:35:02,1.0,0.8,1.0,N,236,75,1,7.2,3.5,0.5,2.45,0.0,1.0,14.65,2.5,0.0,0.0
1,2025-01-09 21:30:50,2025-01-09 21:43:58,1.0,2.8,1.0,N,163,262,1,14.2,4.25,0.5,4.0,0.0,1.0,23.95,2.5,0.0,0.75
1,2025-01-08 14:13:16,2025-01-08 14:19:48,1.0,0.8,1.0,N,237,264,1,7.9,2.5,0.5,1.5,0.0,1.0,13.4,2.5,0.0,0.0
2,2025-01-20 00:35:44,2025-01-20 01:00:52,1.0,11.12,1.0,N,138,143,1,45.0,6.0,0.5,12.54,6.94,1.0,76.98,2.5,1.75,0.75
1,2025-01-13 15:32:18,2025-01-13 15:44:32,1.0,1.9,1.0,N,239,236,2,13.5,5.0,0.5,0.0,0.0,1.0,20.0,2.5,0.0,0.0
1,2025-01-31 17:51:52,2025-01-31 18:03:51,1.0,1.5,1.0,N,161,141,1,12.1,5.75,0.5,3.87,0.0,1.0,23.22,2.5,0.0,0.75
2,2025-01-23 10:59:03,2025-01-23 12:12:15,2.0,23.59,2.0,N,230,132,1,70.0,0.0,0.5,14.95,0.0,1.0,89.7,2.5,0.0,0.75
1,2025-01-18 01:10:40,2025-01-18 01:12:11,1.0,0.2,1.0,N,249,249,1,3.7,4.25,0.5,1.85,0.0,1.0,11.3,2.5,0.0,0.75
1,2025-01-03 19:43:21,2025-01-03 19:55:36,1.0,2.2,1.0,N,142,263,1,12.1,5.0,0.5,4.65,0.0,1.0,23.25,2.5,0.0,0.0
2,2025-01-24 22:43:07,2025-01-24 22:52:58,1.0,0.47,1.0,N,186,230,1,10.0,1.0,0.5,0.25,0.0,1.0,16.0,2.5,0.0,0.75
2,2025-01-04 07:25:01,2025-01-04 07:42:17,2.0,9.15,1.0,N,236,138,1,37.3,5.0,0.5,9.58,6.94,1.0,62.82,2.5,0.0,0.0
2,2025-01-29 21:22:05,2025-01-29 21:51:50,,7.56,,,13,237,0,26.15,0.0,0.5,0.0,0.0,1.0,30.9,,,0.75
2,2025-01-16 20:33:19,2025-01-16 20:52:01,4.0,4.29,1.0,N,114,112,1,22.6,2.5,0.5,5.0,0.0,1.0,34.85,2.5,0.0,0.75
1,2025-01-16 21:11:30,2025-01-16 21:26:33,1.0,2.0,1.0,N,161,107,1,13.5,4.25,0.5,3.85,0.0,1.0,23.1,2.5,0.0,0.75
2,2025-01-24 21:18:06,2025-01-24 21:38:43,,3.88,,,263,166,0,21.17,0.0,0.5,0.0,0.0,1.0,25.17,,,0.0
2,2025-01-26 23:26:16,2025-01-26 23:32:33,1.0,3.26,1.0,N,138,223,1,14.2,6.0,0.5,4.34,0.0,1.0,27.79,0.0,1.75,0.0
2,2025-01-06 16:03:07,2025-01-06 16:09:57,1.0,0.84,1.0,N,170,161,1,7.9,2.5,0.5,3.03,0.0,1.0,18.18,2.5,0.0,0.75
2,2025-01-19 20:43:45,2025-01-19 21:01:09,,4.88,,,79,263,0,29.12,0.0,0.5,0.0,0.0,1.0,33.87,,,0.75
2,2025-01-14 22:25:17,2025-01-14 22:33:29,,1.91,,,68,50,0,-4.75,0.0,0.5,0.0,0.0,1.0,4.16,,,0.75
2,2025-01-15 18:33:35,2025-01-15 18:37:06,1.0,0.53,1.0,N,237,162,1,5.8,2.5,0.5,2.46,0.0,1.0,14.76,2.5,0.0,0.0
1,2025-01-17 14:47:35,2025-01-17 16:20:07,1.0,8.7,99.0,N,35,48,1,44.5,0.0,0.5,0.0,6.94,0.0,51.94,0.0,0.0,0.0
2,2025-01-31 22:34:04,2025-01-31 23:00:23,1.0,5.08,1.0,N,114,61,1,28.2,1.0,0.5,5.0,0.0,1.0,38.95,2.5,0.0,0.75
1,2025-01-26 19:35:03,2025-01-26 19:53:13,1.0,9.0,1.0,N,138,148,1,35.2,10.0,0.5,9.35,0.0,1.0,56.05,2.5,1.75,0.75
2,2025-01-12 21:19:20,2025-01-12 21:23:52,2.0,1.4,1.0,N,238,166,1,7.9,1.0,0.5,3.87,0.0,1.0,16.77,2.5,0.0,0.0
2,2025-01-22 18:09:29,2025-01-22 18:20:53,1.0,1.69,1.0,N,107,100,1,12.1,2.5,0.5,3.87,0.0,1.0,23.22,2.5,0.0,0.75
1,2025-01-14 14:40:11,2025-01-14 14:57:41,1.0,1.6,1.0,N,161,236,1,14.9,3.25,0.5,3.95,0.0,1.0,23.6,2.5,0.0,0.75
2,2025-01-30 18:26:41,2025-01-30 18:42:55,1.0,3.1,1.0,N,262,24,1,17.7,2.5,0.5,4.0,0.0,1.0,28.2,2.5,0.0,0.0
2,2025-01-03 22:02:16,2025-01-03 22:06:58,1.0,0.75,1.0,N,170,229,1,6.5,1.0,0.5,1.15,0.0,1.0,12.65,2.5,0.0,0.0
2,2025-01-03 01:12:43,2025-01-03 01:28:15,1.0,5.64,1.0,N,230,116,1,24.7,1.0,0.5,5.94,0.0,1.0,35.64,2.5,0.0,0.0
2,2025-01-02 07:30:55,2025-01-02 07:36:48,1.0,2.99,1.0,N,262,233,1,13.5,0.0,0.5,2.5,0.0,1.0,20.0,2.5,0.0,0.0
2,2025-01-10 18:43:14,2025-01-10 19:01:48,5.0,2.54,1.0,N,24,263,1,18.4,2.5,0.5,6.22,0.0,1.0,31.12,2.5,0.0,0.0
2,2025-01-19 14:35:33,2025-01-19 14:58:47,1.0,9.88,1.0,N,70,237,1,40.1,5.0,0.5,6.0,6.94,1.0,63.79,2.5,1.75,0.0
2,2025-01-30 21:38:40,2025-01-30 21:46:03,2.0,1.48,1.0,N,186,158,1,9.3,1.0,0.5,3.01,0.0,1.0,18.06,2.5,0.0,0.75
2,2025-01-13 19:16:00,2025-01-13 19:22:51,2.0,0.53,1.0,N,13,261,1,7.9,2.5,0.5,3.03,0.0,1.0,18.18,2.5,0.0,0.75
2,2025-01-07 17:40:14,2025-01-07 17:44:06,1.0,0.74,1.0,N,237,141,1,5.8,2.5,0.5,2.46,0.0,1.0,14.76,2.5,0.0,0.0
2,2025-01-23 13:40:49,2025-01-23 13:55:04,,1.82,,,37,225,0,16.23,0.0,0.5,0.0,0.0,1.0,17.73,,,0.0
2,2025-01-19 11:08:45,2025-01-19 11:19:13,1.0,2.07,1.0,N,162,164,1,12.8,0.0,0.5,3.51,0.0,1.0,21.06,2.5,0.0,0.75
2,2025-01-23 08:37:04,2025-01-23 08:44:49,1.0,0.76,1.0,N,236,236,2,8.6,0.0,0.5,0.0,0.0,1.0,12.6,2.5,0.0,0.0
2,2025-01-08 08:11:33,2025-01-08 08:20:41,1.0,1.78,1.0,N,236,161,2,11.4,0.0,0.5,0.0,0.0,1.0,16.15,2.5,0.0,0.75
2,2025-01-03 21:59:13,2025-01-03 22:20:04,1.0,4.01,1.0,N,236,113,1,22.6,1.0,0.5,6.9,0.0,1.0,34.5,2.5,0.0,0.0
1,2025-01-31 15:17:29,2025-01-31 15:25:55,1.0,1.1,1.0,N,233,237,1,9.3,3.25,0.5,2.0,0.0,1.0,16.05,2.5,0.0,0.75
2,2025-01-10 19:06:42,2025-01-10 19:18:19,6.0,1.57,1.0,N,113,137,1,12.1,2.5,0.5,3.87,0.0,1.0,23.22,2.5,0.0,0.75
2,2025-01-07 12:58:07,2025-01-07 13:01:59,2.0,0.62,1.0,N,87,45,1,5.8,0.0,0.5,0.0,0.0,1.0,10.55,2.5,0.0,0.75
2,2025-01-18 17:54:34,2025-01-18 18:06:42,,2.7,,,145,141,0,11.73,0.0,0.5,0.0,0.0,1.0,15.73,,,0.0
2,2025-01-21 17:50:56,2025-01-21 18:04:07,1.0,1.84,1.0,N,48,68,1,13.5,2.5,0.5,6.22,0.0,1.0,26.97,2.5,0.0,0.75
2,2025-01-22 08:39:15,2025-01-22 08:44:41,,0.87,,,90,68,0,22.6,0.0,0.5,0.0,0.0,1.0,27.35,,,0.75
2,2025-01-07 09:52:03,2025-01-07 10:13:23,,2.49,,,141,234,0,24.1,0.0,0.5,4.33,0.0,1.0,33.18,,,0.75
1,2025-01-02 10:41:22,2025-01-02 10:52:26,1.0,1.7,1.0,N,239,264,1,12.1,2.5,0.5,3.2,0.0,1.0,19.3,2.5,0.0,0.0
1,2025-01-07 06:48:04,2025-01-07 06:57:52,1.0,1.4,1.0,N,186,162,1,11.4,3.25,0.5,3.2,0.0,1.0,19.35,2.5,0.0,0.75
2,2025-01-22 23:53:49,2025-01-23 00:03:34,1.0,1.54,1.0,N,186,158,1,11.4,1.0,0.5,3.43,0.0,1.0,20.58,2.5,0.0,0.75
2,2025-01-10 23:30:23,2025-01-10 23:42:05,,1.17,,,249,148,0,10.63,0.0,0.5,0.0,0.0,1.0,15.38,,,0.75
2,2025-01-09 08:44:04,2025-01-09 08:49:59,1.0,0.71,1.0,N,237,162,1,7.2,0.0,0.5,2.39,0.0,1.0,14.34,2.5,0.0,0.75
2,2025-01-21 06:59:50,2025-01-21 07:06:22,1.0,1.27,1.0,N,263,141,1,8.6,0.0,0.5,2.52,0.0,1.0,15.12,2.5,0.0,0.0
2,2025-01-06 18:10:05,2025-01-06 18:36:59,1.0,12.19,1.0,N,138,79,1,47.1,7.5,0.5,13.26,6.94,1.0,81.3,2.5,1.75,0.75
2,2025-01-21 02:39:38,2025-01-21 03:14:14,2.0,0.0,2.0,N,132,236,2,70.0,0.0,0.5,0.0,0.0,1.0,75.75,2.5,1.75,0.0
2,2025-01-16 22:45:11,2025-01-16 23:04:37,,3.48,,,114,140,0,19.85,0.0,0.5,0.0,0.0,1.0,24.6,,,0.75
2,2025-01-19 10:03:44,2025-01-19 10:05:55,1.0,0.55,1.0,N,75,75,2,5.1,0.0,0.5,0.0,0.0,1.0,6.6,0.0,0.0,0.0
2,2025-01-27 18:54:28,2025-01-27 19:07:14,1.0,2.98,1.0,N,236,166,1,16.3,2.5,0.5,4.56,0.0,1.0,27.36,2.5,0.0,0.0
1,2025-01-16 22:12:56,2025-01-16 23:04:05,2.0,14.7,1.0,N,142,22,1,62.5,4.25,0.5,18.8,6.94,1.0,93.99,2.5,0.0,0.75
2,2025-01-24 03:23:08,2025-01-24 03:28:50,1.0,0.97,1.0,N,144,125,1,7.2,1.0,0.5,3.24,0.0,1.0,16.19,2.5,0.0,0.75
1,2025-01-21 12:41:48,2025-01-21 13:23:35,1.0,13.9,1.0,N,260,132,2,61.8,0.0,0.5,0.0,0.0,1.0,63.3,0.0,0.0,0.0
2,2025-01-02 13:51:38,2025-01-02 13:59:38,1.0,1.71,1.0,N,140,162,1,10.7,0.0,0.5,4.41,0.0,1.0,19.11,2.5,0.0,0.0
2,2025-01-23 18:40:44,2025-01-23 18:57:57,2.0,1.8,1.0,N,161,113,1,16.3,2.5,0.5,4.71,0.0,1.0,28.26,2.5,0.0,0.75
1,2025-01-13 10:45:22,2025-01-13 10:52:52,1.0,0.5,1.0,N,231,211,1,7.2,3.25,0.5,1.0,0.0,1.0,12.95,2.5,0.0,0.75
2,2025-01-31 22:01:32,2025-01-31 22:13:21,,2.23,,,79,229,0,-4.75,0.0,0.5,0.0,0.0,1.0,4.16,,,0.75
1,2025-01-28 17:43:34,2025-01-28 18:26:55,1.0,11.5,1.0,N,137,124,1,52.0,5.75,0.5,5.0,6.94,1.0,71.19,2.5,0.0,0.75
2,2025-01-04 14:19:41,2025-01-04 14:23:08,1.0,0.68,1.0,N,238,238,1,5.8,0.0,0.5,2.45,0.0,1.0,12.25,2.5,0.0,0.0
2,2025-01-03 17:08:23,2025-01-03 17:27:18,1.0,5.21,1.0,N,234,151,1,25.4,2.5,0.5,9.57,0.0,1.0,41.47,2.5,0.0,0.0
2,2025-01-03 11:57:14,2025-01-03 12:14:39,1.0,2.7,1.0,N,263,164,1,18.4,0.0,0.5,4.48,0.0,1.0,26.88,2.5,0.0,0.0
1,2025-01-15 09:37:00,2025-01-15 09:57:01,1.0,2.1,1.0,N,140,75,1,17.0,2.5,0.5,3.0,0.0,1.0,24.0,2.5,0.0,0.0
2,2025-01-08 06:18:13,2025-01-08 06:55:43,2.0,18.14,1.0,N,132,247,1,67.4,0.0,0.5,16.02,6.94,1.0,96.11,2.5,1.75,0.0
2,2025-01-30 10:36:02,2025-01-30 10:40:57,1.0,0.92,1.0,N,263,141,1,7.2,0.0,0.5,2.24,0.0,1.0,13.44,2.5,0.0,0.0
2,2025-01-05 14:30:43,2025-01-05 14:33:34,2.0,0.49,1.0,N,75,263,1,5.1,0.0,0.5,1.82,0.0,1.0,10.92,2.5,0.0,0.0
1,2025-01-15 11:40:13,2025-01-15 12:09:03,2.0,3.2,1.0,N,114,162,2,22.6,3.25,0.5,0.0,0.0,1.0,27.35,2.5,0.0,0.75
2,2025-01-29 07:50:54,2025-01-29 08:42:57,2.0,17.52,2.0,N,132,234,3,-70.0,0.0,-0.5,0.0,-6.94,-1.0,-83.44,-2.5,-1.75,-0.75
2,2025-01-02 01:31:23,2025-01-02 01:38:48,4.0,0.99,1.0,N,100,100,2,8.6,1.0,0.5,0.0,0.0,1.0,13.6,2.5,0.0,0.0
1,2025-01-07 08:24:12,2025-01-07 08:45:25,1.0,2.8,1.0,N,142,90,1,20.5,3.25,0.5,6.3,0.0,1.0,31.55,2.5,0.0,0.75
2,2025-01-19 05:38:18,2025-01-19 06:02:12,,8.08,,,179,36,0,-1.5,0.0,0.5,0.0,0.0,1.0,5.99,,,0.0
1,2025-01-14 15:45:23,2025-01-14 15:46:46,1.0,0.0,5.0,N,140,140,1,84.0,0.0,0.0,10.0,0.0,1.0,95.0,0.0,0.0,0.0
2,2025-01-14 18:30:28,2025-01-14 18:37:57,,0.0,,,164,249,0,-4.75,0.0,0.5,0.0,0.0,1.0,1.0,,,0.75
2,2025-01-07 18:04:58,2025-01-07 18:24:31,1.0,2.14,1.0,N,239,161,1,18.4,2.5,0.5,5.13,0.0,1.0,30.78,2.5,0.0,0.75
2,2025-01-18 00:05:21,2025-01-18 00:12:39,2.0,1.04,1.0,N,249,211,1,8.6,1.0,0.5,2.87,0.0,1.0,17.22,2.5,0.0,0.75
2,2025-01-22 19:52:48,2025-01-22 20:00:10,3.0,0.96,1.0,N,113,114,1,8.6,2.5,0.5,3.17,0.0,1.0,19.02,2.5,0.0,0.75
2,2025-01-01 03:56:08,2025-01-01 04:07:36,1.0,2.65,1.0,N,263,48,1,14.2,1.0,0.5,2.88,0.0,1.0,22.08,2.5,0.0,0.0
2,2025-01-30 12:09:55,2025-01-30 12:26:02,1.0,2.12,1.0,N,161,236,1,16.3,0.0,0.5,4.21,0.0,1.0,25.26,2.5,0.0,0.75
1,2025-01-26 13:46:43,2025-01-26 13:59:59,1.0,1.6,1.0,N,237,229,1,12.1,3.25,0.5,3.35,0.0,1.0,20.2,2.5,0.0,0.75
2,2025-01-21 22:27:26,2025-01-21 22:32:26,1.0,0.74,1.0,N,48,163,1,6.5,1.0,0.5,1.5,0.0,1.0,13.75,2.5,0.0,0.75
2,2025-01-08 07:59:57,2025-01-08 08:08:34,1.0,0.97,1.0,N,13,231,1,9.3,0.0,0.5,2.81,0.0,1.0,16.86,2.5,0.0,0.75
2,2025-01-22 20:49:04,2025-01-22 21:10:36,1.0,5.15,1.0,N,125,239,1,26.8,1.0,0.5,3.0,0.0,1.0,35.55,2.5,0.0,0.75
2,2025-01-07 21:10:01,2025-01-07 21:48:42,2.0,19.28,2.0,N,132,152,1,70.0,0.0,0.5,16.04,6.94,1.0,96.23,0.0,1.75,0.0
2,2025-01-17 23:25:23,2025-01-17 23:32:25,2.0,0.92,1.0,N,144,232,1,8.6,1.0,0.5,2.87,0.0,1.0,17.22,2.5,0.0,0.75
2,2025-01-21 16:47:21,2025-01-21 16:53:57,1.0,0.61,1.0,N,164,164,1,7.9,2.5,0.5,3.03,0.0,1.0,18.18,2.5,0.0,0.75
2,2025-01-20 13:09:06,2025-01-20 13:23:34,,2.4,,,234,237,0,14.86,0.0,0.5,0.0,0.0,1.0,19.61,,,0.75
2,2025-01-01 17:56:50,2025-01-01 18:05:46,1.0,1.41,1.0,N,161,141,1,10.0,0.0,0.5,2.8,0.0,1.0,16.8,2.5,0.0,0.0
2,2025-01-29 22:53:42,2025-01-29 22:58:26,,1.18,,,137,79,0,8.46,0.0,0.5,0.0,0.0,1.0,13.21,,,0.75
2,2025-01-23 18:14:11,2025-01-23 18:28:45,1.0,2.07,1.0,N,113,163,1,14.9,2.5,0.5,6.64,0.0,1.0,28.79,2.5,0.0,0.75
1,2025-01-13 11:18:22,2025-01-13 12:05:50,1.0,4.4,99.0,N,177,61,1,20.5,0.0,0.5,0.0,0.0,0.0,21.0,0.0,0.0,0.0
2,2025-01-08 13:21:54,2025-01-08 13:27:12,1.0,0.91,1.0,N,238,142,2,7.2,0.0,0.5,0.0,0.0,1.0,11.2,2.5,0.0,0.0
1,2025-01-26 02:12:47,2025-01-26 02:21:40,1.0,1.5,1.0,N,237,237,1,10.7,3.5,0.5,0.0,0.0,1.0,15.7,2.5,0.0,0.0
1,2025-01-30 15:54:09,2025-01-30 16:14:29,1.0,2.2,1.0,N,237,239,1,17.7,3.25,0.5,4.5,0.0,1.0,26.95,2.5,0.0,0.75
2,2025-01-24 21:27:56,2025-01-24 21:57:37,1.0,11.08,1.0,N,138,234,1,45.7,6.0,0.5,11.29,0.0,1.0,69.49,2.5,1.75,0.75
2,2025-01-23 16:11:39,2025-01-23 16:49:18,4.0,3.67,1.0,N,230,148,2,31.7,2.5,0.5,0.0,0.0,1.0,38.95,2.5,0.0,0.75
2,2025-01-24 21:08:47,2025-01-24 21:16:07,3.0,1.31,1.0,N,237,239,1,9.3,1.0,0.5,2.86,0.0,1.0,17.16,2.5,0.0,0.0
1,2025-01-02 14:34:19,2025-01-02 15:17:17,1.0,9.1,99.0,N,237,213,1,34.5,0.0,0.5,0.0,0.0,0.0,35.0,0.0,0.0,0.0
2,2025-01-16 17:52:27,2025-01-16 18:14:01,1.0,2.0,1.0,N,246,142,1,19.1,2.5,0.5,5.27,0.0,1.0,31.62,2.5,0.0,0.75
2,2025-01-11 18:49:34,2025-01-11 18:55:12,1.0,0.87,1.0,N,236,239,1,7.9,0.0,0.5,1.0,0.0,1.0,12.9,2.5,0.0,0.0
1,2025-01-29 14:21:48,2025-01-29 14:28:32,1.0,0.9,1.0,N,142,239,1,7.2,3.25,0.5,2.4,0.0,1.0,14.35,2.5,0.0,0.75
2,2025-01-06 13:44:40,2025-01-06 13:53:22,1.0,0.86,1.0,N,170,163,2,9.3,0.0,0.5,0.0,0.0,1.0,14.05,2.5,0.0,0.75
1,2025-01-31 14:59:47,2025-01-31 15:17:25,1.0,2.3,1.0,N,161,114,1,14.9,3.25,0.5,3.95,0.0,1.0,23.6,2.5,0.0,0.75
2,2025-01-02 17:33:06,2025-01-02 17:37:28,1.0,0.64,1.0,N,186,234,2,6.5,2.5,0.5,0.0,0.0,1.0,13.0,2.5,0.0,0.0
1,2025-01-15 21:34:25,2025-01-15 22:05:13,2.0,16.3,1.0,N,138,89,1,63.9,7.75,0.5,7.32,0.0,1.0,80.47,0.0,1.75,0.0
2,2025-01-14 19:44:41,2025-01-14 19:53:35,1.0,0.74,1.0,N,163,161,4,9.3,2.5,0.5,0.0,0.0,1.0,16.55,2.5,0.0,0.75
2,2025-01-19 10:15:17,2025-01-19 10:27:43,1.0,2.72,1.0,N,162,43,1,14.9,0.0,0.5,3.93,0.0,1.0,23.58,2.5,0.0,0.75
2,2025-01-14 17:33:13,2025-01-14 17:58:25,2.0,4.83,1.0,N,90,265,1,24.7,2.5,0.0,9.0,16.06,1.0,54.01,0.0,0.0,0.75
2,2025-01-27 06:23:20,2025-01-27 06:29:43,,0.89,,,263,75,0,-4.0,0.0,0.5,0.0,0.0,1.0,1.0,,,0.0
2,2025-01-30 08:47:06,2025-01-30 09:10:00,1.0,2.7,1.0,N,166,75,1,20.5,0.0,0.5,4.4,0.0,1.0,26.4,0.0,0.0,0.0
2,2025-01-19 12:03:44,2025-01-19 12:10:48,1.0,1.14,1.0,N,234,246,1,8.6,0.0,0.5,2.0,0.0,1.0,15.35,2.5,0.0,0.75
1,2025-01-22 13:22:45,2025-01-22 14:47:29,1.0,9.4,99.0,N,42,229,1,27.5,0.0,0.5,0.0,0.0,0.0,28.0,0.0,0.0,0.0
2,2025-01-19 20:26:07,2025-01-19 20:49:20,1.0,7.75,1.0,N,132,38,4,32.4,1.0,0.5,0.0,0.0,1.0,36.65,0.0,1.75,0.0
1,2025-01-18 03:56:30,2025-01-18 04:17:54,,6.2,,,246,41,0,24.44,0.0,0.5,0.0,0.0,1.0,29.19,,,0.75
2,2025-01-20 08:35:16,2025-01-20 08:49:41,,2.2,,,142,151,0,11.51,0.0,0.5,0.0,0.0,1.0,15.51,,,0.0
2,2025-01-05 11:56:39,2025-01-05 12:01:43,1.0,0.81,1.0,N,100,234,1,7.2,0.0,0.5,2.39,0.0,1.0,14.34,2.5,0.0,0.75
2,2025-01-31 13:41:34,2025-01-31 13:50:51,1.0,1.37,1.0,N,161,234,1,10.7,0.0,0.5,3.09,0.0,1.0,18.54,2.5,0.0,0.75
2,2025-01-29 13:44:17,2025-01-29 13:44:59,1.0,0.0,1.0,N,164,170,1,3.0,0.0,0.5,10.0,0.0,1.0,17.75,2.5,0.0,0.75
2,2025-01-23 10:58:31,2025-01-23 11:18:08,1.0,6.96,1.0,N,163,88,1,31.7,0.0,0.5,7.29,0.0,1.0,43.74,2.5,0.0,0.75
2,2025-01-11 22:03:51,2025-01-11 22:40:04,,7.61,,,163,87,0,28.49,0.0,0.5,0.0,0.0,1.0,33.24,,,0.75
1,2025-01-16 08:45:43,2025-01-16 09:05:57,1.0,1.1,1.0,N,186,162,1,15.6,3.25,0.5,4.05,0.0,1.0,24.4,2.5,0.0,0.75
2,2025-01-05 10:59:55,2025-01-05 11:10:34,4.0,1.17,1.0,N,237,140,1,10.7,0.0,0.5,2.94,0.0,1.0,17.64,2.5,0.0,0.0
2,2025-01-09 12:58:17,2025-01-09 13:21:47,1.0,1.82,1.0,N,237,164,1,20.5,0.0,0.5,5.05,0.0,1.0,30.3,2.5,0.0,0.75
2,2025-01-13 15:38:26,2025-01-13 15:46:02,1.0,0.9,1.0,N,238,238,2,8.6,0.0,0.5,0.0,0.0,1.0,12.6,2.5,0.0,0.0
2,2025-01-04 15:44:56,2025-01-04 15:59:23,2.0,2.25,1.0,N,142,237,1,15.6,0.0,0.5,3.92,0.0,1.0,23.52,2.5,0.0,0.0
2,2025-01-11 11:24:31,2025-01-11 11:34:32,2.0,1.57,1.0,N,230,68,1,11.4,0.0,0.5,0.03,0.0,1.0,16.18,2.5,0.0,0.75
2,2025-01-11 22:02:19,2025-01-11 22:18:14,,1.93,,,249,148,0,13.72,0.0,0.5,0.0,0.0,1.0,18.47,,,0.75
2,2025-01-07 18:35:07,2025-01-07 18:38:37,1.0,0.41,1.0,N,236,236,1,5.8,2.5,0.5,0.0,0.0,1.0,12.3,2.5,0.0,0.0
2,2025-01-17 18:02:55,2025-01-17 18:26:45,1.0,3.24,1.0,N,230,24,1,22.6,2.5,0.5,4.0,0.0,1.0,33.85,2.5,0.0,0.75
1,2025-01-12 13:02:59,2025-01-12 13:03:21,1.0,0.0,1.0,N,41,41,3,3.0,0.0,0.5,0.0,0.0,1.0,4.5,0.0,0.0,0.0
2,2025-01-17 04:18:12,2025-01-17 04:22:24,,0.76,,,129,129,0,4.8,0.0,0.5,0.0,0.0,1.0,6.3,,,0.0
1,2025-01-30 15:57:24,2025-01-30 16:59:16,1.0,17.2,2.0,N,132,48,1,70.0,5.0,0.5,16.7,6.94,1.0,100.14,2.5,1.75,0.75
1,2025-01-10 12:48:05,2025-01-10 13:03:38,1.0,2.9,99.0,N,87,52,1,21.5,0.0,0.5,0.0,0.0,0.0,22.0,0.0,0.0,0.0
2,2025-01-10 08:14:00,2025-01-10 08:39:56,1.0,2.01,1.0,N,239,75,1,22.6,0.0,0.5,1.33,0.0,1.0,27.93,2.5,0.0,0.0
2,2025-01-31 21:53:47,2025-01-31 22:06:14,1.0,2.51,1.0,N,142,236,1,14.9,1.0,0.5,3.98,0.0,1.0,23.88,2.5,0.0,0.0
2,2025-01-11 14:59:54,2025-01-11 15:03:14,1.0,0.63,1.0,N,170,170,1,5.8,0.0,0.5,2.11,0.0,1.0,12.66,2.5,0.0,0.75
2,2025-01-06 17:02:07,2025-01-06 18:00:50,2.0,15.48,2.0,N,161,132,1,70.0,5.0,0.5,19.94,0.0,1.0,99.69,2.5,0.0,0.75
1,2025-01-09 16:17:26,2025-01-09 16:34:29,1.0,1.9,1.0,N,141,236,1,14.9,5.0,0.5,5.35,0.0,1.0,26.75,2.5,0.0,0.0
1,2025-01-25 02:44:26,2025-01-25 02:47:37,2.0,0.4,1.0,N,114,148,1,5.1,4.25,0.5,2.15,0.0,1.0,13.0,2.5,0.0,0.75
1,2025-01-14 09:27:36,2025-01-14 09:39:42,0.0,1.7,1.0,N,249,45,1,11.4,3.25,0.5,3.2,0.0,1.0,19.35,2.5,0.0,0.75
1,2025-01-18 01:36:31,2025-01-18 01:50:09,1.0,2.7,1.0,N,211,246,1,14.2,4.25,0.5,5.0,0.0,1.0,24.95,2.5,0.0,0.75
2,2025-01-02 18:52:21,2025-01-02 19:20:23,1.0,17.76,1.0,N,132,22,1,66.7,2.5,0.5,15.0,0.0,1.0,87.45,0.0,1.75,0.0
2,2025-01-14 18:05:19,2025-01-14 18:16:48,1.0,1.44,1.0,N,114,224,1,12.1,2.5,0.5,3.87,0.0,1.0,23.22,2.5,0.0,0.75
2,2025-01-30 07:16:30,2025-01-30 07:21:05,1.0,0.8,1.0,N,162,141,2,6.5,0.0,0.5,0.0,0.0,1.0,11.25,2.5,0.0,0.75
2,2025-01-07 13:53:58,2025-01-07 14:01:45,1.0,0.78,1.0,N,236,141,1,8.6,0.0,0.5,2.52,0.0,1.0,15.12,2.5,0.0,0.0
2,2025-01-15 11:50:46,2025-01-15 12:01:53,1.0,1.36,1.0,N,262,237,1,11.4,0.0,0.5,3.08,0.0,1.0,18.48,2.5,0.0,0.0
2,2025-01-12 15:11:57,2025-01-12 15:15:55,1.0,0.85,1.0,N,263,236,1,6.5,0.0,0.5,2.1,0.0,1.0,12.6,2.5,0.0,0.0
2,2025-01-02 12:51:06,2025-01-02 13:03:26,5.0,1.78,1.0,N,237,239,1,13.5,0.0,0.5,3.5,0.0,1.0,21.0,2.5,0.0,0.0
2,2025-01-18 08:59:01,2025-01-18 09:03:57,1.0,1.21,1.0,N,142,239,1,7.9,0.0,0.5,3.79,0.0,1.0,16.44,2.5,0.0,0.75
2,2025-01-13 07:07:11,2025-01-13 07:31:58,1.0,11.6,1.0,N,163,138,1,46.4,5.0,0.5,0.0,6.94,1.0,63.09,2.5,0.0,0.75
2,2025-01-15 14:52:54,2025-01-15 15:09:51,1.0,2.63,1.0,N,162,114,1,17.7,0.0,0.5,4.49,0.0,1.0,26.94,2.5,0.0,0.75
2,2025-01-14 19:15:20,2025-01-14 19:33:02,1.0,2.71,1.0,N,231,170,4,18.4,2.5,0.5,0.0,0.0,1.0,25.65,2.5,0.0,0.75
2,2025-01-08 13:57:59,2025-01-08 14:24:56,1.0,7.52,1.0,N,140,231,1,37.3,0.0,0.5,8.41,0.0,1.0,50.46,2.5,0.0,0.75
2,2025-01-19 00:02:15,2025-01-19 00:10:38,1.0,1.19,1.0,N,161,237,1,10.0,1.0,0.5,3.15,0.0,1.0,18.9,2.5,0.0,0.75
2,2025-01-08 14:39:55,2025-01-08 15:21:45,1.0,9.64,1.0,N,138,230,1,49.9,5.0,0.5,13.32,6.94,1.0,81.66,2.5,1.75,0.75
2,2025-01-01 03:06:49,2025-01-01 03:22:57,1.0,2.6,1.0,N,107,48,1,17.0,1.0,0.5,4.4,0.0,1.0,26.4,2.5,0.0,0.0
2,2025-01-24 10:43:44,2025-01-24 10:56:12,1.0,1.11,1.0,N,79,234,1,12.1,0.0,0.5,1.0,0.0,1.0,17.85,2.5,0.0,0.75
2,2025-01-19 02:51:27,2025-01-19 03:03:53,,3.58,,,232,170,0,18.1,0.0,0.5,0.0,0.0,1.0,22.85,,,0.75
1,2025-01-02 17:20:21,2025-01-02 17:37:33,1.0,2.1,1.0,N,246,170,1,16.3,5.0,0.5,2.0,0.0,1.0,24.8,2.5,0.0,0.0
2,2025-01-12 13:08:15,2025-01-12 13:11:56,2.0,0.84,1.0,N,137,233,1,6.5,0.0,0.5,2.25,0.0,1.0,13.5,2.5,0.0,0.75
2,2025-01-22 21:16:23,2025-01-22 21:28:31,,2.53,,,142,68,0,-4.75,0.0,0.5,0.0,0.0,1.0,7.22,,,0.75
2,2025-01-02 05:59:14,2025-01-02 06:03:33,1.0,0.97,1.0,N,48,50,1,7.2,0.0,0.5,2.0,0.0,1.0,13.2,2.5,0.0,0.0
2,2025-01-16 14:47:35,2025-01-16 14:58:13,1.0,1.5,1.0,N,229,137,1,10.7,0.0,0.5,0.31,0.0,1.0,15.76,2.5,0.0,0.75
2,2025-01-16 17:29:25,2025-01-16 17:41:04,,3.92,,,87,4,0,-4.75,0.0,0.5,0.0,0.0,1.0,2.47,,,0.75
2,2025-01-01 02:42:04,2025-01-01 02:50:58,1.0,0.91,1.0,N,230,216,1,10.0,1.0,0.5,3.0,0.0,1.0,18.0,2.5,0.0,0.0
2,2025-01-18 18:00:41,2025-01-18 18:06:18,2.0,1.11,1.0,N,263,141,1,7.9,0.0,0.5,2.38,0.0,1.0,14.28,2.5,0.0,0.0
2,2025-01-19 04:18:30,2025-01-19 04:34:01,1.0,5.23,1.0,N,48,152,1,24.7,1.0,0.5,6.09,0.0,1.0,36.54,2.5,0.0,0.75
2,2025-01-01 03:57:06,2025-01-01 04:21:21,,3.76,,,36,189,0,-6.16,0.0,0.5,0.0,0.0,1.0,-4.66,,,0.0
2,2025-01-11 20:24:45,2025-01-11 20:33:15,1.0,1.31,1.0,N,239,142,2,10.0,1.0,0.5,0.0,0.0,1.0,15.0,2.5,0.0,0.0
2,2025-01-19 00:06:52,2025-01-19 00:14:32,1.0,1.29,1.0,N,79,231,1,10.0,1.0,0.5,3.94,0.0,1.0,19.69,2.5,0.0,0.75
1,2025-01-01 19:01:40,2025-01-01 19:10:45,5.0,1.0,1.0,N,246,48,1,8.6,2.5,0.5,3.8,0.0,1.0,16.4,2.5,0.0,0.0
2,2025-01-13 14:26:00,2025-01-13 14:47:44,1.0,4.07,1.0,N,137,239,1,22.6,0.0,0.5,5.47,0.0,1.0,32.82,2.5,0.0,0.75
2,2025-01-13 18:45:49,2025-01-13 18:50:32,1.0,0.52,1.0,N,232,232,1,6.5,2.5,0.5,2.75,0.0,1.0,16.5,2.5,0.0,0.75
2,2025-01-17 12:16:05,2025-01-17 12:29:41,1.0,1.55,1.0,N,236,162,1,13.5,0.0,0.5,1.0,0.0,1.0,19.25,2.5,0.0,0.75
1,2025-01-31 06:29:49,2025-01-31 06:37:08,1.0,1.1,1.0,N,233,230,1,8.6,3.25,0.5,2.0,0.0,1.0,15.35,2.5,0.0,0.75
2,2025-01-23 23:03:49,2025-01-23 23:27:04,1.0,4.55,1.0,N,144,189,1,25.4,1.0,0.5,6.23,0.0,1.0,37.38,2.5,0.0,0.75
2,2025-01-10 13:46:17,2025-01-10 13:54:55,2.0,0.64,1.0,N,162,233,1,8.6,0.0,0.5,2.67,0.0,1.0,16.02,2.5,0.0,0.75
2,2025-01-05 11:32:59,2025-01-05 11:42:43,1.0,0.98,1.0,N,68,234,2,-10.0,0.0,-0.5,0.0,0.0,-1.0,-14.75,-2.5,0.0,0.0
2,2025-01-20 13:28:40,2025-01-20 13:39:15,1.0,0.98,1.0,N,186,170,1,10.7,0.0,0.5,2.0,0.0,1.0,17.45,2.5,0.0,0.75
2,2025-01-21 18:13:06,2025-01-21 18:25:24,,0.0,,,114,233,0,13.77,0.0,0.5,0.0,0.0,1.0,18.52,,,0.75
1,2025-01-31 14:36:02,2025-01-31 15:04:09,1.0,9.1,1.0,N,138,237,1,37.3,9.25,0.5,10.99,6.94,1.0,65.98,2.5,1.75,0.0
2,2025-01-08 22:17:49,2025-01-08 22:29:15,2.0,2.49,1.0,N,68,148,1,14.2,1.0,0.5,3.99,0.0,1.0,23.94,2.5,0.0,0.75
2,2025-01-10 20:11:25,2025-01-10 20:19:05,3.0,0.82,1.0,N,107,79,1,8.6,1.0,0.5,2.87,0.0,1.0,17.22,2.5,0.0,0.75
1,2025-01-20 12:28:54,2025-01-20 12:41:01,1.0,1.4,1.0,N,239,163,1,10.7,3.25,0.5,3.1,0.0,1.0,18.55,2.5,0.0,0.75
2,2025-01-30 22:38:48,2025-01-30 22:42:01,2.0,0.32,1.0,N,48,230,1,5.1,1.0,0.5,2.71,0.0,1.0,13.56,2.5,0.0,0.75
2,2025-01-01 17:43:32,2025-01-01 18:02:40,1.0,2.8,1.0,N,161,211,2,19.1,0.0,0.5,0.0,0.0,1.0,23.1,2.5,0.0,0.0
2,2025-01-30 22:49:05,2025-01-30 22:58:01,,1.15,,,230,161,0,13.34,0.0,0.5,0.0,0.0,1.0,18.09,,,0.75
2,2025-01-23 14:42:34,2025-01-23 15:04:45,1.0,2.31,1.0,N,141,170,1,20.5,0.0,0.5,5.05,0.0,1.0,30.3,2.5,0.0,0.75
2,2025-01-16 07:00:17,2025-01-16 07:28:49,,12.27,,,7,88,0,-10.94,0.0,0.5,0.0,6.94,1.0,5.51,,,0.0
2,2025-01-29 15:11:01,2025-01-29 15:18:44,1.0,1.09,1.0,N,237,262,1,8.6,0.0,0.5,3.78,0.0,1.0,16.38,2.5,0.0,0.0
2,2025-01-29 17:46:53,2025-01-29 17:58:03,1.0,0.87,1.0,N,229,162,1,10.7,2.5,0.5,3.59,0.0,1.0,21.54,2.5,0.0,0.75
2,2025-01-06 10:42:42,2025-01-06 10:43:21,1.0,0.07,1.0,N,141,236,1,3.0,0.0,0.5,1.4,0.0,1.0,8.4,2.5,0.0,0.0
2,2025-01-06 18:46:17,2025-01-06 19:13:23,1.0,10.15,1.0,N,132,177,1,44.3,2.5,0.5,9.66,0.0,1.0,59.71,0.0,1.75,0.0
2,2025-01-03 20:28:41,2025-01-03 20:32:21,1.0,0.87,1.0,N,43,239,1,6.5,1.0,0.5,1.5,0.0,1.0,13.0,2.5,0.0,0.0
2,2025-01-23 17:00:46,2025-01-23 18:08:34,1.0,21.11,2.0,N,232,132,1,70.0,5.0,0.5,11.25,0.0,1.0,91.0,2.5,0.0,0.75
2,2025-01-09 17:40:48,2025-01-09 17:59:15,1.0,1.82,1.0,N,230,237,1,16.3,2.5,0.5,3.0,0.0,1.0,26.55,2.5,0.0,0.75
2,2025-01-29 20:24:06,2025-01-29 20:41:42,,2.75,,,161,114,0,16.61,0.0,0.5,0.0,0.0,1.0,21.36,,,0.75
2,2025-01-26 14:54:49,2025-01-26 15:10:43,1.0,1.97,1.0,N,230,107,1,15.6,0.0,0.5,4.07,0.0,1.0,24.42,2.5,0.0,0.75
1,2025-01-02 14:14:03,2025-01-02 14:50:15,1.0,13.5,1.0,N,132,70,1,56.2,6.75,0.5,12.85,0.0,1.0,77.3,0.0,1.75,0.0
2,2025-01-09 18:36:06,2025-01-09 19:03:05,,5.52,,,237,114,0,38.76,0.0,0.5,8.7,0.0,1.0,52.21,,,0.75
2,2025-01-28 19:01:10,2025-01-28 19:06:23,3.0,0.47,1.0,N,230,100,1,6.5,2.5,0.5,2.75,0.0,1.0,16.5,2.5,0.0,0.75
2,2025-01-31 07:26:49,2025-01-31 08:10:24,1.0,13.61,1.0,N,87,138,1,59.7,5.0,0.5,15.28,6.94,1.0,91.67,2.5,0.0,0.75
2,2025-01-19 12:32:25,2025-01-19 12:43:43,2.0,0.63,1.0,N,170,164,1,10.7,0.0,0.5,5.0,0.0,1.0,20.45,2.5,0.0,0.75
1,2025-01-31 17:00:08,2025-01-31 17:20:41,1.0,3.1,1.0,N,239,264,1,19.8,5.0,0.5,5.26,0.0,1.0,31.56,2.5,0.0,0.0
2,2025-01-20 16:47:44,2025-01-20 16:52:47,1.0,1.09,1.0,N,239,151,1,7.9,0.0,0.5,2.38,0.0,1.0,14.28,2.5,0.0,0.0
1,2025-01-31 17:55:46,2025-01-31 18:16:49,1.0,3.0,1.0,N,144,229,1,18.4,5.75,0.5,5.15,0.0,1.0,30.8,2.5,0.0,0.75
2,2025-01-04 23:45:08,2025-01-04 23:55:02,1.0,2.74,1.0,N,163,263,1,13.5,1.0,0.5,1.85,0.0,1.0,20.35,2.5,0.0,0.0
2,2025-01-19 14:15:03,2025-01-19 14:43:59,1.0,5.96,1.0,N,230,223,1,31.0,0.0,0.5,7.15,0.0,1.0,42.9,2.5,0.0,0.75
2,2025-01-28 17:07:53,2025-01-28 17:15:40,1.0,0.86,1.0,N,236,237,1,9.3,2.5,0.5,3.16,0.0,1.0,18.96,2.5,0.0,0.0
2,2025-01-28 17:01:15,2025-01-28 17:07:00,1.0,0.78,1.0,N,161,234,1,7.2,2.5,0.5,2.88,0.0,1.0,17.33,2.5,0.0,0.75
2,2025-01-12 19:55:31,2025-01-12 20:01:01,1.0,0.97,1.0,N,164,230,1,7.2,0.0,0.5,0.0,0.0,1.0,11.95,2.5,0.0,0.75
2,2025-01-12 17:50:03,2025-01-12 17:58:16,3.0,1.51,1.0,N,236,239,1,10.7,0.0,0.5,2.94,0.0,1.0,17.64,2.5,0.0,0.0
2,2025-01-02 15:39:33,2025-01-02 16:02:46,1.0,3.99,1.0,N,246,237,2,24.7,0.0,0.5,0.0,0.0,1.0,28.7,2.5,0.0,0.0
2,2025-01-22 11:52:59,2025-01-22 12:01:54,1.0,1.13,1.0,N,239,238,1,10.0,0.0,0.5,3.5,0.0,1.0,17.5,2.5,0.0,0.0
2,2025-01-01 16:09:05,2025-01-01 16:24:49,4.0,2.65,1.0,N,114,163,1,17.0,0.0,0.5,4.0,0.0,1.0,25.0,2.5,0.0,0.0
2,2025-01-16 10:46:55,2025-01-16 11:09:31,1.0,13.48,1.0,N,132,252,1,50.6,0.0,0.5,10.42,0.0,1.0,64.27,0.0,1.75,0.0
2,2025-01-31 15:39:39,2025-01-31 15:45:50,1.0,0.43,1.0,N,236,236,1,7.2,0.0,0.5,0.3,0.0,1.0,11.5,2.5,0.0,0.0
2,2025-01-14 14:42:58,2025-01-14 14:55:39,2.0,1.25,1.0,N,161,230,1,12.1,0.0,0.5,3.37,0.0,1.0,20.22,2.5,0.0,0.75
1,2025-01-01 18:21:46,2025-01-01 18:44:28,1.0,0.0,99.0,N,75,95,1,34.5,0.0,0.5,0.0,6.94,1.0,42.94,0.0,0.0,0.0
2,2025-01-23 11:44:12,2025-01-23 11:52:36,2.0,1.21,1.0,N,237,163,1,10.0,0.0,0.5,2.95,0.0,1.0,17.7,2.5,0.0,0.75
2,2025-01-09 17:56:16,2025-01-09 18:08:17,2.0,1.75,1.0,N,164,114,1,12.8,2.5,0.5,2.0,0.0,1.0,22.05,2.5,0.0,0.75
1,2025-01-30 12:27:07,2025-01-30 12:43:24,1.0,1.4,1.0,N,186,163,1,14.2,3.25,0.5,3.8,0.0,1.0,22.75,2.5,0.0,0.75
2,2025-01-30 18:55:19,2025-01-30 19:09:15,,0.0,,,137,114,0,19.31,0.0,0.5,0.0,0.0,1.0,24.06,,,0.75
2,2025-01-09 10:26:25,2025-01-09 10:37:18,1.0,1.92,1.0,N,239,24,2,10.0,0.0,0.5,0.0,0.0,1.0,14.0,2.5,0.0,0.0
2,2025-01-18 22:31:30,2025-01-18 22:48:36,2.0,2.57,1.0,N,79,100,1,17.7,1.0,0.5,2.0,0.0,1.0,25.45,2.5,0.0,0.75
2,2025-01-25 01:24:36,2025-01-25 01:53:19,,4.91,,,151,151,0,31.85,0.0,0.5,0.0,0.0,1.0,35.85,,,0.0
2,2025-01-05 21:49:53,2025-01-05 21:54:21,1.0,0.63,1.0,N,100,164,2,6.5,1.0,0.5,0.0,0.0,1.0,12.25,2.5,0.0,0.75
2,2025-01-02 14:13:15,2025-01-02 14:16:53,1.0,0.74,1.0,N,142,239,1,3.0,0.0,0.5,1.4,0.0,1.0,8.4,2.5,0.0,0.0
2,2025-01-09 17:10:17,2025-01-09 17:18:19,1.0,1.07,1.0,N,140,162,1,9.3,2.5,0.5,3.16,0.0,1.0,18.96,2.5,0.0,0.0
2,2025-01-17 19:01:40,2025-01-17 19:21:27,1.0,4.37,1.0,N,246,262,1,21.9,2.5,0.5,3.0,0.0,1.0,32.15,2.5,0.0,0.75
2,2025-01-18 02:12:54,2025-01-18 02:14:07,,0.28,,,90,90,0,31.4,0.0,0.5,0.0,0.0,1.0,36.15,,,0.75
2,2025-01-23 16:05:26,2025-01-23 16:22:09,,0.0,,,137,263,0,28.2,0.0,0.5,6.59,0.0,1.0,39.54,,,0.75
2,2025-01-16 11:42:52,2025-01-16 11:48:28,1.0,0.82,1.0,N,234,90,1,7.2,0.0,0.5,2.39,0.0,1.0,14.34,2.5,0.0,0.75
2,2025-01-24 14:17:00,2025-01-24 14:23:58,1.0,1.09,1.0,N,107,170,1,8.6,0.0,0.5,2.67,0.0,1.0,16.02,2.5,0.0,0.75
2,2025-01-25 16:44:27,2025-01-25 16:49:08,1.0,0.45,1.0,N,239,142,1,6.5,0.0,0.5,1.5,0.0,1.0,12.0,2.5,0.0,0.0
1,2025-01-20 10:08:52,2025-01-20 10:18:17,2.0,2.2,1.0,N,239,237,1,12.8,2.5,0.5,3.35,0.0,1.0,20.15,2.5,0.0,0.0
2,2025-01-20 09:19:08,2025-01-20 09:30:00,2.0,2.0,1.0,N,237,68,2,12.1,0.0,0.5,0.0,0.0,1.0,16.85,2.5,0.0,0.75
1,2025-01-14 15:45:30,2025-01-14 15:55:55,1.0,1.4,1.0,N,231,158,1,11.4,3.25,0.5,3.2,0.0,1.0,19.35,2.5,0.0,0.75
2,2025-01-12 08:33:38,2025-01-12 08:40:26,1.0,2.1,1.0,N,239,166,1,10.7,0.0,0.5,2.94,0.0,1.0,17.64,2.5,0.0,0.0
2,2025-01-05 12:10:42,2025-01-05 12:16:26,1.0,1.36,1.0,N,170,113,1,8.6,0.0,0.5,2.67,0.0,1.0,16.02,2.5,0.0,0.75
2,2025-01-19 03:41:55,2025-01-19 03:50:46,1.0,1.47,1.0,N,246,164,1,10.7,1.0,0.5,2.0,0.0,1.0,18.45,2.5,0.0,0.75
2,2025-01-27 18:48:15,2025-01-27 18:56:36,1.0,1.43,1.0,N,234,144,1,10.0,2.5,0.5,3.45,0.0,1.0,20.7,2.5,0.0,0.75
2,2025-01-29 18:30:20,2025-01-29 18:59:55,1.0,4.04,1.0,N,142,114,1,26.8,2.5,0.5,6.81,0.0,1.0,40.86,2.5,0.0,0.75
2,2025-01-03 19:14:18,2025-01-03 19:19:53,1.0,1.43,1.0,N,140,263,1,8.6,2.5,0.5,3.02,0.0,1.0,18.12,2.5,0.0,0.0
2,2025-01-10 10:57:54,2025-01-10 11:15:17,1.0,1.92,1.0,N,239,237,1,16.3,0.0,0.5,4.06,0.0,1.0,24.36,2.5,0.0,0.0
1,2025-01-15 12:00:55,2025-01-15 12:26:23,1.0,3.9,1.0,N,230,231,2,24.7,3.25,0.5,0.0,0.0,1.0,29.45,2.5,0.0,0.75
2,2025-01-21 16:45:23,2025-01-21 17:44:55,1.0,19.82,2.0,N,132,232,2,70.0,5.0,0.5,0.0,6.94,1.0,88.44,2.5,1.75,0.75
1,2025-01-14 13:11:30,2025-01-14 13:11:47,1.0,0.0,5.0,N,263,263,3,0.1,0.0,0.0,0.0,0.0,1.0,1.1,0.0,0.0,0.0
2,2025-01-16 19:55:26,2025-01-16 20:04:41,,1.19,,,90,137,0,8.87,0.0,0.5,0.0,0.0,1.0,13.62,,,0.75
2,2025-01-10 19:44:26,2025-01-10 19:55:53,2.0,2.38,1.0,N,79,229,1,13.5,2.5,0.5,4.15,0.0,1.0,24.9,2.5,0.0,0.75
2,2025-01-05 14:24:35,2025-01-05 14:38:25,2.0,2.08,1.0,N,141,142,2,14.9,0.0,0.5,0.0,0.0,1.0,18.9,2.5,0.0,0.0
2,2025-01-15 12:59:06,2025-01-15 13:12:06,1.0,1.47,1.0,N,163,142,1,13.5,0.0,0.5,4.56,0.0,1.0,22.81,2.5,0.0,0.75
1,2025-01-23 17:00:03,2025-01-23 17:07:49,,1.3,,,68,246,0,9.3,0.0,0.5,0.0,0.0,1.0,14.05,,,0.75
1,2025-01-01 04:13:22,2025-01-01 04:25:18,0.0,3.9,1.0,N,113,141,1,17.0,3.5,0.5,5.5,0.0,1.0,27.5,2.5,0.0,0.0
2,2025-01-17 20:30:55,2025-01-17 20:40:32,2.0,1.37,1.0,N,229,236,1,11.4,1.0,0.5,2.0,0.0,1.0,19.15,2.5,0.0,0.75
2,2025-01-18 12:19:03,2025-01-18 12:30:26,3.0,1.28,1.0,N,68,163,1,11.4,0.0,0.5,3.23,0.0,1.0,19.38,2.5,0.0,0.75
2,2025-01-25 20:17:04,2025-01-25 20:37:59,1.0,2.83,1.0,N,79,48,1,19.8,1.0,0.5,5.11,0.0,1.0,30.66,2.5,0.0,0.75
2,2025-01-08 18:28:37,2025-01-08 18:43:47,1.0,4.34,1.0,N,88,181,1,20.5,2.5,0.5,5.2,6.94,1.0,39.89,2.5,0.0,0.75
2,2025-01-18 21:06:04,2025-01-18 21:27:26,5.0,3.52,1.0,N,186,79,2,21.9,1.0,0.5,0.0,0.0,1.0,27.65,2.5,0.0,0.75
2,2025-01-26 01:39:33,2025-01-26 01:48:19,1.0,1.42,1.0,N,230,170,1,10.7,1.0,0.5,2.5,0.0,1.0,18.95,2.5,0.0,0.75
2,2025-01-01 02:19:29,2025-01-01 02:27:49,2.0,1.9,1.0,N,141,263,1,10.7,1.0,0.5,1.0,0.0,1.0,16.7,2.5,0.0,0.0
1,2025-01-26 16:27:54,2025-01-26 16:36:02,1.0,0.8,1.0,N,230,186,3,7.9,3.25,0.5,0.0,0.0,1.0,12.65,2.5,0.0,0.75
2,2025-01-14 01:22:27,2025-01-14 01:25:07,1.0,0.2,1.0,N,249,114,1,4.4,1.0,0.5,0.0,0.0,1.0,10.15,2.5,0.0,0.75
1,2025-01-25 19:01:00,2025-01-25 19:15:53,2.0,2.3,1.0,N,186,79,2,14.9,3.25,0.5,0.0,0.0,1.0,19.65,2.5,0.0,0.75
1,2025-01-03 09:34:20,2025-01-03 09:56:27,1.0,3.3,1.0,Y,161,231,2,21.2,2.5,0.5,0.0,0.0,1.0,25.2,2.5,0.0,0.0
2,2025-01-30 22:23:47,2025-01-30 22:44:11,1.0,4.68,1.0,N,231,142,1,23.3,1.0,0.5,3.0,0.0,1.0,32.05,2.5,0.0,0.75
2,2025-01-03 10:02:31,2025-01-03 10:08:15,3.0,0.94,1.0,N,107,233,1,7.2,0.0,0.5,1.0,0.0,1.0,12.2,2.5,0.0,0.0
1,2025-01-17 16:01:14,2025-01-17 16:18:08,1.0,2.3,1.0,N,163,246,1,17.0,5.75,0.5,6.05,0.0,1.0,30.3,2.5,0.0,0.75
2,2025-01-13 18:49:10,2025-01-13 18:54:59,1.0,0.81,1.0,N,113,158,1,7.2,2.5,0.5,2.74,0.0,1.0,17.19,2.5,0.0,0.75
2,2025-01-29 16:39:15,2025-01-29 17:00:49,,1.06,,,68,170,0,-4.75,0.0,0.5,0.0,0.0,1.0,3.99,,,0.75
2,2025-01-12 00:43:23,2025-01-12 00:55:05,,1.41,,,107,148,0,12.23,0.0,0.5,0.0,0.0,1.0,16.98,,,0.75
1,2025-01-31 19:16:29,2025-01-31 19:42:49,,6.6,,,166,170,0,35.28,0.0,0.5,0.0,0.0,1.0,40.03,,,0.75
2,2025-01-11 00:49:49,2025-01-11 01:08:44,2.0,3.15,1.0,N,90,141,1,19.8,1.0,0.5,5.11,0.0,1.0,30.66,2.5,0.0,0.75
1,2025-01-23 15:44:21,2025-01-23 15:55:46,1.0,1.9,1.0,N,161,113,1,12.8,5.75,0.5,4.0,0.0,1.0,24.05,2.5,0.0,0.75
2,2025-01-23 09:30:25,2025-01-23 09:44:31,1.0,0.69,1.0,N,162,141,1,12.8,0.0,0.5,1.0,0.0,1.0,18.55,2.5,0.0,0.75
2,2025-01-17 15:01:52,2025-01-17 15:15:26,,1.8,,,234,246,0,12.03,0.0,0.5,0.0,0.0,1.0,16.78,,,0.75
2,2025-01-13 13:13:51,2025-01-13 13:26:13,1.0,1.69,1.0,N,186,107,4,-13.5,0.0,-0.5,0.0,0.0,-1.0,-18.25,-2.5,0.0,0.0
2,2025-01-11 16:55:01,2025-01-11 17:03:45,1.0,2.03,1.0,N,79,229,1,11.4,0.0,0.5,3.23,0.0,1.0,19.38,2.5,0.0,0.75
2,2025-01-30 14:39:20,2025-01-30 14:47:05,2.0,0.47,1.0,N,141,141,1,7.9,0.0,0.5,2.38,0.0,1.0,14.28,2.5,0.0,0.0
2,2025-01-17 12:17:55,2025-01-17 12:30:12,1.0,2.75,2.0,N,145,186,1,70.0,0.0,0.5,16.34,6.94,1.0,98.03,2.5,0.0,0.75
2,2025-01-21 22:18:25,2025-01-21 22:32:35,,1.63,,,48,170,0,16.48,0.0,0.5,0.0,0.0,1.0,21.23,,,0.75
2,2025-01-29 08:49:52,2025-01-29 09:02:43,1.0,1.31,1.0,N,170,68,1,12.8,0.0,0.5,3.51,0.0,1.0,21.06,2.5,0.0,0.75
2,2025-01-13 10:47:26,2025-01-13 11:13:50,1.0,6.78,1.0,N,162,52,1,32.4,0.0,0.5,7.43,0.0,1.0,44.58,2.5,0.0,0.75
2,2025-01-11 14:37:43,2025-01-11 14:53:24,1.0,2.3,1.0,N,236,24,1,16.3,0.0,0.5,6.09,0.0,1.0,26.39,2.5,0.0,0.0
1,2025-01-24 14:58:41,2025-01-24 15:17:48,1.0,1.1,1.0,N,161,230,1,16.3,3.25,0.5,4.21,0.0,1.0,25.26,2.5,0.0,0.75
2,2025-01-08 12:46:48,2025-01-08 13:13:53,,2.3,,,249,230,0,25.83,0.0,0.5,6.12,0.0,1.0,36.7,,,0.75
2,2025-01-29 19:41:39,2025-01-29 19:45:26,1.0,0.66,1.0,N,79,113,1,5.8,2.5,0.5,2.61,0.0,1.0,15.66,2.5,0.0,0.75
2,2025-01-18 22:06:56,2025-01-18 22:17:21,1.0,1.65,1.0,N,232,113,1,11.4,1.0,0.5,4.29,0.0,1.0,21.44,2.5,0.0,0.75
2,2025-01-16 18:04:21,2025-01-16 19:13:03,1.0,12.39,1.0,N,161,123,2,71.6,2.5,0.5,0.0,6.94,1.0,85.79,2.5,0.0,0.75
2,2025-01-23 16:20:11,2025-01-23 16:32:31,1.0,1.32,1.0,N,158,211,1,12.1,2.5,0.5,1.0,0.0,1.0,20.35,2.5,0.0,0.75
2,2025-01-29 12:25:29,2025-01-29 12:36:17,1.0,1.32,1.0,N,236,237,1,11.4,0.0,0.5,3.08,0.0,1.0,18.48,2.5,0.0,0.0
1,2025-01-09 18:18:15,2025-01-09 18:45:12,1.0,6.2,1.0,N,239,79,1,28.9,5.75,0.5,7.25,0.0,1.0,43.4,2.5,0.0,0.75
1,2025-01-14 20:25:24,2025-01-14 20:38:29,1.0,1.5,1.0,N,186,107,1,11.4,4.25,0.5,3.0,0.0,1.0,20.15,2.5,0.0,0.75
2,2025-01-26 00:53:32,2025-01-26 01:01:24,,1.31,,,100,234,0,14.17,0.0,0.5,0.0,0.0,1.0,18.92,,,0.75
1,2025-01-21 08:22:12,2025-01-21 08:37:15,,3.1,,,140,137,0,16.33,0.0,0.5,0.0,0.0,1.0,21.08,,,0.75
2,2025-01-07 16:02:26,2025-01-07 16:09:58,2.0,1.03,1.0,N,238,143,1,9.3,2.5,0.5,3.16,0.0,1.0,18.96,2.5,0.0,0.0
1,2025-01-08 17:54:34,2025-01-08 18:07:49,1.0,1.2,1.0,N,170,163,1,12.1,5.75,0.5,3.0,0.0,1.0,22.35,2.5,0.0,0.75
2,2025-01-20 05:38:14,2025-01-20 06:11:26,,8.26,,,166,114,0,37.43,0.0,0.5,0.0,0.0,1.0,42.18,,,0.75
2,2025-01-23 21:43:01,2025-01-23 21:46:56,1.0,0.47,1.0,N,79,114,1,5.8,1.0,0.5,2.31,0.0,1.0,13.86,2.5,0.0,0.75
2,2025-01-24 16:01:18,2025-01-24 16:05:22,1.0,0.65,1.0,N,162,162,1,6.5,2.5,0.5,1.38,0.0,1.0,15.13,2.5,0.0,0.75
2,2025-01-14 13:23:11,2025-01-14 13:42:03,1.0,1.9,1.0,N,162,236,1,17.7,0.0,0.5,4.49,0.0,1.0,26.94,2.5,0.0,0.75
1,2025-01-16 18:10:42,2025-01-16 18:22:02,1.0,1.3,1.0,N,164,246,1,10.7,5.75,0.5,2.0,0.0,1.0,19.95,2.5,0.0,0.75
1,2025-01-25 10:40:50,2025-01-25 11:04:46,2.0,3.7,1.0,N,246,141,1,19.8,3.25,0.5,6.15,0.0,1.0,30.7,2.5,0.0,0.75
2,2025-01-20 20:16:52,2025-01-20 20:20:08,2.0,0.44,1.0,N,163,48,1,5.1,1.0,0.5,3.25,0.0,1.0,14.1,2.5,0.0,0.75
2,2025-01-18 12:07:56,2025-01-18 12:16:11,1.0,1.82,1.0,N,236,229,1,10.7,0.0,0.5,3.09,0.0,1.0,18.54,2.5,0.0,0.75
2,2025-01-22 21:53:43,2025-01-22 22:08:20,,2.16,,,107,231,0,-4.75,0.0,0.5,0.0,0.0,1.0,4.59,,,0.75
2,2025-01-09 14:14:41,2025-01-09 14:19:46,1.0,0.73,1.0,N,68,186,1,7.2,0.0,0.5,2.39,0.0,1.0,14.34,2.5,0.0,0.75
1,2025-01-02 12:09:50,2025-01-02 12:20:44,1.0,1.1,1.0,N,161,140,1,11.4,2.5,0.5,4.6,0.0,1.0,20.0,2.5,0.0,0.0
2,2025-01-11 13:10:26,2025-01-11 13:17:20,1.0,1.62,1.0,N,249,13,1,10.0,0.0,0.5,1.0,0.0,1.0,15.75,2.5,0.0,0.75
2,2025-01-29 17:43:28,2025-01-29 17:47:26,1.0,1.1,1.0,N,231,249,1,7.2,2.5,0.5,2.89,0.0,1.0,17.34,2.5,0.0,0.75
2,2025-01-15 13:05:46,2025-01-15 13:38:11,1.0,3.17,1.0,N,236,186,1,27.5,0.0,0.5,6.45,0.0,1.0,38.7,2.5,0.0,0.75
2,2025-01-29 10:41:34,2025-01-29 10:48:50,1.0,0.83,1.0,N,151,166,1,8.6,0.0,0.5,1.01,0.0,1.0,11.11,0.0,0.0,0.0
2,2025-01-31 17:52:21,2025-01-31 18:06:27,1.0,1.78,1.0,N,113,186,1,14.2,2.5,0.5,2.0,0.0,1.0,23.45,2.5,0.0,0.75
1,2025-01-18 09:47:38,2025-01-18 10:04:24,,3.0,,,75,42,0,14.03,0.0,0.5,0.0,0.0,1.0,15.53,,,0.0
2,2025-01-04 14:36:09,2025-01-04 14:43:38,1.0,1.87,1.0,N,237,239,1,10.7,0.0,0.5,2.94,0.0,1.0,17.64,2.5,0.0,0.0
2,2025-01-17 23:04:58,2025-01-17 23:49:22,4.0,12.08,1.0,N,186,182,1,57.6,1.0,0.5,4.0,0.0,1.0,67.35,2.5,0.0,0.75
2,2025-01-09 10:59:12,2025-01-09 11:14:44,1.0,1.52,1.0,N,142,100,2,14.9,0.0,0.5,0.0,0.0,1.0,19.65,2.5,0.0,0.75
1,2025-01-14 15:50:52,2025-01-14 16:11:12,1.0,3.1,1.0,N,161,151,1,19.1,3.25,0.5,4.75,0.0,1.0,28.6,2.5,0.0,0.75
2,2025-01-03 07:14:31,2025-01-03 07:38:26,4.0,6.06,1.0,N,132,197,4,31.0,0.0,0.5,0.0,0.0,1.0,34.25,0.0,1.75,0.0
1,2025-01-24 10:53:46,2025-01-24 11:43:37,1.0,5.6,99.0,N,114,75,1,27.5,0.0,0.5,0.0,0.0,0.0,28.0,0.0,0.0,0.0
2,2025-01-18 14:38:44,2025-01-18 14:51:02,3.0,1.6,1.0,N,158,79,1,12.1,0.0,0.5,3.37,0.0,1.0,20.22,2.5,0.0,0.75
2,2025-01-26 03:02:07,2025-01-26 03:03:36,1.0,0.2,5.0,N,234,186,1,35.0,0.0,0.0,2.0,0.0,1.0,41.25,2.5,0.0,0.75
1,2025-01-13 23:09:05,2025-01-13 23:36:49,0.0,0.0,99.0,N,67,39,1,40.5,0.0,0.5,0.0,0.0,1.0,42.0,0.0,0.0,0.0
2,2025-01-17 18:47:21,2025-01-17 18:59:46,1.0,1.62,1.0,N,170,163,1,12.8,2.5,0.5,4.01,0.0,1.0,24.06,2.5,0.0,0.75
2,2025-01-09 17:15:46,2025-01-09 17:23:14,1.0,0.99,1.0,N,236,263,2,7.9,2.5,0.5,0.0,0.0,1.0,14.4,2.5,0.0,0.0
2,2025-01-03 07:45:28,2025-01-03 07:48:31,1.0,0.79,1.0,N,48,50,2,5.8,0.0,0.5,0.0,0.0,1.0,9.8,2.5,0.0,0.0
2,2025-01-12 19:20:01,2025-01-12 19:34:07,2.0,8.19,1.0,N,138,137,1,31.7,5.0,0.5,14.52,6.94,1.0,64.66,2.5,1.75,0.75
1,2025-01-17 22:14:27,2025-01-17 22:19:30,3.0,0.6,1.0,N,249,211,1,5.8,4.25,0.5,2.0,0.0,1.0,13.55,2.5,0.0,0.75
1,2025-01-30 13:30:14,2025-01-30 13:45:48,1.0,1.5,1.0,N,161,237,1,12.8,3.25,0.5,4.35,0.0,1.0,21.9,2.5,0.0,0.75
1,2025-01-13 16:32:28,2025-01-13 17:00:36,,6.4,,,140,66,0,28.92,0.0,0.5,0.0,0.0,1.0,32.92,,,0.0
2,2025-01-31 14:30:17,2025-01-31 14:35:51,1.0,0.74,1.0,N,236,236,1,7.2,0.0,0.5,2.0,0.0,1.0,13.2,2.5,0.0,0.0
2,2025-01-14 09:26:11,2025-01-14 10:18:32,1.0,9.17,1.0,N,138,161,1,52.0,5.0,0.5,13.74,6.94,1.0,84.18,2.5,1.75,0.75
2,2025-01-09 21:52:51,2025-01-09 22:11:52,,2.42,,,163,234,0,13.17,0.0,0.5,0.0,0.0,1.0,17.92,,,0.75
2,2025-01-21 02:12:52,2025-01-21 02:29:36,1.0,5.5,1.0,N,164,42,2,24.0,1.0,0.5,0.0,0.0,1.0,29.75,2.5,0.0,0.75
2,2025-01-19 14:39:58,2025-01-19 14:44:56,1.0,0.98,1.0,N,233,107,1,7.2,0.0,0.5,2.39,0.0,1.0,14.34,2.5,0.0,0.75
2,2025-01-20 23:35:47,2025-01-20 23:57:01,,10.06,,,107,244,0,31.37,0.0,0.5,0.0,0.0,1.0,36.12,,,0.75
1,2025-01-31 15:04:22,2025-01-31 15:25:47,1.0,1.7,1.0,N,237,238,1,17.7,2.5,0.5,4.35,0.0,1.0,26.05,2.5,0.0,0.0
2,2025-01-28 21:23:14,2025-01-28 21:27:32,2.0,0.91,1.0,N,163,141,1,7.2,1.0,0.5,2.5,0.0,1.0,15.45,2.5,0.0,0.75
2,2025-01-02 14:56:55,2025-01-02 16:01:19,1.0,20.65,2.0,N,132,237,1,70.0,0.0,0.5,16.19,6.94,1.0,97.13,2.5,0.0,0.0
2,2025-01-24 19:50:01,2025-01-24 20:08:43,2.0,2.01,1.0,N,13,249,1,17.7,2.5,0.5,2.0,0.0,1.0,26.95,2.5,0.0,0.75
2,2025-01-15 21:34:22,2025-01-15 21:53:56,1.0,5.0,1.0,N,211,236,1,24.0,1.0,0.5,4.46,0.0,1.0,34.21,2.5,0.0,0.75
2,2025-01-24 20:48:12,2025-01-24 21:00:42,2.0,1.16,1.0,N,79,249,1,12.1,1.0,0.5,3.57,0.0,1.0,21.42,2.5,0.0,0.75
2,2025-01-06 18:44:44,2025-01-06 18:52:54,1.0,1.44,1.0,N,246,186,1,10.0,2.5,0.5,3.45,0.0,1.0,20.7,2.5,0.0,0.75
2,2025-01-15 16:17:19,2025-01-15 16:36:44,,2.93,,,238,230,0,20.76,0.0,0.5,0.0,0.0,1.0,25.51,,,0.75
2,2025-01-18 08:02:28,2025-01-18 08:11:24,1.0,1.25,1.0,N,262,43,1,10.0,0.0,0.5,2.1,0.0,1.0,16.1,2.5,0.0,0.0
2,2025-01-09 06:31:12,2025-01-09 06:36:39,1.0,1.19,1.0,N,100,142,4,-7.9,0.0,-0.5,0.0,0.0,-1.0,-12.65,-2.5,0.0,0.0
2,2025-01-20 13:56:24,2025-01-20 14:04:18,,1.04,,,82,82,0,6.96,0.0,0.5,0.0,0.0,1.0,8.46,,,0.0
2,2025-01-18 18:11:53,2025-01-18 18:20:31,1.0,1.38,1.0,N,43,142,1,10.7,0.0,0.5,2.94,0.0,1.0,17.64,2.5,0.0,0.0
1,2025-01-18 08:45:13,2025-01-18 08:50:33,1.0,0.8,1.0,N,50,246,1,6.5,3.25,0.5,1.0,0.0,1.0,12.25,2.5,0.0,0.75
1,2025-01-08 23:56:43,2025-01-09 00:14:08,1.0,9.8,4.0,N,132,19,2,45.7,2.75,0.5,0.0,0.0,1.0,49.95,0.0,1.75,0.0
2,2025-01-16 23:04:59,2025-01-16 23:13:22,1.0,1.95,1.0,N,90,231,1,10.7,1.0,0.5,4.11,0.0,1.0,20.56,2.5,0.0,0.75
2,2025-01-29 19:46:13,2025-01-29 19:51:23,1.0,0.74,1.0,N,79,144,1,7.2,2.5,0.5,1.0,0.0,1.0,15.45,2.5,0.0,0.75
1,2025-01-12 20:10:03,2025-01-12 20:14:54,1.0,0.4,1.0,N,143,143,1,6.5,3.5,0.5,2.0,0.0,1.0,13.5,2.5,0.0,0.0
2,2025-01-26 00:55:20,2025-01-26 01:07:15,,2.4,,,148,137,0,17.29,0.0,0.5,0.0,0.0,1.0,22.04,,,0.75
2,2025-01-11 22:28:23,2025-01-11 22:38:45,1.0,1.68,1.0,N,246,90,1,12.1,1.0,0.5,4.46,0.0,1.0,22.31,2.5,0.0,0.75
2,2025-01-11 09:25:33,2025-01-11 09:34:07,1.0,2.35,1.0,N,234,237,1,12.1,0.0,0.5,1.0,0.0,1.0,17.85,2.5,0.0,0.75
2,2025-01-23 18:57:42,2025-01-23 19:03:04,1.0,0.51,1.0,N,237,237,2,6.5,2.5,0.5,0.0,0.0,1.0,13.0,2.5,0.0,0.0
2,2025-01-15 15:31:37,2025-01-15 15:44:14,,1.07,,,161,100,0,-4.75,0.0,0.5,0.0,0.0,1.0,4.03,,,0.75
1,2025-01-14 13:34:02,2025-01-14 13:44:50,,1.5,,,142,162,0,12.1,0.0,0.5,2.53,0.0,1.0,19.38,,,0.75
2,2025-01-12 01:36:43,2025-01-12 01:52:29,,3.24,,,148,141,0,23.55,0.0,0.5,0.0,0.0,1.0,28.3,,,0.75
1,2025-01-11 02:32:54,2025-01-11 02:33:25,1.0,0.0,5.0,N,79,79,1,30.0,0.75,0.0,0.0,0.0,1.0,31.75,0.0,0.0,0.75
2,2025-01-10 18:03:29,2025-01-10 18:15:04,,0.0,,,125,246,0,13.39,0.0,0.5,0.0,0.0,1.0,18.14,,,0.75
2,2025-01-26 17:11:22,2025-01-26 17:31:39,1.0,2.45,1.0,N,161,158,1,18.4,0.0,0.5,4.63,0.0,1.0,27.78,2.5,0.0,0.75
2,2025-01-21 00:18:24,2025-01-21 00:59:43,2.0,18.6,2.0,N,132,48,1,70.0,0.0,0.5,16.34,6.94,1.0,99.78,2.5,1.75,0.75
2,2025-01-15 08:16:28,2025-01-15 08:32:08,1.0,2.58,1.0,N,236,161,1,15.6,0.0,0.5,5.09,0.0,1.0,25.44,2.5,0.0,0.75
2,2025-01-17 14:15:02,2025-01-17 14:35:51,2.0,3.27,1.0,N,249,163,1,20.5,0.0,0.5,7.58,0.0,1.0,32.83,2.5,0.0,0.75
1,2025-01-24 17:13:10,2025-01-24 17:25:40,1.0,1.7,1.0,N,239,237,1,12.1,5.0,0.5,3.7,0.0,1.0,22.3,2.5,0.0,0.0
2,2025-01-31 06:21:30,2025-01-31 06:48:07,,5.0,,,61,79,0,26.67,0.0,0.5,0.0,0.0,1.0,31.42,,,0.75
2,2025-01-12 21:27:47,2025-01-12 21:36:01,2.0,1.61,1.0,N,239,145,1,10.7,1.0,0.5,3.29,0.0,1.0,19.74,2.5,0.0,0.75
2,2025-01-07 09:19:05,2025-01-07 09:24:25,1.0,0.91,1.0,N,140,229,1,7.2,0.0,0.5,2.39,0.0,1.0,14.34,2.5,0.0,0.75
2,2025-01-23 20:06:53,2025-01-23 20:26:48,1.0,3.08,1.0,N,234,229,1,20.5,1.0,0.5,5.25,0.0,1.0,31.5,2.5,0.0,0.75
1,2025-01-07 19:38:19,2025-01-07 19:49:15,1.0,2.0,1.0,N,141,142,1,10.7,5.0,0.5,5.15,0.0,1.0,22.35,2.5,0.0,0.0
2,2025-01-29 10:47:18,2025-01-29 10:58:02,1.0,1.07,1.0,N,237,140,1,10.7,0.0,0.5,2.94,0.0,1.0,17.64,2.5,0.0,0.0
2,2025-01-25 23:14:09,2025-01-25 23:19:43,,1.07,,,263,141,0,7.61,0.0,0.5,0.0,0.0,1.0,11.61,,,0.0
2,2025-01-05 07:12:21,2025-01-05 07:17:58,3.0,0.91,1.0,N,230,68,1,7.2,0.0,0.5,2.39,0.0,1.0,14.34,2.5,0.0,0.75
2,2025-01-17 13:32:40,2025-01-17 13:59:26,3.0,9.23,1.0,N,138,164,1,40.8,5.0,0.5,11.5,6.94,1.0,70.74,2.5,1.75,0.75
1,2025-01-28 07:45:04,2025-01-28 08:01:35,,2.4,,,223,226,0,20.08,0.0,0.5,0.0,0.0,1.0,21.58,,,0.0
2,2025-01-01 01:59:59,2025-01-01 02:24:56,1.0,4.72,1.0,N,164,202,1,26.1,1.0,0.5,2.0,0.0,1.0,33.1,2.5,0.0,0.0
2,2025-01-10 15:06:10,2025-01-10 15:18:11,,1.4,,,163,48,0,12.06,0.0,0.5,0.0,0.0,1.0,16.81,,,0.75
2,2025-01-19 18:07:00,2025-01-19 18:14:00,,1.09,,,213,213,0,6.02,0.0,0.5,0.0,0.0,1.0,7.52,,,0.0
1,2025-01-28 16:38:50,2025-01-28 17:38:47,1.0,12.2,1.0,N,138,181,1,59.0,9.25,0.5,13.95,0.0,1.0,83.7,0.0,1.75,0.0
2,2025-01-19 12:30:53,2025-01-19 12:46:53,1.0,6.79,1.0,N,231,262,1,28.9,0.0,0.5,3.0,0.0,1.0,36.65,2.5,0.0,0.75
2,2025-01-25 17:34:53,2025-01-25 17:40:38,1.0,0.34,1.0,N,233,170,1,5.8,0.0,0.5,1.58,0.0,1.0,12.13,2.5,0.0,0.75
1,2025-01-03 17:04:15,2025-01-03 17:14:01,1.0,1.1,1.0,N,107,79,2,9.3,5.0,0.5,0.0,0.0,1.0,15.8,2.5,0.0,0.0
2,2025-01-23 21:35:49,2025-01-23 21:49:54,,1.73,,,113,231,0,11.75,0.0,0.5,0.0,0.0,1.0,16.5,,,0.75
2,2025-01-25 03:29:49,2025-01-25 03:36:31,,0.88,,,144,231,0,7.2,0.0,0.5,0.0,0.0,1.0,11.95,,,0.75
2,2025-01-09 21:59:30,2025-01-09 22:12:13,1.0,1.93,1.0,N,151,41,1,13.5,1.0,0.5,3.2,0.0,1.0,19.2,0.0,0.0,0.0
2,2025-01-27 16:20:39,2025-01-27 16:33:44,2.0,0.0,1.0,N,142,233,2,12.1,2.5,0.5,0.0,0.0,1.0,19.35,2.5,0.0,0.75
2,2025-01-21 11:33:48,2025-01-21 12:05:50,1.0,3.34,1.0,N,68,237,1,28.2,0.0,0.5,6.59,0.0,1.0,39.54,2.5,0.0,0.75
2,2025-01-27 07:11:27,2025-01-27 07:17:10,1.0,0.88,1.0,N,186,234,4,-7.2,0.0,-0.5,0.0,0.0,-1.0,-11.95,-2.5,0.0,-0.75
1,2025-01-28 17:55:53,2025-01-28 18:07:25,2.0,0.8,1.0,N,142,230,2,11.4,5.75,0.5,0.0,0.0,1.0,18.65,2.5,0.0,0.75
2,2025-01-18 22:31:46,2025-01-18 22:39:06,1.0,1.12,1.0,N,230,142,1,8.6,1.0,0.5,2.87,0.0,1.0,17.22,2.5,0.0,0.75
2,2025-01-23 21:53:46,2025-01-23 22:31:06,1.0,20.39,2.0,N,132,236,1,70.0,0.0,0.5,16.19,6.94,1.0,98.88,2.5,1.75,0.0
2,2025-01-07 13:42:24,2025-01-07 14:04:09,1.0,3.1,1.0,N,79,237,2,21.2,0.0,0.5,0.0,0.0,1.0,25.95,2.5,0.0,0.75
1,2025-01-30 12:12:34,2025-01-30 12:21:07,0.0,0.0,1.0,N,164,233,2,8.6,3.25,0.5,0.0,0.0,1.0,13.35,2.5,0.0,0.75
2,2025-01-28 11:51:34,2025-01-28 12:00:28,1.0,1.14,1.0,N,263,237,1,10.0,0.0,0.5,3.5,0.0,1.0,17.5,2.5,0.0,0.0
1,2025-01-26 22:18:50,2025-01-26 22:33:31,1.0,3.8,1.0,N,249,141,3,17.7,4.25,0.5,0.0,0.0,1.0,23.45,2.5,0.0,0.75
2,2025-01-29 12:30:29,2025-01-29 12:45:52,1.0,1.7,1.0,N,140,163,1,14.9,0.0,0.5,4.91,0.0,1.0,24.56,2.5,0.0,0.75
2,2025-01-30 21:54:49,2025-01-30 22:04:18,2.0,1.6,1.0,N,142,100,1,10.7,1.0,0.5,3.29,0.0,1.0,19.74,2.5,0.0,0.75
2,2025-01-01 15:45:31,2025-01-01 16:06:06,1.0,3.4,1.0,N,68,141,1,20.5,0.0,0.5,4.9,0.0,1.0,29.4,2.5,0.0,0.0
2,2025-01-25 17:45:27,2025-01-25 18:04:07,1.0,1.72,1.0,N,68,170,1,16.3,0.0,0.5,4.21,0.0,1.0,25.26,2.5,0.0,0.75
1,2025-01-14 16:53:35,2025-01-14 17:43:58,1.0,18.1,1.0,N,132,145,1,69.5,4.25,0.5,18.8,0.0,1.0,94.05,0.0,1.75,0.0
2,2025-01-22 18:51:03,2025-01-22 19:07:44,,2.32,,,170,163,0,14.43,0.0,0.5,0.0,0.0,1.0,19.18,,,0.75
1,2025-01-15 16:15:36,2025-01-15 16:27:14,1.0,1.5,1.0,N,234,48,2,12.1,5.75,0.5,0.0,0.0,1.0,19.35,2.5,0.0,0.75
2,2025-01-02 16:00:44,2025-01-02 16:12:46,1.0,1.24,1.0,N,186,230,1,11.4,2.5,0.5,3.58,0.0,1.0,21.48,2.5,0.0,0.0
2,2025-01-08 21:15:40,2025-01-08 21:22:59,1.0,1.88,1.0,N,230,238,1,10.7,1.0,0.5,4.11,0.0,1.0,20.56,2.5,0.0,0.75
2,2025-01-01 05:38:19,2025-01-01 05:48:59,,1.65,,,36,37,0,1.89,0.0,0.5,0.0,0.0,1.0,6.82,,,0.0
2,2025-01-21 08:52:40,2025-01-21 09:02:09,1.0,1.75,1.0,N,143,48,1,11.4,0.0,0.5,2.0,0.0,1.0,18.15,2.5,0.0,0.75
2,2025-01-30 20:18:30,2025-01-30 20:30:37,1.0,4.94,1.0,N,132,130,4,20.5,1.0,0.5,0.0,0.0,1.0,24.75,0.0,1.75,0.0
2,2025-01-31 08:19:17,2025-01-31 08:32:27,1.0,1.15,1.0,N,229,163,1,12.1,0.0,0.5,4.0,0.0,1.0,20.85,2.5,0.0,0.75
2,2025-01-03 18:39:31,2025-01-03 19:26:59,4.0,18.25,2.0,N,132,114,1,70.0,5.0,0.5,15.8,0.0,1.0,96.55,2.5,1.75,0.0
2,2025-01-18 15:17:03,2025-01-18 15:26:33,,1.33,,,223,223,0,9.08,0.0,0.5,0.0,0.0,1.0,10.58,,,0.0
2,2025-01-06 15:12:05,2025-01-06 15:30:50,1.0,1.77,1.0,N,143,141,1,17.7,0.0,0.5,0.0,0.0,1.0,22.45,2.5,0.0,0.75
